品种,模型版本,目标变量,变量,标准化系数,影响强度_绝对值,p值,显著性,方向,强弱排名
1#白银,候选全变量模型v2,1#白银_价格月环比,电线电缆光缆及电工器材制造PPI_环比,0.4977975812342099,0.4977975812342099,0.0022302114340273,***,正向,1
1#白银,候选全变量模型v2,1#白银_价格月环比,中国贸易政策不确定性指数_变化,-0.4183055919114375,0.4183055919114375,0.023977993739228,**,负向,2
1#白银,候选全变量模型v2,1#白银_价格月环比,工业增加值同比增长,0.4004640533120847,0.4004640533120847,0.0532385986183001,*,正向,3
1#白银,候选全变量模型v2,1#白银_价格月环比,COVID供应链冲击,0.3924796395989018,0.3924796395989018,0.0020210886952829,***,正向,4
1#白银,候选全变量模型v2,1#白银_价格月环比,中国经济政策不确定性指数_变化,0.3840627768497444,0.3840627768497444,0.0522023206856274,*,正向,5
1#白银,候选全变量模型v2,1#白银_价格月环比,当月出口额环比增长,-0.1772864125331537,0.1772864125331537,0.1628175660912904,不显著,负向,6
1#白银,候选全变量模型v2,1#白银_价格月环比,光缆产量当期值_环比,0.126105277344912,0.126105277344912,0.332663624171441,不显著,正向,7
1#白银,候选全变量模型v2,1#白银_价格月环比,PPI当月同比增长,-0.1209956686538479,0.1209956686538479,0.3799135792992196,不显著,负向,8
1#白银,候选全变量模型v2,1#白银_价格月环比,企业商品价格矿产品环比增长,0.119068655463214,0.119068655463214,0.2998991657123202,不显著,正向,9
1#白银,候选全变量模型v2,1#白银_价格月环比,发电量当期值_环比,-0.1122264070634605,0.1122264070634605,0.3092912486003821,不显著,负向,10
1#白银,候选全变量模型v2,1#白银_价格月环比,制造业PMI_变化,-0.0836517718257096,0.0836517718257096,0.6393820790499354,不显著,负向,11
1#白银,候选全变量模型v2,1#白银_价格月环比,能源价格冲击,0.0590857339568734,0.0590857339568734,0.6025517689793138,不显著,正向,12
1#白银,候选全变量模型v2,1#白银_价格月环比,地缘政治冲击,-0.0540249440318826,0.0540249440318826,0.6705751979196888,不显著,负向,13
1#铜,候选全变量模型v2,1#铜_价格月环比,SHFE铜主连收盘价_环比,0.574335242528781,0.574335242528781,2.8718212560699057e-07,***,正向,1
1#铜,候选全变量模型v2,1#铜_价格月环比,电线电缆光缆及电工器材制造PPI_环比,0.405707865679662,0.405707865679662,0.0010092932383513,***,正向,2
1#铜,候选全变量模型v2,1#铜_价格月环比,工业增加值同比增长,0.348802277830518,0.348802277830518,0.1343397990173004,不显著,正向,3
1#铜,候选全变量模型v2,1#铜_价格月环比,运输扰动冲击,0.2924816585712882,0.2924816585712882,0.0605561109023627,*,正向,4
1#铜,候选全变量模型v2,1#铜_价格月环比,PPI当月同比增长,0.2184446543488671,0.2184446543488671,0.0040924949351332,***,正向,5
1#铜,候选全变量模型v2,1#铜_价格月环比,SHFE铜仓单库存_环比,0.1841442591684825,0.1841442591684825,0.240738242961887,不显著,正向,6
1#铜,候选全变量模型v2,1#铜_价格月环比,中国贸易政策不确定性指数_变化,0.1826919286674507,0.1826919286674507,0.2621902529976511,不显著,正向,7
1#铜,候选全变量模型v2,1#铜_价格月环比,中国经济政策不确定性指数_变化,-0.1342425241431903,0.1342425241431903,0.5784630791358325,不显著,负向,8
1#铜,候选全变量模型v2,1#铜_价格月环比,SHFE铜主连成交量_环比,-0.1270138204368313,0.1270138204368313,0.210774973448548,不显著,负向,9
1#铜,候选全变量模型v2,1#铜_价格月环比,SHFE铜主连持仓量_环比,-0.1062066907957606,0.1062066907957606,0.480269198887027,不显著,负向,10
1#铜,候选全变量模型v2,1#铜_价格月环比,制造业PMI_变化,0.0885563923979171,0.0885563923979171,0.60123071927614,不显著,正向,11
1#铜,候选全变量模型v2,1#铜_价格月环比,企业商品价格矿产品环比增长,0.0816946278944696,0.0816946278944696,0.6261306468543081,不显著,正向,12
1#铜,候选全变量模型v2,1#铜_价格月环比,地缘政治冲击,0.074968731462087,0.074968731462087,0.5866086074558967,不显著,正向,13
1#铜,候选全变量模型v2,1#铜_价格月环比,光缆产量当期值_环比,-0.0577118219953757,0.0577118219953757,0.629864520390224,不显著,负向,14
1#铜,候选全变量模型v2,1#铜_价格月环比,当月进口额环比增长,-0.0559489348191138,0.0559489348191138,0.6215398782187269,不显著,负向,15
1#铜,候选全变量模型v2,1#铜_价格月环比,房地产开发景气指数环比,-0.0368468713986228,0.0368468713986228,0.7466190276363539,不显著,负向,16
1#铜,候选全变量模型v2,1#铜_价格月环比,COVID供应链冲击,-0.0245243256496093,0.0245243256496093,0.9293124718355062,不显著,负向,17
A00铝,候选全变量模型v2,A00铝_价格月环比,SHFE铝主连收盘价_环比,0.7051192519103089,0.7051192519103089,7.286302451871131e-16,***,正向,1
A00铝,候选全变量模型v2,A00铝_价格月环比,环保限产冲击,-0.6970876177098754,0.6970876177098754,3.912532215908229e-07,***,负向,2
A00铝,候选全变量模型v2,A00铝_价格月环比,家用电冰箱产量当期值_环比,-0.6562912495528236,0.6562912495528236,0.0005345924667449,***,负向,3
A00铝,候选全变量模型v2,A00铝_价格月环比,COVID供应链冲击,-0.5622365523710956,0.5622365523710956,0.0007021147001481,***,负向,4
A00铝,候选全变量模型v2,A00铝_价格月环比,房间空气调节器产量当期值_环比,0.4981276194293942,0.4981276194293942,0.0010240068498803,***,正向,5
A00铝,候选全变量模型v2,A00铝_价格月环比,汽车销量Top50厂商合计_环比,0.48723546608959,0.48723546608959,0.186304239266859,不显著,正向,6
A00铝,候选全变量模型v2,A00铝_价格月环比,中国经济政策不确定性指数_变化,-0.2464832099934683,0.2464832099934683,0.069350987202229,*,负向,7
A00铝,候选全变量模型v2,A00铝_价格月环比,房地产开发景气指数环比,-0.2415253204856236,0.2415253204856236,0.0944316660012721,*,负向,8
A00铝,候选全变量模型v2,A00铝_价格月环比,企业商品价格煤油电环比增长,0.1878538210293022,0.1878538210293022,0.0191946759859564,**,正向,9
A00铝,候选全变量模型v2,A00铝_价格月环比,中国贸易政策不确定性指数_变化,-0.1873611887161347,0.1873611887161347,0.0928600979631778,*,负向,10
A00铝,候选全变量模型v2,A00铝_价格月环比,SHFE铝仓单库存_环比,0.1820158966957649,0.1820158966957649,0.1442945483210817,不显著,正向,11
A00铝,候选全变量模型v2,A00铝_价格月环比,ADC12_A00价差_滞后1期变化,0.1724853399403579,0.1724853399403579,0.1293490151453709,不显著,正向,12
A00铝,候选全变量模型v2,A00铝_价格月环比,能源价格冲击,0.12305129263729,0.12305129263729,0.3859190352253051,不显著,正向,13
A00铝,候选全变量模型v2,A00铝_价格月环比,限电政策冲击,0.1168074853517796,0.1168074853517796,0.2682801333552884,不显著,正向,14
A00铝,候选全变量模型v2,A00铝_价格月环比,SHFE铝主连成交量_环比,-0.1035064492439439,0.1035064492439439,0.1758561295838764,不显著,负向,15
A00铝,候选全变量模型v2,A00铝_价格月环比,制造业PMI_变化,-0.0771890454666231,0.0771890454666231,0.6166254190657887,不显著,负向,16
A00铝,候选全变量模型v2,A00铝_价格月环比,企业商品价格矿产品环比增长,0.0626526023629468,0.0626526023629468,0.6309506895930762,不显著,正向,17
A00铝,候选全变量模型v2,A00铝_价格月环比,SHFE铝主连持仓量_环比,0.0371746093752097,0.0371746093752097,0.6111269540322501,不显著,正向,18
A00铝,候选全变量模型v2,A00铝_价格月环比,PPI当月同比增长,0.0093181975342586,0.0093181975342586,0.9486011586845084,不显著,正向,19
A00铝,候选全变量模型v2,A00铝_价格月环比,汽车产量当期值_环比,-0.006275935758732,0.006275935758732,0.9857502881647368,不显著,负向,20
ADC12,候选全变量模型v2,ADC12_价格月环比,汽车产量当期值_环比,1.0441232001234448,1.0441232001234448,0.0001075082947162,***,正向,1
ADC12,候选全变量模型v2,ADC12_价格月环比,汽车销量Top50厂商合计_环比,-0.9234300476736782,0.9234300476736782,9.614776365224378e-05,***,负向,2
ADC12,候选全变量模型v2,ADC12_价格月环比,A00铝_价格月环比,0.7469884399680544,0.7469884399680544,3.531054716666389e-17,***,正向,3
ADC12,候选全变量模型v2,ADC12_价格月环比,限电政策冲击,0.2042775049890733,0.2042775049890733,0.0766887193413791,*,正向,4
ADC12,候选全变量模型v2,ADC12_价格月环比,工业增加值同比增长,0.1085958100277025,0.1085958100277025,0.375132885429226,不显著,正向,5
ADC12,候选全变量模型v2,ADC12_价格月环比,制造业PMI_变化,-0.1081825761584223,0.1081825761584223,0.2910202746673225,不显著,负向,6
ADC12,候选全变量模型v2,ADC12_价格月环比,运输扰动冲击,0.1015178607762512,0.1015178607762512,0.0375219547254535,**,正向,7
ADC12,候选全变量模型v2,ADC12_价格月环比,COVID供应链冲击,0.1015178607762511,0.1015178607762511,0.0375219547254539,**,正向,8
ADC12,候选全变量模型v2,ADC12_价格月环比,环保限产冲击,-0.0792763675018827,0.0792763675018827,0.4385924873792967,不显著,负向,9
ADC12,候选全变量模型v2,ADC12_价格月环比,ADC12_A00价差_滞后1期变化,0.0790482706312175,0.0790482706312175,0.216910730206058,不显著,正向,10
ADC12,候选全变量模型v2,ADC12_价格月环比,中国经济政策不确定性指数_变化,0.0772843674101781,0.0772843674101781,0.1636957331427276,不显著,正向,11
ADC12,候选全变量模型v2,ADC12_价格月环比,新能源汽车产量当期值_环比,-0.0733673081085666,0.0733673081085666,0.2309960010518337,不显著,负向,12
ADC12,候选全变量模型v2,ADC12_价格月环比,企业商品价格煤油电环比增长,0.0611714184132298,0.0611714184132298,0.4577097306421923,不显著,正向,13
ADC12,候选全变量模型v2,ADC12_价格月环比,PPI当月同比增长,-0.0285022710196932,0.0285022710196932,0.8597034428424695,不显著,负向,14
ADC12,候选全变量模型v2,ADC12_价格月环比,SHFE铝仓单库存_环比,0.0039779033560332,0.0039779033560332,0.9461064457229388,不显著,正向,15
ZLD104,候选全变量模型v2,ZLD104_价格月环比,A00铝_价格月环比,0.7050118836084193,0.7050118836084193,2.5626343256647037e-56,***,正向,1
ZLD104,候选全变量模型v2,ZLD104_价格月环比,PPI当月同比增长,-0.231819238920159,0.231819238920159,4.319003638997619e-07,***,负向,2
ZLD104,候选全变量模型v2,ZLD104_价格月环比,发电量当期值_环比,-0.2251005762571081,0.2251005762571081,4.998748268960517e-09,***,负向,3
ZLD104,候选全变量模型v2,ZLD104_价格月环比,COVID供应链冲击,0.1810047157368697,0.1810047157368697,3.799959193083498e-07,***,正向,4
ZLD104,候选全变量模型v2,ZLD104_价格月环比,中国经济政策不确定性指数_变化,0.1226397347993141,0.1226397347993141,2.961957119630109e-06,***,正向,5
ZLD104,候选全变量模型v2,ZLD104_价格月环比,SHFE铝仓单库存_环比,0.0904525147843517,0.0904525147843517,0.0200869454393425,**,正向,6
ZLD104,候选全变量模型v2,ZLD104_价格月环比,制造业PMI_变化,0.0685671204214292,0.0685671204214292,0.0482821490744959,**,正向,7
ZLD104,候选全变量模型v2,ZLD104_价格月环比,企业商品价格煤油电环比增长,0.0339440708983955,0.0339440708983955,0.3219704765859901,不显著,正向,8
ZLD104,候选全变量模型v2,ZLD104_价格月环比,非制造业PMI_变化,-0.03391106498329,0.03391106498329,0.5585752281804344,不显著,负向,9
ZLD104,候选全变量模型v2,ZLD104_价格月环比,限电政策冲击,0.0325188240660579,0.0325188240660579,0.2347019491725178,不显著,正向,10
ZLD104,候选全变量模型v2,ZLD104_价格月环比,ZLD104_A00价差_滞后1期变化,-0.0311385142474801,0.0311385142474801,0.4021338118441321,不显著,负向,11
ZLD104,候选全变量模型v2,ZLD104_价格月环比,工业增加值同比增长,0.0237854733599085,0.0237854733599085,0.5882889374352855,不显著,正向,12
ZLD104,候选全变量模型v2,ZLD104_价格月环比,房地产开发景气指数环比,0.0227674610970619,0.0227674610970619,0.3553934896836338,不显著,正向,13
ZLD104,候选全变量模型v2,ZLD104_价格月环比,发电机组产量当期值_环比,-0.0134046556616544,0.0134046556616544,0.6905130023723632,不显著,负向,14
