品种,目标变量,变量,标准化系数,影响强度_绝对值,p值,显著性,回归方向,强弱排名
1#铜,1#铜_价格月环比,SHFE铜主连收盘价_环比,0.566673184538266,0.566673184538266,7.126614797474494e-09,***,正向,1
1#铜,1#铜_价格月环比,电线电缆光缆及电工器材制造PPI_环比,0.3394537529302808,0.3394537529302808,0.003884218934161492,***,正向,2
1#铜,1#铜_价格月环比,PPI当月同比增长,0.18979218780560447,0.18979218780560447,0.032341689165981714,**,正向,3
1#铜,1#铜_价格月环比,SHFE铜主连成交量_环比,-0.17197090014558675,0.17197090014558675,0.06113713689947376,*,负向,4
1#铜,1#铜_价格月环比,中国贸易政策不确定性指数_变化,0.16699660558588442,0.16699660558588442,0.3680451770380415,不显著,正向,5
1#铜,1#铜_价格月环比,SHFE铜仓单库存_环比,0.13204598394938674,0.13204598394938674,0.3236373168053651,不显著,正向,6
1#铜,1#铜_价格月环比,当月进口额环比增长,-0.13117583557852142,0.13117583557852142,0.225354473423935,不显著,负向,7
1#铜,1#铜_价格月环比,工业增加值同比增长,0.12452095665222952,0.12452095665222952,0.2517085512997975,不显著,正向,8
1#铜,1#铜_价格月环比,企业商品价格矿产品环比增长,0.12303615833117276,0.12303615833117276,0.418236508771905,不显著,正向,9
1#铜,1#铜_价格月环比,房地产开发景气指数环比,-0.0916983024223149,0.0916983024223149,0.2906762327316498,不显著,负向,10
1#铜,1#铜_价格月环比,制造业PMI_变化,0.08163524285140615,0.08163524285140615,0.6016156940496954,不显著,正向,11
1#铜,1#铜_价格月环比,中国经济政策不确定性指数_变化,-0.06680430072744284,0.06680430072744284,0.7558903753756776,不显著,负向,12
1#铜,1#铜_价格月环比,SHFE铜主连持仓量_环比,-0.062053120117507896,0.062053120117507896,0.545802523277977,不显著,负向,13
1#铜,1#铜_价格月环比,光缆产量当期值_环比,0.03567534750674467,0.03567534750674467,0.7815367064781681,不显著,正向,14
A00铝,A00铝_价格月环比,汽车产量当期值_环比,0.6897318211392942,0.6897318211392942,0.02141230992706145,**,正向,1
A00铝,A00铝_价格月环比,SHFE铝主连收盘价_环比,0.5041301951719889,0.5041301951719889,6.12550068695807e-09,***,正向,2
A00铝,A00铝_价格月环比,制造业PMI_变化,-0.4506723078315959,0.4506723078315959,0.09298228509545263,*,负向,3
A00铝,A00铝_价格月环比,PPI当月同比增长,-0.37093666775527323,0.37093666775527323,0.013229240341536434,**,负向,4
A00铝,A00铝_价格月环比,ADC12_A00价差_滞后1期变化,0.35876172739248346,0.35876172739248346,0.0012351345840110647,***,正向,5
A00铝,A00铝_价格月环比,中国贸易政策不确定性指数_变化,-0.23306120007034062,0.23306120007034062,0.18425115524005564,不显著,负向,6
A00铝,A00铝_价格月环比,家用电冰箱产量当期值_环比,-0.19575474631440037,0.19575474631440037,0.12220841225176168,不显著,负向,7
A00铝,A00铝_价格月环比,企业商品价格矿产品环比增长,0.1947287444176604,0.1947287444176604,0.11923626036675007,不显著,正向,8
A00铝,A00铝_价格月环比,企业商品价格煤油电环比增长,0.19392600099949275,0.19392600099949275,0.0854203542379879,*,正向,9
A00铝,A00铝_价格月环比,汽车销量Top50厂商合计_环比,-0.1881580537094355,0.1881580537094355,0.5145349915980898,不显著,负向,10
A00铝,A00铝_价格月环比,SHFE铝主连成交量_环比,0.16278207277905227,0.16278207277905227,0.011229660293309766,**,正向,11
A00铝,A00铝_价格月环比,中国经济政策不确定性指数_变化,-0.1535773754181865,0.1535773754181865,0.4075510391431052,不显著,负向,12
A00铝,A00铝_价格月环比,SHFE铝仓单库存_环比,0.13401786751738096,0.13401786751738096,0.39992764707744244,不显著,正向,13
A00铝,A00铝_价格月环比,房间空气调节器产量当期值_环比,0.08189304529897432,0.08189304529897432,0.533256475393673,不显著,正向,14
A00铝,A00铝_价格月环比,房地产开发景气指数环比,0.047075535595615545,0.047075535595615545,0.7163679652088637,不显著,正向,15
A00铝,A00铝_价格月环比,SHFE铝主连持仓量_环比,-0.03572019054684633,0.03572019054684633,0.8150144433151034,不显著,负向,16
1#白银,1#白银_价格月环比,中国贸易政策不确定性指数_变化,-0.4510802944369273,0.4510802944369273,0.025778338209225288,**,负向,1
1#白银,1#白银_价格月环比,电线电缆光缆及电工器材制造PPI_环比,0.39532659335351494,0.39532659335351494,0.009138587462511219,***,正向,2
1#白银,1#白银_价格月环比,中国经济政策不确定性指数_变化,0.394959931240073,0.394959931240073,0.07056417186430224,*,正向,3
1#白银,1#白银_价格月环比,企业商品价格矿产品环比增长,0.1987326516603622,0.1987326516603622,0.05817272000112747,*,正向,4
1#白银,1#白银_价格月环比,光缆产量当期值_环比,0.154999787067562,0.154999787067562,0.2890044941846316,不显著,正向,5
1#白银,1#白银_价格月环比,PPI当月同比增长,-0.14999580235910964,0.14999580235910964,0.19027329200934429,不显著,负向,6
1#白银,1#白银_价格月环比,发电量当期值_环比,-0.11525151408458427,0.11525151408458427,0.26107860741972533,不显著,负向,7
1#白银,1#白银_价格月环比,制造业PMI_变化,-0.10823743566405315,0.10823743566405315,0.5424513367209144,不显著,负向,8
1#白银,1#白银_价格月环比,工业增加值同比增长,0.09528439058437221,0.09528439058437221,0.277460257701587,不显著,正向,9
1#白银,1#白银_价格月环比,当月出口额环比增长,-0.0800530017840139,0.0800530017840139,0.5241565907593825,不显著,负向,10
ADC12,ADC12_价格月环比,汽车产量当期值_环比,0.8862792985255314,0.8862792985255314,0.0009336677708154844,***,正向,1
ADC12,ADC12_价格月环比,A00铝_价格月环比,0.8642377666943578,0.8642377666943578,2.4390297596021756e-21,***,正向,2
ADC12,ADC12_价格月环比,汽车销量Top50厂商合计_环比,-0.72774784833924,0.72774784833924,0.0027600029865360127,***,负向,3
ADC12,ADC12_价格月环比,制造业PMI_变化,-0.14562747726285044,0.14562747726285044,0.21370482483141984,不显著,负向,4
ADC12,ADC12_价格月环比,ADC12_A00价差_滞后1期变化,0.0985585799825955,0.0985585799825955,0.15714330097369,不显著,正向,5
ADC12,ADC12_价格月环比,企业商品价格煤油电环比增长,0.08602378388296822,0.08602378388296822,0.24787073178259555,不显著,正向,6
ADC12,ADC12_价格月环比,工业增加值同比增长,-0.08129476854977151,0.08129476854977151,0.31660665214701245,不显著,负向,7
ADC12,ADC12_价格月环比,中国经济政策不确定性指数_变化,0.05474681231012586,0.05474681231012586,0.43027526073839983,不显著,正向,8
ADC12,ADC12_价格月环比,新能源汽车产量当期值_环比,-0.02417954575985528,0.02417954575985528,0.705611898507946,不显著,负向,9
ADC12,ADC12_价格月环比,SHFE铝仓单库存_环比,0.015292085716005266,0.015292085716005266,0.8325446005407857,不显著,正向,10
ADC12,ADC12_价格月环比,PPI当月同比增长,0.0018989429033753336,0.0018989429033753336,0.9867417399918554,不显著,正向,11
ZLD104,ZLD104_价格月环比,A00铝_价格月环比,0.7493040465947803,0.7493040465947803,6.515035247370035e-32,***,正向,1
ZLD104,ZLD104_价格月环比,PPI当月同比增长,-0.17708104191772234,0.17708104191772234,0.000316574011763163,***,负向,2
ZLD104,ZLD104_价格月环比,发电量当期值_环比,-0.16519273458612876,0.16519273458612876,0.0001291117609705826,***,负向,3
ZLD104,ZLD104_价格月环比,非制造业PMI_变化,-0.11419383377250496,0.11419383377250496,0.08362458746506848,*,负向,4
ZLD104,ZLD104_价格月环比,中国经济政策不确定性指数_变化,0.1017847329892241,0.1017847329892241,0.002941880100430574,***,正向,5
ZLD104,ZLD104_价格月环比,SHFE铝仓单库存_环比,0.09827052774800471,0.09827052774800471,0.012786768455512118,**,正向,6
ZLD104,ZLD104_价格月环比,制造业PMI_变化,0.04822910128848823,0.04822910128848823,0.18067925382387517,不显著,正向,7
ZLD104,ZLD104_价格月环比,企业商品价格煤油电环比增长,0.0445081953087469,0.0445081953087469,0.23890336277529134,不显著,正向,8
ZLD104,ZLD104_价格月环比,房地产开发景气指数环比,0.03673642580830343,0.03673642580830343,0.07559384388602222,*,正向,9
ZLD104,ZLD104_价格月环比,工业增加值同比增长,-0.03421592031715916,0.03421592031715916,0.4771091643315971,不显著,负向,10
ZLD104,ZLD104_价格月环比,发电机组产量当期值_环比,0.02630167172639933,0.02630167172639933,0.46258838071189556,不显著,正向,11
ZLD104,ZLD104_价格月环比,ZLD104_A00价差_滞后1期变化,-0.019425344478161632,0.019425344478161632,0.5810953700446044,不显著,负向,12
