date,settlement_price,volume,open_interest,open_interest_change,contract,contract_count,source
2023-07-21,216492.8571428572,65439.0,8085.0,8085.0,ALL_CONTRACTS_MEAN,,GFEX LC all-contract simple mean settlement price
2023-07-24,189607.14285714287,53983.0,13122.0,5037.0,ALL_CONTRACTS_MEAN,,GFEX LC all-contract simple mean settlement price
2023-07-25,199228.57142857145,74253.0,15020.0,1898.0,ALL_CONTRACTS_MEAN,,GFEX LC all-contract simple mean settlement price
2023-07-26,210192.8571428572,109938.0,14508.0,-512.0,ALL_CONTRACTS_MEAN,,GFEX LC all-contract simple mean settlement price
2023-07-27,208207.14285714287,48989.0,15105.0,597.0,ALL_CONTRACTS_MEAN,,GFEX LC all-contract simple mean settlement price
2023-07-28,208450.0,46087.0,14780.0,-325.0,ALL_CONTRACTS_MEAN,,GFEX LC all-contract simple mean settlement price
2023-07-31,211492.8571428572,36088.0,15505.0,725.0,ALL_CONTRACTS_MEAN,,GFEX LC all-contract simple mean settlement price
2023-08-01,210492.8571428572,22147.0,15676.0,171.0,ALL_CONTRACTS_MEAN,,GFEX LC all-contract simple mean settlement price
2023-08-02,212171.4285714285,16943.0,15675.0,-1.0,ALL_CONTRACTS_MEAN,,GFEX LC all-contract simple mean settlement price
2023-08-03,212028.57142857145,21446.0,16230.0,555.0,ALL_CONTRACTS_MEAN,,GFEX LC all-contract simple mean settlement price
2023-08-04,213950.0,13859.0,16442.0,212.0,ALL_CONTRACTS_MEAN,,GFEX LC all-contract simple mean settlement price
2023-08-07,206585.7142857143,33521.0,18615.0,2173.0,ALL_CONTRACTS_MEAN,,GFEX LC all-contract simple mean settlement price
2023-08-08,202314.2857142857,31800.0,20447.0,1832.0,ALL_CONTRACTS_MEAN,,GFEX LC all-contract simple mean settlement price
2023-08-09,201607.14285714287,27109.0,20194.0,-253.0,ALL_CONTRACTS_MEAN,,GFEX LC all-contract simple mean settlement price
2023-08-10,199685.7142857143,33810.0,23910.0,3716.0,ALL_CONTRACTS_MEAN,,GFEX LC all-contract simple mean settlement price
2023-08-11,195128.57142857145,54389.0,25574.0,1664.0,ALL_CONTRACTS_MEAN,,GFEX LC all-contract simple mean settlement price
2023-08-14,189800.0,54541.0,31513.0,5939.0,ALL_CONTRACTS_MEAN,,GFEX LC all-contract simple mean settlement price
2023-08-15,179268.75,86930.0,35763.0,4250.0,ALL_CONTRACTS_MEAN,,GFEX LC all-contract simple mean settlement price
2023-08-16,182293.75,81487.0,34637.0,-1126.0,ALL_CONTRACTS_MEAN,,GFEX LC all-contract simple mean settlement price
2023-08-17,181312.5,72090.0,37164.0,2527.0,ALL_CONTRACTS_MEAN,,GFEX LC all-contract simple mean settlement price
2023-08-18,182362.5,44755.0,34426.0,-2738.0,ALL_CONTRACTS_MEAN,,GFEX LC all-contract simple mean settlement price
2023-08-21,186743.75,62490.0,32603.0,-1823.0,ALL_CONTRACTS_MEAN,,GFEX LC all-contract simple mean settlement price
2023-08-22,188775.0,57805.0,32402.0,-201.0,ALL_CONTRACTS_MEAN,,GFEX LC all-contract simple mean settlement price
2023-08-23,186875.0,42217.0,33373.0,971.0,ALL_CONTRACTS_MEAN,,GFEX LC all-contract simple mean settlement price
2023-08-24,187606.25,38394.0,32539.0,-834.0,ALL_CONTRACTS_MEAN,,GFEX LC all-contract simple mean settlement price
2023-08-25,185631.25,39471.0,35118.0,2579.0,ALL_CONTRACTS_MEAN,,GFEX LC all-contract simple mean settlement price
2023-08-28,178468.75,87989.0,40209.0,5091.0,ALL_CONTRACTS_MEAN,,GFEX LC all-contract simple mean settlement price
2023-08-29,178106.25,83976.0,41506.0,1297.0,ALL_CONTRACTS_MEAN,,GFEX LC all-contract simple mean settlement price
2023-08-30,179025.0,65100.0,42342.0,836.0,ALL_CONTRACTS_MEAN,,GFEX LC all-contract simple mean settlement price
2023-08-31,177493.75,83801.0,42781.0,439.0,ALL_CONTRACTS_MEAN,,GFEX LC all-contract simple mean settlement price
2023-09-01,180525.0,79436.0,42394.0,-387.0,ALL_CONTRACTS_MEAN,,GFEX LC all-contract simple mean settlement price
2023-09-04,181687.5,68690.0,42254.0,-140.0,ALL_CONTRACTS_MEAN,,GFEX LC all-contract simple mean settlement price
2023-09-05,182581.25,68568.0,42918.0,664.0,ALL_CONTRACTS_MEAN,,GFEX LC all-contract simple mean settlement price
2023-09-06,182206.25,46941.0,44121.0,1203.0,ALL_CONTRACTS_MEAN,,GFEX LC all-contract simple mean settlement price
2023-09-07,177993.75,65120.0,47905.0,3784.0,ALL_CONTRACTS_MEAN,,GFEX LC all-contract simple mean settlement price
2023-09-08,172087.5,121405.0,55765.0,7860.0,ALL_CONTRACTS_MEAN,,GFEX LC all-contract simple mean settlement price
2023-09-11,169168.75,91036.0,58960.0,3195.0,ALL_CONTRACTS_MEAN,,GFEX LC all-contract simple mean settlement price
2023-09-12,171700.0,91501.0,62317.0,3357.0,ALL_CONTRACTS_MEAN,,GFEX LC all-contract simple mean settlement price
2023-09-13,169325.0,78004.0,64288.0,1971.0,ALL_CONTRACTS_MEAN,,GFEX LC all-contract simple mean settlement price
2023-09-14,165268.75,136502.0,72526.0,8238.0,ALL_CONTRACTS_MEAN,,GFEX LC all-contract simple mean settlement price
2023-09-15,162372.22222222222,122691.0,74360.0,1834.0,ALL_CONTRACTS_MEAN,,GFEX LC all-contract simple mean settlement price
2023-09-18,161505.55555555556,86675.0,78420.0,4060.0,ALL_CONTRACTS_MEAN,,GFEX LC all-contract simple mean settlement price
2023-09-19,156833.33333333334,138511.0,89721.0,11301.0,ALL_CONTRACTS_MEAN,,GFEX LC all-contract simple mean settlement price
2023-09-20,151100.0,218409.0,98481.0,8760.0,ALL_CONTRACTS_MEAN,,GFEX LC all-contract simple mean settlement price
2023-09-21,150983.33333333334,232964.0,95389.0,-3092.0,ALL_CONTRACTS_MEAN,,GFEX LC all-contract simple mean settlement price
2023-09-22,150911.11111111112,271244.0,96303.0,914.0,ALL_CONTRACTS_MEAN,,GFEX LC all-contract simple mean settlement price
2023-09-25,146555.55555555556,225759.0,99150.0,2847.0,ALL_CONTRACTS_MEAN,,GFEX LC all-contract simple mean settlement price
2023-09-26,141738.88888888888,297437.0,107796.0,8646.0,ALL_CONTRACTS_MEAN,,GFEX LC all-contract simple mean settlement price
2023-09-27,136144.44444444444,359610.0,106659.0,-1137.0,ALL_CONTRACTS_MEAN,,GFEX LC all-contract simple mean settlement price
2023-09-28,136661.11111111112,229660.0,100532.0,-6127.0,ALL_CONTRACTS_MEAN,,GFEX LC all-contract simple mean settlement price
2023-10-09,136927.77777777778,126601.0,106282.0,5750.0,ALL_CONTRACTS_MEAN,,GFEX LC all-contract simple mean settlement price
2023-10-10,138533.33333333334,204816.0,113144.0,6862.0,ALL_CONTRACTS_MEAN,,GFEX LC all-contract simple mean settlement price
2023-10-11,139177.77777777778,164711.0,118372.0,5228.0,ALL_CONTRACTS_MEAN,,GFEX LC all-contract simple mean settlement price
2023-10-12,145105.55555555556,268692.0,119027.0,655.0,ALL_CONTRACTS_MEAN,,GFEX LC all-contract simple mean settlement price
2023-10-13,149055.55555555556,353656.0,108907.0,-10120.0,ALL_CONTRACTS_MEAN,,GFEX LC all-contract simple mean settlement price
2023-10-16,146244.44444444444,437823.0,114876.0,5969.0,ALL_CONTRACTS_MEAN,,GFEX LC all-contract simple mean settlement price
2023-10-17,146172.22222222222,347794.0,120006.0,5130.0,ALL_CONTRACTS_MEAN,,GFEX LC all-contract simple mean settlement price
2023-10-18,145238.88888888888,308940.0,122017.0,2011.0,ALL_CONTRACTS_MEAN,,GFEX LC all-contract simple mean settlement price
2023-10-19,139316.66666666666,385719.0,128737.0,6720.0,ALL_CONTRACTS_MEAN,,GFEX LC all-contract simple mean settlement price
2023-10-20,135172.22222222222,463799.0,136415.0,7678.0,ALL_CONTRACTS_MEAN,,GFEX LC all-contract simple mean settlement price
2023-10-23,133110.0,451066.0,142151.0,5736.0,ALL_CONTRACTS_MEAN,,GFEX LC all-contract simple mean settlement price
2023-10-24,135040.0,325462.0,142103.0,-48.0,ALL_CONTRACTS_MEAN,,GFEX LC all-contract simple mean settlement price
2023-10-25,135320.0,417831.0,146914.0,4811.0,ALL_CONTRACTS_MEAN,,GFEX LC all-contract simple mean settlement price
2023-10-26,132940.0,428696.0,155074.0,8160.0,ALL_CONTRACTS_MEAN,,GFEX LC all-contract simple mean settlement price
2023-10-27,131890.0,441480.0,157541.0,2467.0,ALL_CONTRACTS_MEAN,,GFEX LC all-contract simple mean settlement price
2023-10-30,134200.0,373255.0,157651.0,110.0,ALL_CONTRACTS_MEAN,,GFEX LC all-contract simple mean settlement price
2023-10-31,133405.0,455376.0,160480.0,2829.0,ALL_CONTRACTS_MEAN,,GFEX LC all-contract simple mean settlement price
2023-11-01,132180.0,412098.0,166055.0,5575.0,ALL_CONTRACTS_MEAN,,GFEX LC all-contract simple mean settlement price
2023-11-02,131235.0,303836.0,169552.0,3497.0,ALL_CONTRACTS_MEAN,,GFEX LC all-contract simple mean settlement price
2023-11-03,131255.0,290964.0,176966.0,7414.0,ALL_CONTRACTS_MEAN,,GFEX LC all-contract simple mean settlement price
2023-11-06,130315.0,317821.0,195148.0,18182.0,ALL_CONTRACTS_MEAN,,GFEX LC all-contract simple mean settlement price
2023-11-07,128670.0,429355.0,207789.0,12641.0,ALL_CONTRACTS_MEAN,,GFEX LC all-contract simple mean settlement price
2023-11-08,127215.0,658495.0,200293.0,-7496.0,ALL_CONTRACTS_MEAN,,GFEX LC all-contract simple mean settlement price
2023-11-09,128370.0,360549.0,201886.0,1593.0,ALL_CONTRACTS_MEAN,,GFEX LC all-contract simple mean settlement price
2023-11-10,131385.0,456149.0,193637.0,-8249.0,ALL_CONTRACTS_MEAN,,GFEX LC all-contract simple mean settlement price
2023-11-13,131725.0,450479.0,193811.0,174.0,ALL_CONTRACTS_MEAN,,GFEX LC all-contract simple mean settlement price
2023-11-14,129360.0,423584.0,196984.0,3173.0,ALL_CONTRACTS_MEAN,,GFEX LC all-contract simple mean settlement price
2023-11-15,129572.72727272728,326842.0,208643.0,11659.0,ALL_CONTRACTS_MEAN,,GFEX LC all-contract simple mean settlement price
2023-11-16,129454.54545454546,274014.0,217280.0,8637.0,ALL_CONTRACTS_MEAN,,GFEX LC all-contract simple mean settlement price
2023-11-17,128595.45454545454,308863.0,218608.0,1328.0,ALL_CONTRACTS_MEAN,,GFEX LC all-contract simple mean settlement price
2023-11-20,127027.27272727272,333700.0,226705.0,8097.0,ALL_CONTRACTS_MEAN,,GFEX LC all-contract simple mean settlement price
2023-11-21,124031.81818181818,427778.0,233445.0,6740.0,ALL_CONTRACTS_MEAN,,GFEX LC all-contract simple mean settlement price
2023-11-22,118613.63636363635,698710.0,238614.0,5169.0,ALL_CONTRACTS_MEAN,,GFEX LC all-contract simple mean settlement price
2023-11-23,114686.36363636365,738900.0,238458.0,-156.0,ALL_CONTRACTS_MEAN,,GFEX LC all-contract simple mean settlement price
2023-11-24,116736.36363636365,828813.0,249256.0,10798.0,ALL_CONTRACTS_MEAN,,GFEX LC all-contract simple mean settlement price
2023-11-27,111790.90909090907,769509.0,273942.0,24686.0,ALL_CONTRACTS_MEAN,,GFEX LC all-contract simple mean settlement price
2023-11-28,109104.54545454546,787827.0,276354.0,2412.0,ALL_CONTRACTS_MEAN,,GFEX LC all-contract simple mean settlement price
2023-11-29,110859.09090909093,1067886.0,315263.0,38909.0,ALL_CONTRACTS_MEAN,,GFEX LC all-contract simple mean settlement price
2023-11-30,108595.45454545454,812131.0,328597.0,13334.0,ALL_CONTRACTS_MEAN,,GFEX LC all-contract simple mean settlement price
2023-12-01,103918.18181818182,1143458.0,331785.0,3188.0,ALL_CONTRACTS_MEAN,,GFEX LC all-contract simple mean settlement price
2023-12-04,100163.63636363635,1245916.0,368476.0,36691.0,ALL_CONTRACTS_MEAN,,GFEX LC all-contract simple mean settlement price
2023-12-05,92518.18181818182,677173.0,389661.0,21185.0,ALL_CONTRACTS_MEAN,,GFEX LC all-contract simple mean settlement price
2023-12-06,88690.90909090909,1518548.0,388713.0,-948.0,ALL_CONTRACTS_MEAN,,GFEX LC all-contract simple mean settlement price
2023-12-07,92386.36363636365,533651.0,418857.0,30144.0,ALL_CONTRACTS_MEAN,,GFEX LC all-contract simple mean settlement price
2023-12-08,100981.81818181818,68470.0,400419.0,-18438.0,ALL_CONTRACTS_MEAN,,GFEX LC all-contract simple mean settlement price
2023-12-11,103895.45454545454,1345262.0,308040.0,-92379.0,ALL_CONTRACTS_MEAN,,GFEX LC all-contract simple mean settlement price
2023-12-12,95068.18181818182,824677.0,323695.0,15655.0,ALL_CONTRACTS_MEAN,,GFEX LC all-contract simple mean settlement price
2023-12-13,95050.0,956548.0,323614.0,-81.0,ALL_CONTRACTS_MEAN,,GFEX LC all-contract simple mean settlement price
2023-12-14,100145.45454545454,1141109.0,307327.0,-16287.0,ALL_CONTRACTS_MEAN,,GFEX LC all-contract simple mean settlement price
2023-12-15,104262.5,646474.0,305461.0,-1866.0,ALL_CONTRACTS_MEAN,,GFEX LC all-contract simple mean settlement price
2023-12-18,103425.0,569721.0,300576.0,-4885.0,ALL_CONTRACTS_MEAN,,GFEX LC all-contract simple mean settlement price
2023-12-19,101733.33333333331,298219.0,295884.0,-4692.0,ALL_CONTRACTS_MEAN,,GFEX LC all-contract simple mean settlement price
2023-12-20,101437.5,196646.0,294119.0,-1765.0,ALL_CONTRACTS_MEAN,,GFEX LC all-contract simple mean settlement price
2023-12-21,98029.16666666669,383406.0,288409.0,-5710.0,ALL_CONTRACTS_MEAN,,GFEX LC all-contract simple mean settlement price
2023-12-22,100233.33333333331,381515.0,289256.0,847.0,ALL_CONTRACTS_MEAN,,GFEX LC all-contract simple mean settlement price
2023-12-25,101941.66666666669,189634.0,292814.0,3558.0,ALL_CONTRACTS_MEAN,,GFEX LC all-contract simple mean settlement price
2023-12-26,105370.83333333331,324872.0,285088.0,-7726.0,ALL_CONTRACTS_MEAN,,GFEX LC all-contract simple mean settlement price
2023-12-27,105737.5,320828.0,278206.0,-6882.0,ALL_CONTRACTS_MEAN,,GFEX LC all-contract simple mean settlement price
2023-12-28,105591.66666666669,178958.0,280042.0,1836.0,ALL_CONTRACTS_MEAN,,GFEX LC all-contract simple mean settlement price
2023-12-29,105554.16666666669,251377.0,275608.0,-4434.0,ALL_CONTRACTS_MEAN,,GFEX LC all-contract simple mean settlement price
2024-01-02,107025.0,173730.0,270011.0,-5597.0,ALL_CONTRACTS_MEAN,,GFEX LC all-contract simple mean settlement price
2024-01-03,106716.66666666669,149565.0,262088.0,-7923.0,ALL_CONTRACTS_MEAN,,GFEX LC all-contract simple mean settlement price
2024-01-04,103279.16666666669,230260.0,263432.0,1344.0,ALL_CONTRACTS_MEAN,,GFEX LC all-contract simple mean settlement price
2024-01-05,98800.0,210708.0,263577.0,145.0,ALL_CONTRACTS_MEAN,,GFEX LC all-contract simple mean settlement price
2024-01-08,97862.5,187772.0,269911.0,6334.0,ALL_CONTRACTS_MEAN,,GFEX LC all-contract simple mean settlement price
2024-01-09,96979.16666666669,238896.0,275159.0,5248.0,ALL_CONTRACTS_MEAN,,GFEX LC all-contract simple mean settlement price
2024-01-10,97550.0,122094.0,269889.0,-5270.0,ALL_CONTRACTS_MEAN,,GFEX LC all-contract simple mean settlement price
2024-01-11,100791.66666666669,246323.0,269835.0,-54.0,ALL_CONTRACTS_MEAN,,GFEX LC all-contract simple mean settlement price
2024-01-12,102554.16666666669,162505.0,267518.0,-2317.0,ALL_CONTRACTS_MEAN,,GFEX LC all-contract simple mean settlement price
2024-01-15,101187.5,118292.0,266413.0,-1105.0,ALL_CONTRACTS_MEAN,,GFEX LC all-contract simple mean settlement price
2024-01-16,102962.5,124842.0,271350.0,4937.0,ALL_CONTRACTS_MEAN,,GFEX LC all-contract simple mean settlement price
2024-01-17,103387.5,150083.0,267949.0,-3401.0,ALL_CONTRACTS_MEAN,,GFEX LC all-contract simple mean settlement price
2024-01-18,101570.83333333331,142542.0,265155.0,-2794.0,ALL_CONTRACTS_MEAN,,GFEX LC all-contract simple mean settlement price
2024-01-19,101750.0,98178.0,264567.0,-588.0,ALL_CONTRACTS_MEAN,,GFEX LC all-contract simple mean settlement price
2024-01-22,100016.66666666669,130055.0,258211.0,-6356.0,ALL_CONTRACTS_MEAN,,GFEX LC all-contract simple mean settlement price
2024-01-23,101112.5,110929.0,254276.0,-3935.0,ALL_CONTRACTS_MEAN,,GFEX LC all-contract simple mean settlement price
2024-01-24,102170.83333333331,84764.0,256351.0,2075.0,ALL_CONTRACTS_MEAN,,GFEX LC all-contract simple mean settlement price
2024-01-25,101612.5,102530.0,257143.0,792.0,ALL_CONTRACTS_MEAN,,GFEX LC all-contract simple mean settlement price
2024-01-26,101654.16666666669,92426.0,255720.0,-1423.0,ALL_CONTRACTS_MEAN,,GFEX LC all-contract simple mean settlement price
2024-01-29,101604.16666666669,87604.0,251200.0,-4520.0,ALL_CONTRACTS_MEAN,,GFEX LC all-contract simple mean settlement price
2024-01-30,101570.83333333331,64661.0,245616.0,-5584.0,ALL_CONTRACTS_MEAN,,GFEX LC all-contract simple mean settlement price
2024-01-31,100237.5,121791.0,252537.0,6921.0,ALL_CONTRACTS_MEAN,,GFEX LC all-contract simple mean settlement price
2024-02-01,99825.0,71860.0,243025.0,-9512.0,ALL_CONTRACTS_MEAN,,GFEX LC all-contract simple mean settlement price
2024-02-02,100641.66666666669,84998.0,232551.0,-10474.0,ALL_CONTRACTS_MEAN,,GFEX LC all-contract simple mean settlement price
2024-02-05,101004.16666666669,55372.0,227930.0,-4621.0,ALL_CONTRACTS_MEAN,,GFEX LC all-contract simple mean settlement price
2024-02-06,99050.0,137716.0,235841.0,7911.0,ALL_CONTRACTS_MEAN,,GFEX LC all-contract simple mean settlement price
2024-02-07,98225.0,52366.0,229732.0,-6109.0,ALL_CONTRACTS_MEAN,,GFEX LC all-contract simple mean settlement price
2024-02-08,97616.66666666669,67737.0,229545.0,-187.0,ALL_CONTRACTS_MEAN,,GFEX LC all-contract simple mean settlement price
2024-02-19,96758.33333333331,77626.0,240334.0,10789.0,ALL_CONTRACTS_MEAN,,GFEX LC all-contract simple mean settlement price
2024-02-20,94666.66666666669,119167.0,265448.0,25114.0,ALL_CONTRACTS_MEAN,,GFEX LC all-contract simple mean settlement price
2024-02-21,98737.5,358141.0,257584.0,-7864.0,ALL_CONTRACTS_MEAN,,GFEX LC all-contract simple mean settlement price
2024-02-22,98125.0,129183.0,257467.0,-117.0,ALL_CONTRACTS_MEAN,,GFEX LC all-contract simple mean settlement price
2024-02-23,101004.16666666669,231990.0,269553.0,12086.0,ALL_CONTRACTS_MEAN,,GFEX LC all-contract simple mean settlement price
2024-02-26,103333.33333333331,239044.0,277530.0,7977.0,ALL_CONTRACTS_MEAN,,GFEX LC all-contract simple mean settlement price
2024-02-27,104650.0,282267.0,296726.0,19196.0,ALL_CONTRACTS_MEAN,,GFEX LC all-contract simple mean settlement price
2024-02-28,109000.0,422725.0,295528.0,-1198.0,ALL_CONTRACTS_MEAN,,GFEX LC all-contract simple mean settlement price
2024-02-29,114525.0,654445.0,321349.0,25821.0,ALL_CONTRACTS_MEAN,,GFEX LC all-contract simple mean settlement price
2024-03-01,117708.33333333331,483932.0,314503.0,-6846.0,ALL_CONTRACTS_MEAN,,GFEX LC all-contract simple mean settlement price
2024-03-04,119408.33333333331,726842.0,317200.0,2697.0,ALL_CONTRACTS_MEAN,,GFEX LC all-contract simple mean settlement price
2024-03-05,114491.66666666669,507688.0,310341.0,-6859.0,ALL_CONTRACTS_MEAN,,GFEX LC all-contract simple mean settlement price
2024-03-06,112204.16666666669,540495.0,321525.0,11184.0,ALL_CONTRACTS_MEAN,,GFEX LC all-contract simple mean settlement price
2024-03-07,113433.33333333331,398666.0,327010.0,5485.0,ALL_CONTRACTS_MEAN,,GFEX LC all-contract simple mean settlement price
2024-03-08,112245.83333333331,335561.0,326896.0,-114.0,ALL_CONTRACTS_MEAN,,GFEX LC all-contract simple mean settlement price
2024-03-11,114350.0,387121.0,340353.0,13457.0,ALL_CONTRACTS_MEAN,,GFEX LC all-contract simple mean settlement price
2024-03-12,117637.5,391735.0,338758.0,-1595.0,ALL_CONTRACTS_MEAN,,GFEX LC all-contract simple mean settlement price
2024-03-13,119708.33333333331,363500.0,337413.0,-1345.0,ALL_CONTRACTS_MEAN,,GFEX LC all-contract simple mean settlement price
2024-03-14,115437.5,460171.0,317440.0,-19973.0,ALL_CONTRACTS_MEAN,,GFEX LC all-contract simple mean settlement price
2024-03-15,113808.33333333331,352446.0,312896.0,-4544.0,ALL_CONTRACTS_MEAN,,GFEX LC all-contract simple mean settlement price
2024-03-18,116600.0,364134.0,312633.0,-263.0,ALL_CONTRACTS_MEAN,,GFEX LC all-contract simple mean settlement price
2024-03-19,115470.83333333331,288701.0,307963.0,-4670.0,ALL_CONTRACTS_MEAN,,GFEX LC all-contract simple mean settlement price
2024-03-20,115595.83333333331,268478.0,308663.0,700.0,ALL_CONTRACTS_MEAN,,GFEX LC all-contract simple mean settlement price
2024-03-21,116954.16666666669,248587.0,314551.0,5888.0,ALL_CONTRACTS_MEAN,,GFEX LC all-contract simple mean settlement price
2024-03-22,114491.66666666669,267596.0,305345.0,-9206.0,ALL_CONTRACTS_MEAN,,GFEX LC all-contract simple mean settlement price
2024-03-25,110908.33333333331,351151.0,309921.0,4576.0,ALL_CONTRACTS_MEAN,,GFEX LC all-contract simple mean settlement price
2024-03-26,107991.66666666669,283914.0,304060.0,-5861.0,ALL_CONTRACTS_MEAN,,GFEX LC all-contract simple mean settlement price
2024-03-27,107745.83333333331,304726.0,305065.0,1005.0,ALL_CONTRACTS_MEAN,,GFEX LC all-contract simple mean settlement price
2024-03-28,108604.16666666669,215002.0,304681.0,-384.0,ALL_CONTRACTS_MEAN,,GFEX LC all-contract simple mean settlement price
2024-03-29,108291.66666666669,219235.0,301064.0,-3617.0,ALL_CONTRACTS_MEAN,,GFEX LC all-contract simple mean settlement price
2024-04-01,110158.33333333331,290367.0,302565.0,1501.0,ALL_CONTRACTS_MEAN,,GFEX LC all-contract simple mean settlement price
2024-04-02,111854.16666666669,194841.0,292090.0,-10475.0,ALL_CONTRACTS_MEAN,,GFEX LC all-contract simple mean settlement price
2024-04-03,112770.83333333331,209956.0,282580.0,-9510.0,ALL_CONTRACTS_MEAN,,GFEX LC all-contract simple mean settlement price
2024-04-08,113962.5,189158.0,282979.0,399.0,ALL_CONTRACTS_MEAN,,GFEX LC all-contract simple mean settlement price
2024-04-09,113795.83333333331,171698.0,283302.0,323.0,ALL_CONTRACTS_MEAN,,GFEX LC all-contract simple mean settlement price
2024-04-10,116187.5,196149.0,282621.0,-681.0,ALL_CONTRACTS_MEAN,,GFEX LC all-contract simple mean settlement price
2024-04-11,113195.83333333331,211087.0,276098.0,-6523.0,ALL_CONTRACTS_MEAN,,GFEX LC all-contract simple mean settlement price
2024-04-12,112808.33333333331,141616.0,271717.0,-4381.0,ALL_CONTRACTS_MEAN,,GFEX LC all-contract simple mean settlement price
2024-04-15,112925.0,114618.0,271626.0,-91.0,ALL_CONTRACTS_MEAN,,GFEX LC all-contract simple mean settlement price
2024-04-16,110120.83333333331,189137.0,268363.0,-3263.0,ALL_CONTRACTS_MEAN,,GFEX LC all-contract simple mean settlement price
2024-04-17,110570.83333333331,105630.0,263032.0,-5331.0,ALL_CONTRACTS_MEAN,,GFEX LC all-contract simple mean settlement price
2024-04-18,111075.0,145279.0,262602.0,-430.0,ALL_CONTRACTS_MEAN,,GFEX LC all-contract simple mean settlement price
2024-04-19,109695.83333333331,183740.0,264043.0,1441.0,ALL_CONTRACTS_MEAN,,GFEX LC all-contract simple mean settlement price
2024-04-22,110695.83333333331,153670.0,266274.0,2231.0,ALL_CONTRACTS_MEAN,,GFEX LC all-contract simple mean settlement price
2024-04-23,110495.83333333331,156706.0,265418.0,-856.0,ALL_CONTRACTS_MEAN,,GFEX LC all-contract simple mean settlement price
2024-04-24,111745.83333333331,195371.0,268944.0,3526.0,ALL_CONTRACTS_MEAN,,GFEX LC all-contract simple mean settlement price
2024-04-25,111816.66666666669,172538.0,266002.0,-2942.0,ALL_CONTRACTS_MEAN,,GFEX LC all-contract simple mean settlement price
2024-04-26,111108.33333333331,106644.0,261900.0,-4102.0,ALL_CONTRACTS_MEAN,,GFEX LC all-contract simple mean settlement price
2024-04-29,114920.83333333331,316938.0,289851.0,27951.0,ALL_CONTRACTS_MEAN,,GFEX LC all-contract simple mean settlement price
2024-04-30,114250.0,263989.0,276761.0,-13090.0,ALL_CONTRACTS_MEAN,,GFEX LC all-contract simple mean settlement price
2024-05-06,113408.33333333331,127555.0,281666.0,4905.0,ALL_CONTRACTS_MEAN,,GFEX LC all-contract simple mean settlement price
2024-05-07,115054.16666666669,164516.0,287478.0,5812.0,ALL_CONTRACTS_MEAN,,GFEX LC all-contract simple mean settlement price
2024-05-08,114075.0,128730.0,289713.0,2235.0,ALL_CONTRACTS_MEAN,,GFEX LC all-contract simple mean settlement price
2024-05-09,113641.66666666669,149845.0,293436.0,3723.0,ALL_CONTRACTS_MEAN,,GFEX LC all-contract simple mean settlement price
2024-05-10,111387.5,229342.0,298966.0,5530.0,ALL_CONTRACTS_MEAN,,GFEX LC all-contract simple mean settlement price
2024-05-13,109708.33333333331,147177.0,302623.0,3657.0,ALL_CONTRACTS_MEAN,,GFEX LC all-contract simple mean settlement price
2024-05-14,109162.5,246187.0,302378.0,-245.0,ALL_CONTRACTS_MEAN,,GFEX LC all-contract simple mean settlement price
2024-05-15,106754.16666666669,211536.0,303976.0,1598.0,ALL_CONTRACTS_MEAN,,GFEX LC all-contract simple mean settlement price
2024-05-16,106991.66666666669,114509.0,298301.0,-5675.0,ALL_CONTRACTS_MEAN,,GFEX LC all-contract simple mean settlement price
2024-05-17,109150.0,164003.0,285986.0,-12315.0,ALL_CONTRACTS_MEAN,,GFEX LC all-contract simple mean settlement price
2024-05-20,110420.83333333331,144655.0,285093.0,-893.0,ALL_CONTRACTS_MEAN,,GFEX LC all-contract simple mean settlement price
2024-05-21,110979.16666666669,216645.0,282785.0,-2308.0,ALL_CONTRACTS_MEAN,,GFEX LC all-contract simple mean settlement price
2024-05-22,110554.16666666669,107426.0,286518.0,3733.0,ALL_CONTRACTS_MEAN,,GFEX LC all-contract simple mean settlement price
2024-05-23,109500.0,147474.0,282825.0,-3693.0,ALL_CONTRACTS_MEAN,,GFEX LC all-contract simple mean settlement price
2024-05-24,110762.5,149784.0,284945.0,2120.0,ALL_CONTRACTS_MEAN,,GFEX LC all-contract simple mean settlement price
2024-05-27,110670.83333333331,123486.0,291216.0,6271.0,ALL_CONTRACTS_MEAN,,GFEX LC all-contract simple mean settlement price
2024-05-28,110037.5,138938.0,292720.0,1504.0,ALL_CONTRACTS_MEAN,,GFEX LC all-contract simple mean settlement price
2024-05-29,108816.66666666669,115465.0,290462.0,-2258.0,ALL_CONTRACTS_MEAN,,GFEX LC all-contract simple mean settlement price
2024-05-30,110116.66666666669,163722.0,290321.0,-141.0,ALL_CONTRACTS_MEAN,,GFEX LC all-contract simple mean settlement price
2024-05-31,109504.16666666669,127926.0,290748.0,427.0,ALL_CONTRACTS_MEAN,,GFEX LC all-contract simple mean settlement price
2024-06-03,107012.5,178597.0,294706.0,3958.0,ALL_CONTRACTS_MEAN,,GFEX LC all-contract simple mean settlement price
2024-06-04,106541.66666666669,102601.0,298695.0,3989.0,ALL_CONTRACTS_MEAN,,GFEX LC all-contract simple mean settlement price
2024-06-05,104904.16666666669,158386.0,302933.0,4238.0,ALL_CONTRACTS_MEAN,,GFEX LC all-contract simple mean settlement price
2024-06-06,104791.66666666669,123616.0,296589.0,-6344.0,ALL_CONTRACTS_MEAN,,GFEX LC all-contract simple mean settlement price
2024-06-07,104512.5,124830.0,296018.0,-571.0,ALL_CONTRACTS_MEAN,,GFEX LC all-contract simple mean settlement price
2024-06-11,102741.66666666669,144329.0,301070.0,5052.0,ALL_CONTRACTS_MEAN,,GFEX LC all-contract simple mean settlement price
2024-06-12,101612.5,216374.0,299277.0,-1793.0,ALL_CONTRACTS_MEAN,,GFEX LC all-contract simple mean settlement price
2024-06-13,102566.66666666669,186720.0,293681.0,-5596.0,ALL_CONTRACTS_MEAN,,GFEX LC all-contract simple mean settlement price
2024-06-14,101875.0,119723.0,293689.0,8.0,ALL_CONTRACTS_MEAN,,GFEX LC all-contract simple mean settlement price
2024-06-17,101095.83333333331,131025.0,295014.0,1325.0,ALL_CONTRACTS_MEAN,,GFEX LC all-contract simple mean settlement price
2024-06-18,99916.66666666669,204462.0,307187.0,12173.0,ALL_CONTRACTS_MEAN,,GFEX LC all-contract simple mean settlement price
2024-06-19,99112.5,141536.0,302128.0,-5059.0,ALL_CONTRACTS_MEAN,,GFEX LC all-contract simple mean settlement price
2024-06-20,99479.16666666669,111314.0,296646.0,-5482.0,ALL_CONTRACTS_MEAN,,GFEX LC all-contract simple mean settlement price
2024-06-21,98850.0,180653.0,297993.0,1347.0,ALL_CONTRACTS_MEAN,,GFEX LC all-contract simple mean settlement price
2024-06-24,95704.16666666669,217524.0,301896.0,3903.0,ALL_CONTRACTS_MEAN,,GFEX LC all-contract simple mean settlement price
2024-06-25,94845.83333333331,287986.0,304777.0,2881.0,ALL_CONTRACTS_MEAN,,GFEX LC all-contract simple mean settlement price
2024-06-26,97900.0,360723.0,306583.0,1806.0,ALL_CONTRACTS_MEAN,,GFEX LC all-contract simple mean settlement price
2024-06-27,97137.5,234833.0,306775.0,192.0,ALL_CONTRACTS_MEAN,,GFEX LC all-contract simple mean settlement price
2024-06-28,95762.5,276964.0,306774.0,-1.0,ALL_CONTRACTS_MEAN,,GFEX LC all-contract simple mean settlement price
2024-07-01,94800.0,236800.0,310062.0,3288.0,ALL_CONTRACTS_MEAN,,GFEX LC all-contract simple mean settlement price
2024-07-02,96379.16666666669,170226.0,314614.0,4552.0,ALL_CONTRACTS_MEAN,,GFEX LC all-contract simple mean settlement price
2024-07-03,95891.66666666669,161258.0,317538.0,2924.0,ALL_CONTRACTS_MEAN,,GFEX LC all-contract simple mean settlement price
2024-07-04,96445.83333333331,168945.0,321627.0,4089.0,ALL_CONTRACTS_MEAN,,GFEX LC all-contract simple mean settlement price
2024-07-05,95662.5,177367.0,313469.0,-8158.0,ALL_CONTRACTS_MEAN,,GFEX LC all-contract simple mean settlement price
2024-07-08,95816.66666666669,151966.0,318058.0,4589.0,ALL_CONTRACTS_MEAN,,GFEX LC all-contract simple mean settlement price
2024-07-09,95662.5,151049.0,313602.0,-4456.0,ALL_CONTRACTS_MEAN,,GFEX LC all-contract simple mean settlement price
2024-07-10,94866.66666666669,177429.0,315132.0,1530.0,ALL_CONTRACTS_MEAN,,GFEX LC all-contract simple mean settlement price
2024-07-11,93662.5,180824.0,303605.0,-11527.0,ALL_CONTRACTS_MEAN,,GFEX LC all-contract simple mean settlement price
2024-07-12,93779.16666666669,106884.0,304447.0,842.0,ALL_CONTRACTS_MEAN,,GFEX LC all-contract simple mean settlement price
2024-07-15,92766.66666666669,198670.0,316153.0,11706.0,ALL_CONTRACTS_MEAN,,GFEX LC all-contract simple mean settlement price
2024-07-16,91995.83333333331,165092.0,310558.0,-5595.0,ALL_CONTRACTS_MEAN,,GFEX LC all-contract simple mean settlement price
2024-07-17,91737.5,141231.0,315568.0,5010.0,ALL_CONTRACTS_MEAN,,GFEX LC all-contract simple mean settlement price
2024-07-18,90387.5,137208.0,313613.0,-1955.0,ALL_CONTRACTS_MEAN,,GFEX LC all-contract simple mean settlement price
2024-07-19,91912.5,263865.0,313214.0,-399.0,ALL_CONTRACTS_MEAN,,GFEX LC all-contract simple mean settlement price
2024-07-22,92025.0,121580.0,311378.0,-1836.0,ALL_CONTRACTS_MEAN,,GFEX LC all-contract simple mean settlement price
2024-07-23,91920.83333333331,165127.0,305438.0,-5940.0,ALL_CONTRACTS_MEAN,,GFEX LC all-contract simple mean settlement price
2024-07-24,90208.33333333331,153733.0,304177.0,-1261.0,ALL_CONTRACTS_MEAN,,GFEX LC all-contract simple mean settlement price
2024-07-25,89370.83333333333,166688.0,303123.0,-1054.0,ALL_CONTRACTS_MEAN,,GFEX LC all-contract simple mean settlement price
2024-07-26,90266.66666666669,137722.0,307284.0,4161.0,ALL_CONTRACTS_MEAN,,GFEX LC all-contract simple mean settlement price
2024-07-29,88104.16666666667,195932.0,319327.0,12043.0,ALL_CONTRACTS_MEAN,,GFEX LC all-contract simple mean settlement price
2024-07-30,85379.16666666667,216880.0,326462.0,7135.0,ALL_CONTRACTS_MEAN,,GFEX LC all-contract simple mean settlement price
2024-07-31,85945.83333333333,222958.0,317487.0,-8975.0,ALL_CONTRACTS_MEAN,,GFEX LC all-contract simple mean settlement price
2024-08-01,84841.66666666667,199562.0,330187.0,12700.0,ALL_CONTRACTS_MEAN,,GFEX LC all-contract simple mean settlement price
2024-08-02,83800.0,204347.0,321314.0,-8873.0,ALL_CONTRACTS_MEAN,,GFEX LC all-contract simple mean settlement price
2024-08-05,84345.83333333333,189745.0,309292.0,-12022.0,ALL_CONTRACTS_MEAN,,GFEX LC all-contract simple mean settlement price
2024-08-06,84516.66666666667,134209.0,300146.0,-9146.0,ALL_CONTRACTS_MEAN,,GFEX LC all-contract simple mean settlement price
2024-08-07,83783.33333333333,113144.0,303205.0,3059.0,ALL_CONTRACTS_MEAN,,GFEX LC all-contract simple mean settlement price
2024-08-08,82529.16666666667,158736.0,311853.0,8648.0,ALL_CONTRACTS_MEAN,,GFEX LC all-contract simple mean settlement price
2024-08-09,81741.66666666667,172012.0,313737.0,1884.0,ALL_CONTRACTS_MEAN,,GFEX LC all-contract simple mean settlement price
2024-08-12,80004.16666666667,132336.0,322871.0,9134.0,ALL_CONTRACTS_MEAN,,GFEX LC all-contract simple mean settlement price
2024-08-13,79429.16666666667,239136.0,318642.0,-4229.0,ALL_CONTRACTS_MEAN,,GFEX LC all-contract simple mean settlement price
2024-08-14,78083.33333333333,252459.0,328393.0,9751.0,ALL_CONTRACTS_MEAN,,GFEX LC all-contract simple mean settlement price
2024-08-15,76445.83333333333,245435.0,327448.0,-945.0,ALL_CONTRACTS_MEAN,,GFEX LC all-contract simple mean settlement price
2024-08-16,77291.66666666667,209702.0,324890.0,-2558.0,ALL_CONTRACTS_MEAN,,GFEX LC all-contract simple mean settlement price
2024-08-19,77020.83333333333,205287.0,329769.0,4879.0,ALL_CONTRACTS_MEAN,,GFEX LC all-contract simple mean settlement price
2024-08-20,77795.83333333333,187805.0,331875.0,2106.0,ALL_CONTRACTS_MEAN,,GFEX LC all-contract simple mean settlement price
2024-08-21,80295.83333333333,365995.0,331728.0,-147.0,ALL_CONTRACTS_MEAN,,GFEX LC all-contract simple mean settlement price
2024-08-22,80208.33333333333,313111.0,329435.0,-2293.0,ALL_CONTRACTS_MEAN,,GFEX LC all-contract simple mean settlement price
2024-08-23,77991.66666666667,213821.0,327981.0,-1454.0,ALL_CONTRACTS_MEAN,,GFEX LC all-contract simple mean settlement price
2024-08-26,78000.0,211963.0,331899.0,3918.0,ALL_CONTRACTS_MEAN,,GFEX LC all-contract simple mean settlement price
2024-08-27,79216.66666666667,258575.0,334823.0,2924.0,ALL_CONTRACTS_MEAN,,GFEX LC all-contract simple mean settlement price
2024-08-28,79195.83333333333,232853.0,341022.0,6199.0,ALL_CONTRACTS_MEAN,,GFEX LC all-contract simple mean settlement price
2024-08-29,79941.66666666667,313388.0,353310.0,12288.0,ALL_CONTRACTS_MEAN,,GFEX LC all-contract simple mean settlement price
2024-08-30,81520.83333333333,340807.0,353352.0,42.0,ALL_CONTRACTS_MEAN,,GFEX LC all-contract simple mean settlement price
2024-09-02,79837.5,365293.0,353212.0,-140.0,ALL_CONTRACTS_MEAN,,GFEX LC all-contract simple mean settlement price
2024-09-03,77966.66666666667,248298.0,358015.0,4803.0,ALL_CONTRACTS_MEAN,,GFEX LC all-contract simple mean settlement price
2024-09-04,77254.16666666667,238662.0,360539.0,2524.0,ALL_CONTRACTS_MEAN,,GFEX LC all-contract simple mean settlement price
2024-09-05,75487.5,306224.0,374473.0,13934.0,ALL_CONTRACTS_MEAN,,GFEX LC all-contract simple mean settlement price
2024-09-06,73887.5,310925.0,372675.0,-1798.0,ALL_CONTRACTS_MEAN,,GFEX LC all-contract simple mean settlement price
2024-09-09,74079.16666666667,289253.0,374473.0,1798.0,ALL_CONTRACTS_MEAN,,GFEX LC all-contract simple mean settlement price
2024-09-10,75020.83333333333,258309.0,384953.0,10480.0,ALL_CONTRACTS_MEAN,,GFEX LC all-contract simple mean settlement price
2024-09-11,78150.0,755012.0,414889.0,29936.0,ALL_CONTRACTS_MEAN,,GFEX LC all-contract simple mean settlement price
2024-09-12,79400.0,520819.0,413174.0,-1715.0,ALL_CONTRACTS_MEAN,,GFEX LC all-contract simple mean settlement price
2024-09-13,79258.33333333333,327914.0,406456.0,-6718.0,ALL_CONTRACTS_MEAN,,GFEX LC all-contract simple mean settlement price
2024-09-18,78920.83333333333,292634.0,402572.0,-3884.0,ALL_CONTRACTS_MEAN,,GFEX LC all-contract simple mean settlement price
2024-09-19,78541.66666666667,325362.0,403000.0,428.0,ALL_CONTRACTS_MEAN,,GFEX LC all-contract simple mean settlement price
2024-09-20,78904.16666666667,260126.0,400723.0,-2277.0,ALL_CONTRACTS_MEAN,,GFEX LC all-contract simple mean settlement price
2024-09-23,78320.83333333333,351083.0,399861.0,-862.0,ALL_CONTRACTS_MEAN,,GFEX LC all-contract simple mean settlement price
2024-09-24,79158.33333333333,318261.0,418907.0,19046.0,ALL_CONTRACTS_MEAN,,GFEX LC all-contract simple mean settlement price
2024-09-25,81075.0,505973.0,429465.0,10558.0,ALL_CONTRACTS_MEAN,,GFEX LC all-contract simple mean settlement price
2024-09-26,79625.0,302119.0,425361.0,-4104.0,ALL_CONTRACTS_MEAN,,GFEX LC all-contract simple mean settlement price
2024-09-27,81391.66666666667,443515.0,428706.0,3345.0,ALL_CONTRACTS_MEAN,,GFEX LC all-contract simple mean settlement price
2024-09-30,82720.83333333333,535016.0,439908.0,11202.0,ALL_CONTRACTS_MEAN,,GFEX LC all-contract simple mean settlement price
2024-10-08,84379.16666666667,624421.0,444168.0,4260.0,ALL_CONTRACTS_MEAN,,GFEX LC all-contract simple mean settlement price
2024-10-09,80916.66666666667,290908.0,443950.0,-218.0,ALL_CONTRACTS_MEAN,,GFEX LC all-contract simple mean settlement price
2024-10-10,80570.83333333333,359364.0,452963.0,9013.0,ALL_CONTRACTS_MEAN,,GFEX LC all-contract simple mean settlement price
2024-10-11,78704.16666666667,315191.0,443793.0,-9170.0,ALL_CONTRACTS_MEAN,,GFEX LC all-contract simple mean settlement price
2024-10-14,78841.66666666667,311450.0,466819.0,23026.0,ALL_CONTRACTS_MEAN,,GFEX LC all-contract simple mean settlement price
2024-10-15,78658.33333333333,220746.0,454502.0,-12317.0,ALL_CONTRACTS_MEAN,,GFEX LC all-contract simple mean settlement price
2024-10-16,77691.66666666667,269492.0,462475.0,7973.0,ALL_CONTRACTS_MEAN,,GFEX LC all-contract simple mean settlement price
2024-10-17,75579.16666666667,322160.0,463539.0,1064.0,ALL_CONTRACTS_MEAN,,GFEX LC all-contract simple mean settlement price
2024-10-18,75591.66666666667,469711.0,459026.0,-4513.0,ALL_CONTRACTS_MEAN,,GFEX LC all-contract simple mean settlement price
2024-10-21,75625.0,328899.0,468682.0,9656.0,ALL_CONTRACTS_MEAN,,GFEX LC all-contract simple mean settlement price
2024-10-22,75891.66666666667,349013.0,473245.0,4563.0,ALL_CONTRACTS_MEAN,,GFEX LC all-contract simple mean settlement price
2024-10-23,77183.33333333333,382262.0,469913.0,-3332.0,ALL_CONTRACTS_MEAN,,GFEX LC all-contract simple mean settlement price
2024-10-24,76783.33333333333,316297.0,463666.0,-6247.0,ALL_CONTRACTS_MEAN,,GFEX LC all-contract simple mean settlement price
2024-10-25,77537.5,311958.0,458439.0,-5227.0,ALL_CONTRACTS_MEAN,,GFEX LC all-contract simple mean settlement price
2024-10-28,78687.5,393129.0,438193.0,-20246.0,ALL_CONTRACTS_MEAN,,GFEX LC all-contract simple mean settlement price
2024-10-29,78420.83333333333,295144.0,434051.0,-4142.0,ALL_CONTRACTS_MEAN,,GFEX LC all-contract simple mean settlement price
2024-10-30,76279.16666666667,294037.0,419332.0,-14719.0,ALL_CONTRACTS_MEAN,,GFEX LC all-contract simple mean settlement price
2024-10-31,76975.0,363803.0,402669.0,-16663.0,ALL_CONTRACTS_MEAN,,GFEX LC all-contract simple mean settlement price
2024-11-01,78579.16666666667,483463.0,396330.0,-6339.0,ALL_CONTRACTS_MEAN,,GFEX LC all-contract simple mean settlement price
2024-11-04,79087.5,294041.0,398203.0,1873.0,ALL_CONTRACTS_MEAN,,GFEX LC all-contract simple mean settlement price
2024-11-05,79595.83333333333,361016.0,397721.0,-482.0,ALL_CONTRACTS_MEAN,,GFEX LC all-contract simple mean settlement price
2024-11-06,78075.0,378536.0,385293.0,-12428.0,ALL_CONTRACTS_MEAN,,GFEX LC all-contract simple mean settlement price
2024-11-07,78312.5,236947.0,390805.0,5512.0,ALL_CONTRACTS_MEAN,,GFEX LC all-contract simple mean settlement price
2024-11-08,79612.5,368838.0,391023.0,218.0,ALL_CONTRACTS_MEAN,,GFEX LC all-contract simple mean settlement price
2024-11-11,80358.33333333333,477806.0,451388.0,60365.0,ALL_CONTRACTS_MEAN,,GFEX LC all-contract simple mean settlement price
2024-11-12,82766.66666666667,587360.0,466845.0,15457.0,ALL_CONTRACTS_MEAN,,GFEX LC all-contract simple mean settlement price
2024-11-13,84558.33333333333,817469.0,518502.0,51657.0,ALL_CONTRACTS_MEAN,,GFEX LC all-contract simple mean settlement price
2024-11-14,83520.83333333333,1041289.0,489080.0,-29422.0,ALL_CONTRACTS_MEAN,,GFEX LC all-contract simple mean settlement price
2024-11-15,81316.66666666667,647976.0,473756.0,-15324.0,ALL_CONTRACTS_MEAN,,GFEX LC all-contract simple mean settlement price
2024-11-18,81333.33333333333,483419.0,477119.0,3363.0,ALL_CONTRACTS_MEAN,,GFEX LC all-contract simple mean settlement price
2024-11-19,83129.16666666667,657479.0,495165.0,18046.0,ALL_CONTRACTS_MEAN,,GFEX LC all-contract simple mean settlement price
2024-11-20,83737.5,617655.0,499992.0,4827.0,ALL_CONTRACTS_MEAN,,GFEX LC all-contract simple mean settlement price
2024-11-21,84208.33333333333,493483.0,496144.0,-3848.0,ALL_CONTRACTS_MEAN,,GFEX LC all-contract simple mean settlement price
2024-11-22,81645.83333333333,465039.0,487018.0,-9126.0,ALL_CONTRACTS_MEAN,,GFEX LC all-contract simple mean settlement price
2024-11-25,81912.5,360712.0,482934.0,-4084.0,ALL_CONTRACTS_MEAN,,GFEX LC all-contract simple mean settlement price
2024-11-26,80854.16666666667,394049.0,482288.0,-646.0,ALL_CONTRACTS_MEAN,,GFEX LC all-contract simple mean settlement price
2024-11-27,80666.66666666667,255163.0,472131.0,-10157.0,ALL_CONTRACTS_MEAN,,GFEX LC all-contract simple mean settlement price
2024-11-28,79900.0,369673.0,468891.0,-3240.0,ALL_CONTRACTS_MEAN,,GFEX LC all-contract simple mean settlement price
2024-11-29,80970.83333333333,353805.0,478102.0,9211.0,ALL_CONTRACTS_MEAN,,GFEX LC all-contract simple mean settlement price
2024-12-02,80979.16666666667,246458.0,476654.0,-1448.0,ALL_CONTRACTS_MEAN,,GFEX LC all-contract simple mean settlement price
2024-12-03,80737.5,266109.0,469689.0,-6965.0,ALL_CONTRACTS_MEAN,,GFEX LC all-contract simple mean settlement price
2024-12-04,79633.33333333333,325860.0,457340.0,-12349.0,ALL_CONTRACTS_MEAN,,GFEX LC all-contract simple mean settlement price
2024-12-05,78916.66666666667,210028.0,448095.0,-9245.0,ALL_CONTRACTS_MEAN,,GFEX LC all-contract simple mean settlement price
2024-12-06,79166.66666666667,240926.0,441009.0,-7086.0,ALL_CONTRACTS_MEAN,,GFEX LC all-contract simple mean settlement price
2024-12-09,78812.5,243646.0,431792.0,-9217.0,ALL_CONTRACTS_MEAN,,GFEX LC all-contract simple mean settlement price
2024-12-10,80320.83333333333,328380.0,431889.0,97.0,ALL_CONTRACTS_MEAN,,GFEX LC all-contract simple mean settlement price
2024-12-11,79775.0,177745.0,429829.0,-2060.0,ALL_CONTRACTS_MEAN,,GFEX LC all-contract simple mean settlement price
2024-12-12,80058.33333333333,190109.0,422291.0,-7538.0,ALL_CONTRACTS_MEAN,,GFEX LC all-contract simple mean settlement price
2024-12-13,79266.66666666667,197179.0,411237.0,-11054.0,ALL_CONTRACTS_MEAN,,GFEX LC all-contract simple mean settlement price
2024-12-16,79070.83333333333,219614.0,402940.0,-8297.0,ALL_CONTRACTS_MEAN,,GFEX LC all-contract simple mean settlement price
2024-12-17,78791.66666666667,186858.0,391924.0,-11016.0,ALL_CONTRACTS_MEAN,,GFEX LC all-contract simple mean settlement price
2024-12-18,78393.33333333333,218103.0,389786.0,-2138.0,ALL_CONTRACTS_MEAN,,GFEX LC all-contract simple mean settlement price
2024-12-19,77573.33333333333,187038.0,373837.0,-15949.0,ALL_CONTRACTS_MEAN,,GFEX LC all-contract simple mean settlement price
2024-12-20,78278.33333333333,206713.0,367766.0,-6071.0,ALL_CONTRACTS_MEAN,,GFEX LC all-contract simple mean settlement price
2024-12-23,78236.66666666667,157470.0,367281.0,-485.0,ALL_CONTRACTS_MEAN,,GFEX LC all-contract simple mean settlement price
2024-12-24,78450.0,162575.0,370004.0,2723.0,ALL_CONTRACTS_MEAN,,GFEX LC all-contract simple mean settlement price
2024-12-25,78168.33333333333,155796.0,366959.0,-3045.0,ALL_CONTRACTS_MEAN,,GFEX LC all-contract simple mean settlement price
2024-12-26,78201.66666666667,136157.0,361340.0,-5619.0,ALL_CONTRACTS_MEAN,,GFEX LC all-contract simple mean settlement price
2024-12-27,77961.66666666667,170213.0,365291.0,3951.0,ALL_CONTRACTS_MEAN,,GFEX LC all-contract simple mean settlement price
2024-12-30,78015.0,357200.0,374830.0,9539.0,ALL_CONTRACTS_MEAN,,GFEX LC all-contract simple mean settlement price
2024-12-31,77796.66666666667,225644.0,376499.0,1669.0,ALL_CONTRACTS_MEAN,,GFEX LC all-contract simple mean settlement price
2025-01-02,78185.0,214331.0,363731.0,-12768.0,ALL_CONTRACTS_MEAN,,GFEX LC all-contract simple mean settlement price
2025-01-03,77205.0,241316.0,353761.0,-9970.0,ALL_CONTRACTS_MEAN,,GFEX LC all-contract simple mean settlement price
2025-01-06,78676.66666666667,364604.0,344074.0,-9687.0,ALL_CONTRACTS_MEAN,,GFEX LC all-contract simple mean settlement price
2025-01-07,78968.33333333333,315177.0,369576.0,25502.0,ALL_CONTRACTS_MEAN,,GFEX LC all-contract simple mean settlement price
2025-01-08,78201.66666666667,244784.0,360037.0,-9539.0,ALL_CONTRACTS_MEAN,,GFEX LC all-contract simple mean settlement price
2025-01-09,78151.66666666667,193554.0,358761.0,-1276.0,ALL_CONTRACTS_MEAN,,GFEX LC all-contract simple mean settlement price
2025-01-10,78156.66666666667,167400.0,356643.0,-2118.0,ALL_CONTRACTS_MEAN,,GFEX LC all-contract simple mean settlement price
2025-01-13,78973.33333333333,234038.0,358825.0,2182.0,ALL_CONTRACTS_MEAN,,GFEX LC all-contract simple mean settlement price
2025-01-14,79418.33333333333,238176.0,379157.0,20332.0,ALL_CONTRACTS_MEAN,,GFEX LC all-contract simple mean settlement price
2025-01-15,79968.33333333333,379981.0,409729.0,30572.0,ALL_CONTRACTS_MEAN,,GFEX LC all-contract simple mean settlement price
2025-01-16,80346.66666666667,205773.0,401317.0,-8412.0,ALL_CONTRACTS_MEAN,,GFEX LC all-contract simple mean settlement price
2025-01-17,80990.0,280464.0,412759.0,11442.0,ALL_CONTRACTS_MEAN,,GFEX LC all-contract simple mean settlement price
2025-01-20,81048.33333333333,284369.0,416963.0,4204.0,ALL_CONTRACTS_MEAN,,GFEX LC all-contract simple mean settlement price
2025-01-21,79950.0,366011.0,405999.0,-10964.0,ALL_CONTRACTS_MEAN,,GFEX LC all-contract simple mean settlement price
2025-01-22,79591.66666666667,154161.0,397147.0,-8852.0,ALL_CONTRACTS_MEAN,,GFEX LC all-contract simple mean settlement price
2025-01-23,80045.0,149700.0,393822.0,-3325.0,ALL_CONTRACTS_MEAN,,GFEX LC all-contract simple mean settlement price
2025-01-24,79990.0,122136.0,383780.0,-10042.0,ALL_CONTRACTS_MEAN,,GFEX LC all-contract simple mean settlement price
2025-01-27,79966.66666666667,155418.0,378934.0,-4846.0,ALL_CONTRACTS_MEAN,,GFEX LC all-contract simple mean settlement price
2025-02-05,79180.0,179637.0,383719.0,4785.0,ALL_CONTRACTS_MEAN,,GFEX LC all-contract simple mean settlement price
2025-02-06,78630.0,181324.0,392359.0,8640.0,ALL_CONTRACTS_MEAN,,GFEX LC all-contract simple mean settlement price
2025-02-07,79000.0,176844.0,381758.0,-10601.0,ALL_CONTRACTS_MEAN,,GFEX LC all-contract simple mean settlement price
2025-02-10,79265.0,229986.0,380520.0,-1238.0,ALL_CONTRACTS_MEAN,,GFEX LC all-contract simple mean settlement price
2025-02-11,78643.33333333333,197678.0,385500.0,4980.0,ALL_CONTRACTS_MEAN,,GFEX LC all-contract simple mean settlement price
2025-02-12,78711.66666666667,139024.0,385602.0,102.0,ALL_CONTRACTS_MEAN,,GFEX LC all-contract simple mean settlement price
2025-02-13,78598.33333333333,151970.0,388081.0,2479.0,ALL_CONTRACTS_MEAN,,GFEX LC all-contract simple mean settlement price
2025-02-14,78218.33333333333,174464.0,393486.0,5405.0,ALL_CONTRACTS_MEAN,,GFEX LC all-contract simple mean settlement price
2025-02-17,78148.33333333333,135248.0,385111.0,-8375.0,ALL_CONTRACTS_MEAN,,GFEX LC all-contract simple mean settlement price
2025-02-18,78373.33333333333,104685.0,383245.0,-1866.0,ALL_CONTRACTS_MEAN,,GFEX LC all-contract simple mean settlement price
2025-02-19,78880.0,124315.0,380254.0,-2991.0,ALL_CONTRACTS_MEAN,,GFEX LC all-contract simple mean settlement price
2025-02-20,78865.0,123788.0,375818.0,-4436.0,ALL_CONTRACTS_MEAN,,GFEX LC all-contract simple mean settlement price
2025-02-21,78563.33333333333,153242.0,388682.0,12864.0,ALL_CONTRACTS_MEAN,,GFEX LC all-contract simple mean settlement price
2025-02-24,78381.66666666667,127468.0,388719.0,37.0,ALL_CONTRACTS_MEAN,,GFEX LC all-contract simple mean settlement price
2025-02-25,78596.66666666667,146855.0,375632.0,-13087.0,ALL_CONTRACTS_MEAN,,GFEX LC all-contract simple mean settlement price
2025-02-26,78126.66666666667,180640.0,389482.0,13850.0,ALL_CONTRACTS_MEAN,,GFEX LC all-contract simple mean settlement price
2025-02-27,77941.66666666667,139951.0,384946.0,-4536.0,ALL_CONTRACTS_MEAN,,GFEX LC all-contract simple mean settlement price
2025-02-28,77585.0,171538.0,400492.0,15546.0,ALL_CONTRACTS_MEAN,,GFEX LC all-contract simple mean settlement price
2025-03-03,77600.0,117398.0,391707.0,-8785.0,ALL_CONTRACTS_MEAN,,GFEX LC all-contract simple mean settlement price
2025-03-04,77400.0,106412.0,387902.0,-3805.0,ALL_CONTRACTS_MEAN,,GFEX LC all-contract simple mean settlement price
2025-03-05,77365.0,124958.0,379344.0,-8558.0,ALL_CONTRACTS_MEAN,,GFEX LC all-contract simple mean settlement price
2025-03-06,77925.0,179389.0,371208.0,-8136.0,ALL_CONTRACTS_MEAN,,GFEX LC all-contract simple mean settlement price
2025-03-07,78285.0,196432.0,373886.0,2678.0,ALL_CONTRACTS_MEAN,,GFEX LC all-contract simple mean settlement price
2025-03-10,77888.33333333333,126479.0,372409.0,-1477.0,ALL_CONTRACTS_MEAN,,GFEX LC all-contract simple mean settlement price
2025-03-11,77498.33333333333,99280.0,372361.0,-48.0,ALL_CONTRACTS_MEAN,,GFEX LC all-contract simple mean settlement price
2025-03-12,77575.0,89475.0,372868.0,507.0,ALL_CONTRACTS_MEAN,,GFEX LC all-contract simple mean settlement price
2025-03-13,77195.0,81039.0,374924.0,2056.0,ALL_CONTRACTS_MEAN,,GFEX LC all-contract simple mean settlement price
2025-03-14,77376.66666666667,113520.0,373880.0,-1044.0,ALL_CONTRACTS_MEAN,,GFEX LC all-contract simple mean settlement price
2025-03-17,78153.33333333333,158446.0,377358.0,3478.0,ALL_CONTRACTS_MEAN,,GFEX LC all-contract simple mean settlement price
2025-03-18,77833.33333333333,159240.0,382184.0,4826.0,ALL_CONTRACTS_MEAN,,GFEX LC all-contract simple mean settlement price
2025-03-19,77465.0,83269.0,379904.0,-2280.0,ALL_CONTRACTS_MEAN,,GFEX LC all-contract simple mean settlement price
2025-03-20,75951.66666666667,292666.0,395206.0,15302.0,ALL_CONTRACTS_MEAN,,GFEX LC all-contract simple mean settlement price
2025-03-21,75301.66666666667,186859.0,391937.0,-3269.0,ALL_CONTRACTS_MEAN,,GFEX LC all-contract simple mean settlement price
2025-03-24,75670.0,113759.0,382039.0,-9898.0,ALL_CONTRACTS_MEAN,,GFEX LC all-contract simple mean settlement price
2025-03-25,75890.0,125262.0,374287.0,-7752.0,ALL_CONTRACTS_MEAN,,GFEX LC all-contract simple mean settlement price
2025-03-26,75918.33333333333,146732.0,366463.0,-7824.0,ALL_CONTRACTS_MEAN,,GFEX LC all-contract simple mean settlement price
2025-03-27,76113.33333333333,137766.0,367970.0,1507.0,ALL_CONTRACTS_MEAN,,GFEX LC all-contract simple mean settlement price
2025-03-28,75956.66666666667,125747.0,367153.0,-817.0,ALL_CONTRACTS_MEAN,,GFEX LC all-contract simple mean settlement price
2025-03-31,75776.66666666667,116711.0,362587.0,-4566.0,ALL_CONTRACTS_MEAN,,GFEX LC all-contract simple mean settlement price
2025-04-01,76083.33333333333,104298.0,355825.0,-6762.0,ALL_CONTRACTS_MEAN,,GFEX LC all-contract simple mean settlement price
2025-04-02,75675.0,154177.0,366192.0,10367.0,ALL_CONTRACTS_MEAN,,GFEX LC all-contract simple mean settlement price
2025-04-03,75103.33333333333,116774.0,362218.0,-3974.0,ALL_CONTRACTS_MEAN,,GFEX LC all-contract simple mean settlement price
2025-04-07,73006.66666666667,227727.0,343692.0,-18526.0,ALL_CONTRACTS_MEAN,,GFEX LC all-contract simple mean settlement price
2025-04-08,72461.66666666667,208458.0,346849.0,3157.0,ALL_CONTRACTS_MEAN,,GFEX LC all-contract simple mean settlement price
2025-04-09,71245.0,206921.0,334956.0,-11893.0,ALL_CONTRACTS_MEAN,,GFEX LC all-contract simple mean settlement price
2025-04-10,72343.33333333333,141869.0,329983.0,-4973.0,ALL_CONTRACTS_MEAN,,GFEX LC all-contract simple mean settlement price
2025-04-11,71921.66666666667,105657.0,326331.0,-3652.0,ALL_CONTRACTS_MEAN,,GFEX LC all-contract simple mean settlement price
2025-04-14,72530.0,134149.0,321690.0,-4641.0,ALL_CONTRACTS_MEAN,,GFEX LC all-contract simple mean settlement price
2025-04-15,72301.66666666667,78441.0,323050.0,1360.0,ALL_CONTRACTS_MEAN,,GFEX LC all-contract simple mean settlement price
2025-04-16,72480.0,126608.0,324289.0,1239.0,ALL_CONTRACTS_MEAN,,GFEX LC all-contract simple mean settlement price
2025-04-17,72141.66666666667,94761.0,321270.0,-3019.0,ALL_CONTRACTS_MEAN,,GFEX LC all-contract simple mean settlement price
2025-04-18,71841.66666666667,148232.0,322559.0,1289.0,ALL_CONTRACTS_MEAN,,GFEX LC all-contract simple mean settlement price
2025-04-21,70985.0,267293.0,347511.0,24952.0,ALL_CONTRACTS_MEAN,,GFEX LC all-contract simple mean settlement price
2025-04-22,70035.0,213834.0,369384.0,21873.0,ALL_CONTRACTS_MEAN,,GFEX LC all-contract simple mean settlement price
2025-04-23,69995.0,276027.0,365876.0,-3508.0,ALL_CONTRACTS_MEAN,,GFEX LC all-contract simple mean settlement price
2025-04-24,70066.66666666667,137595.0,364676.0,-1200.0,ALL_CONTRACTS_MEAN,,GFEX LC all-contract simple mean settlement price
2025-04-25,69945.0,151998.0,362961.0,-1715.0,ALL_CONTRACTS_MEAN,,GFEX LC all-contract simple mean settlement price
2025-04-28,69101.66666666667,194204.0,393166.0,30205.0,ALL_CONTRACTS_MEAN,,GFEX LC all-contract simple mean settlement price
2025-04-29,68180.0,171002.0,394193.0,1027.0,ALL_CONTRACTS_MEAN,,GFEX LC all-contract simple mean settlement price
2025-04-30,67928.33333333333,155537.0,388360.0,-5833.0,ALL_CONTRACTS_MEAN,,GFEX LC all-contract simple mean settlement price
2025-05-06,67181.66666666667,138106.0,407535.0,19175.0,ALL_CONTRACTS_MEAN,,GFEX LC all-contract simple mean settlement price
2025-05-07,66438.33333333333,260648.0,437294.0,29759.0,ALL_CONTRACTS_MEAN,,GFEX LC all-contract simple mean settlement price
2025-05-08,65446.66666666666,383717.0,433977.0,-3317.0,ALL_CONTRACTS_MEAN,,GFEX LC all-contract simple mean settlement price
2025-05-09,65410.0,351602.0,468568.0,34591.0,ALL_CONTRACTS_MEAN,,GFEX LC all-contract simple mean settlement price
2025-05-12,65316.66666666666,401236.0,466523.0,-2045.0,ALL_CONTRACTS_MEAN,,GFEX LC all-contract simple mean settlement price
2025-05-13,64960.0,274984.0,484211.0,17688.0,ALL_CONTRACTS_MEAN,,GFEX LC all-contract simple mean settlement price
2025-05-14,66235.0,473373.0,465422.0,-18789.0,ALL_CONTRACTS_MEAN,,GFEX LC all-contract simple mean settlement price
2025-05-15,66133.33333333333,279303.0,480821.0,15399.0,ALL_CONTRACTS_MEAN,,GFEX LC all-contract simple mean settlement price
2025-05-16,64331.66666666666,404752.0,550105.0,69284.0,ALL_CONTRACTS_MEAN,,GFEX LC all-contract simple mean settlement price
2025-05-19,63415.0,292258.0,566765.0,16660.0,ALL_CONTRACTS_MEAN,,GFEX LC all-contract simple mean settlement price
2025-05-20,62773.333333333336,309261.0,578509.0,11744.0,ALL_CONTRACTS_MEAN,,GFEX LC all-contract simple mean settlement price
2025-05-21,63165.0,336081.0,571450.0,-7059.0,ALL_CONTRACTS_MEAN,,GFEX LC all-contract simple mean settlement price
2025-05-22,63856.66666666666,532295.0,555870.0,-15580.0,ALL_CONTRACTS_MEAN,,GFEX LC all-contract simple mean settlement price
2025-05-23,63336.66666666666,383881.0,574843.0,18973.0,ALL_CONTRACTS_MEAN,,GFEX LC all-contract simple mean settlement price
2025-05-26,62291.66666666666,342290.0,585095.0,10252.0,ALL_CONTRACTS_MEAN,,GFEX LC all-contract simple mean settlement price
2025-05-27,62013.333333333336,550133.0,567772.0,-17323.0,ALL_CONTRACTS_MEAN,,GFEX LC all-contract simple mean settlement price
2025-05-28,61116.66666666666,541263.0,569527.0,1755.0,ALL_CONTRACTS_MEAN,,GFEX LC all-contract simple mean settlement price
2025-05-29,60036.66666666666,551109.0,594597.0,25070.0,ALL_CONTRACTS_MEAN,,GFEX LC all-contract simple mean settlement price
2025-05-30,60408.333333333336,599935.0,573701.0,-20896.0,ALL_CONTRACTS_MEAN,,GFEX LC all-contract simple mean settlement price
2025-06-03,60218.333333333336,448099.0,585875.0,12174.0,ALL_CONTRACTS_MEAN,,GFEX LC all-contract simple mean settlement price
2025-06-04,61116.66666666666,630415.0,578740.0,-7135.0,ALL_CONTRACTS_MEAN,,GFEX LC all-contract simple mean settlement price
2025-06-05,61135.0,375074.0,578419.0,-321.0,ALL_CONTRACTS_MEAN,,GFEX LC all-contract simple mean settlement price
2025-06-06,61593.333333333336,409342.0,565526.0,-12893.0,ALL_CONTRACTS_MEAN,,GFEX LC all-contract simple mean settlement price
2025-06-09,61460.0,255444.0,563120.0,-2406.0,ALL_CONTRACTS_MEAN,,GFEX LC all-contract simple mean settlement price
2025-06-10,61343.333333333336,356613.0,555779.0,-7341.0,ALL_CONTRACTS_MEAN,,GFEX LC all-contract simple mean settlement price
2025-06-11,61920.0,456772.0,562980.0,7201.0,ALL_CONTRACTS_MEAN,,GFEX LC all-contract simple mean settlement price
2025-06-12,61195.0,372443.0,578848.0,15868.0,ALL_CONTRACTS_MEAN,,GFEX LC all-contract simple mean settlement price
2025-06-13,60595.0,400281.0,597958.0,19110.0,ALL_CONTRACTS_MEAN,,GFEX LC all-contract simple mean settlement price
2025-06-16,59965.0,363131.0,615599.0,17641.0,ALL_CONTRACTS_MEAN,,GFEX LC all-contract simple mean settlement price
2025-06-17,60158.333333333336,271096.0,612829.0,-2770.0,ALL_CONTRACTS_MEAN,,GFEX LC all-contract simple mean settlement price
2025-06-18,60396.66666666666,258610.0,604974.0,-7855.0,ALL_CONTRACTS_MEAN,,GFEX LC all-contract simple mean settlement price
2025-06-19,60310.0,243745.0,598148.0,-6826.0,ALL_CONTRACTS_MEAN,,GFEX LC all-contract simple mean settlement price
2025-06-20,59853.333333333336,449957.0,647277.0,49129.0,ALL_CONTRACTS_MEAN,,GFEX LC all-contract simple mean settlement price
2025-06-23,59090.0,357650.0,656617.0,9340.0,ALL_CONTRACTS_MEAN,,GFEX LC all-contract simple mean settlement price
2025-06-24,60346.66666666666,860946.0,631536.0,-25081.0,ALL_CONTRACTS_MEAN,,GFEX LC all-contract simple mean settlement price
2025-06-25,61051.66666666666,451997.0,630554.0,-982.0,ALL_CONTRACTS_MEAN,,GFEX LC all-contract simple mean settlement price
2025-06-26,61515.0,491404.0,619950.0,-10604.0,ALL_CONTRACTS_MEAN,,GFEX LC all-contract simple mean settlement price
2025-06-27,62975.0,791555.0,615022.0,-4928.0,ALL_CONTRACTS_MEAN,,GFEX LC all-contract simple mean settlement price
2025-06-30,62936.66666666666,494672.0,596987.0,-18035.0,ALL_CONTRACTS_MEAN,,GFEX LC all-contract simple mean settlement price
2025-07-01,62135.0,484857.0,592395.0,-4592.0,ALL_CONTRACTS_MEAN,,GFEX LC all-contract simple mean settlement price
2025-07-02,63580.0,652707.0,589634.0,-2761.0,ALL_CONTRACTS_MEAN,,GFEX LC all-contract simple mean settlement price
2025-07-03,63910.0,510281.0,603359.0,13725.0,ALL_CONTRACTS_MEAN,,GFEX LC all-contract simple mean settlement price
2025-07-04,63801.66666666666,431146.0,592838.0,-10521.0,ALL_CONTRACTS_MEAN,,GFEX LC all-contract simple mean settlement price
2025-07-07,63580.0,283996.0,591177.0,-1661.0,ALL_CONTRACTS_MEAN,,GFEX LC all-contract simple mean settlement price
2025-07-08,64321.66666666666,675144.0,599714.0,8537.0,ALL_CONTRACTS_MEAN,,GFEX LC all-contract simple mean settlement price
2025-07-09,64431.66666666666,416987.0,585066.0,-14648.0,ALL_CONTRACTS_MEAN,,GFEX LC all-contract simple mean settlement price
2025-07-10,64645.0,497318.0,591900.0,6834.0,ALL_CONTRACTS_MEAN,,GFEX LC all-contract simple mean settlement price
2025-07-11,64333.333333333336,502065.0,600972.0,9072.0,ALL_CONTRACTS_MEAN,,GFEX LC all-contract simple mean settlement price
2025-07-14,66248.33333333333,1230147.0,635053.0,34081.0,ALL_CONTRACTS_MEAN,,GFEX LC all-contract simple mean settlement price
2025-07-15,66231.66666666667,926362.0,622936.0,-12117.0,ALL_CONTRACTS_MEAN,,GFEX LC all-contract simple mean settlement price
2025-07-16,66326.66666666667,572135.0,619618.0,-3318.0,ALL_CONTRACTS_MEAN,,GFEX LC all-contract simple mean settlement price
2025-07-17,67510.0,1041452.0,637419.0,17801.0,ALL_CONTRACTS_MEAN,,GFEX LC all-contract simple mean settlement price
2025-07-18,68551.66666666667,1472768.0,660768.0,23349.0,ALL_CONTRACTS_MEAN,,GFEX LC all-contract simple mean settlement price
2025-07-21,69903.33333333333,1040494.0,677768.0,17000.0,ALL_CONTRACTS_MEAN,,GFEX LC all-contract simple mean settlement price
2025-07-22,71120.0,1420852.0,718301.0,40533.0,ALL_CONTRACTS_MEAN,,GFEX LC all-contract simple mean settlement price
2025-07-23,70680.0,1787568.0,691312.0,-26989.0,ALL_CONTRACTS_MEAN,,GFEX LC all-contract simple mean settlement price
2025-07-24,73080.0,2394688.0,816142.0,124830.0,ALL_CONTRACTS_MEAN,,GFEX LC all-contract simple mean settlement price
2025-07-25,76658.33333333333,1705026.0,908178.0,92036.0,ALL_CONTRACTS_MEAN,,GFEX LC all-contract simple mean settlement price
2025-07-28,72770.0,1624234.0,800394.0,-107784.0,ALL_CONTRACTS_MEAN,,GFEX LC all-contract simple mean settlement price
2025-07-29,69796.66666666667,1304747.0,721541.0,-78853.0,ALL_CONTRACTS_MEAN,,GFEX LC all-contract simple mean settlement price
2025-07-30,71431.66666666667,1536939.0,726914.0,5373.0,ALL_CONTRACTS_MEAN,,GFEX LC all-contract simple mean settlement price
2025-07-31,68550.0,1139291.0,699164.0,-27750.0,ALL_CONTRACTS_MEAN,,GFEX LC all-contract simple mean settlement price
2025-08-01,69443.33333333333,857282.0,696107.0,-3057.0,ALL_CONTRACTS_MEAN,,GFEX LC all-contract simple mean settlement price
2025-08-04,69738.33333333333,670047.0,701824.0,5717.0,ALL_CONTRACTS_MEAN,,GFEX LC all-contract simple mean settlement price
2025-08-05,68886.66666666667,765248.0,690060.0,-11764.0,ALL_CONTRACTS_MEAN,,GFEX LC all-contract simple mean settlement price
2025-08-06,68960.0,662455.0,713116.0,23056.0,ALL_CONTRACTS_MEAN,,GFEX LC all-contract simple mean settlement price
2025-08-07,71493.33333333333,1215220.0,741254.0,28138.0,ALL_CONTRACTS_MEAN,,GFEX LC all-contract simple mean settlement price
2025-08-08,74718.33333333333,1317026.0,782023.0,40769.0,ALL_CONTRACTS_MEAN,,GFEX LC all-contract simple mean settlement price
2025-08-11,80450.0,92964.0,783699.0,1676.0,ALL_CONTRACTS_MEAN,,GFEX LC all-contract simple mean settlement price
2025-08-12,83663.33333333333,2178400.0,836361.0,52662.0,ALL_CONTRACTS_MEAN,,GFEX LC all-contract simple mean settlement price
2025-08-13,83508.33333333333,1691567.0,875577.0,39216.0,ALL_CONTRACTS_MEAN,,GFEX LC all-contract simple mean settlement price
2025-08-14,82900.0,1458233.0,874921.0,-656.0,ALL_CONTRACTS_MEAN,,GFEX LC all-contract simple mean settlement price
2025-08-15,84110.0,1184088.0,894334.0,19413.0,ALL_CONTRACTS_MEAN,,GFEX LC all-contract simple mean settlement price
2025-08-18,88061.66666666667,1422254.0,918292.0,23958.0,ALL_CONTRACTS_MEAN,,GFEX LC all-contract simple mean settlement price
2025-08-19,87126.66666666667,980407.0,901416.0,-16876.0,ALL_CONTRACTS_MEAN,,GFEX LC all-contract simple mean settlement price
2025-08-20,81730.0,1204739.0,841337.0,-60079.0,ALL_CONTRACTS_MEAN,,GFEX LC all-contract simple mean settlement price
2025-08-21,81251.66666666667,1040960.0,820203.0,-21134.0,ALL_CONTRACTS_MEAN,,GFEX LC all-contract simple mean settlement price
2025-08-22,78568.33333333333,1231366.0,789520.0,-30683.0,ALL_CONTRACTS_MEAN,,GFEX LC all-contract simple mean settlement price
2025-08-25,78738.33333333333,831873.0,788716.0,-804.0,ALL_CONTRACTS_MEAN,,GFEX LC all-contract simple mean settlement price
2025-08-26,78091.66666666667,733657.0,761026.0,-27690.0,ALL_CONTRACTS_MEAN,,GFEX LC all-contract simple mean settlement price
2025-08-27,78873.33333333333,912369.0,757922.0,-3104.0,ALL_CONTRACTS_MEAN,,GFEX LC all-contract simple mean settlement price
2025-08-28,75918.33333333333,1060665.0,744733.0,-13189.0,ALL_CONTRACTS_MEAN,,GFEX LC all-contract simple mean settlement price
2025-08-29,76706.66666666667,643149.0,744380.0,-353.0,ALL_CONTRACTS_MEAN,,GFEX LC all-contract simple mean settlement price
2025-09-01,75295.0,720923.0,741853.0,-2527.0,ALL_CONTRACTS_MEAN,,GFEX LC all-contract simple mean settlement price
2025-09-02,73755.0,831074.0,761420.0,19567.0,ALL_CONTRACTS_MEAN,,GFEX LC all-contract simple mean settlement price
2025-09-03,72626.66666666667,595454.0,763953.0,2533.0,ALL_CONTRACTS_MEAN,,GFEX LC all-contract simple mean settlement price
2025-09-04,73116.66666666667,947387.0,777956.0,14003.0,ALL_CONTRACTS_MEAN,,GFEX LC all-contract simple mean settlement price
2025-09-05,74040.0,1071588.0,811867.0,33911.0,ALL_CONTRACTS_MEAN,,GFEX LC all-contract simple mean settlement price
2025-09-08,74670.0,1006332.0,807874.0,-3993.0,ALL_CONTRACTS_MEAN,,GFEX LC all-contract simple mean settlement price
2025-09-09,74426.66666666667,794938.0,806377.0,-1497.0,ALL_CONTRACTS_MEAN,,GFEX LC all-contract simple mean settlement price
2025-09-10,70293.33333333333,1063402.0,796180.0,-10197.0,ALL_CONTRACTS_MEAN,,GFEX LC all-contract simple mean settlement price
2025-09-11,71005.0,564454.0,778508.0,-17672.0,ALL_CONTRACTS_MEAN,,GFEX LC all-contract simple mean settlement price
2025-09-12,71588.33333333333,523111.0,761900.0,-16608.0,ALL_CONTRACTS_MEAN,,GFEX LC all-contract simple mean settlement price
2025-09-15,72466.66666666667,646168.0,761248.0,-652.0,ALL_CONTRACTS_MEAN,,GFEX LC all-contract simple mean settlement price
2025-09-16,73886.66666666667,671978.0,754858.0,-6390.0,ALL_CONTRACTS_MEAN,,GFEX LC all-contract simple mean settlement price
2025-09-17,73663.33333333333,456716.0,750058.0,-4800.0,ALL_CONTRACTS_MEAN,,GFEX LC all-contract simple mean settlement price
2025-09-18,72986.66666666667,661600.0,732100.0,-17958.0,ALL_CONTRACTS_MEAN,,GFEX LC all-contract simple mean settlement price
2025-09-19,73663.33333333333,492310.0,734905.0,2805.0,ALL_CONTRACTS_MEAN,,GFEX LC all-contract simple mean settlement price
2025-09-22,73956.66666666667,534038.0,724411.0,-10494.0,ALL_CONTRACTS_MEAN,,GFEX LC all-contract simple mean settlement price
2025-09-23,73500.0,670365.0,704420.0,-19991.0,ALL_CONTRACTS_MEAN,,GFEX LC all-contract simple mean settlement price
2025-09-24,73331.66666666667,467625.0,714619.0,10199.0,ALL_CONTRACTS_MEAN,,GFEX LC all-contract simple mean settlement price
2025-09-25,73511.66666666667,470404.0,713068.0,-1551.0,ALL_CONTRACTS_MEAN,,GFEX LC all-contract simple mean settlement price
2025-09-26,73111.66666666667,633239.0,695123.0,-17945.0,ALL_CONTRACTS_MEAN,,GFEX LC all-contract simple mean settlement price
2025-09-29,73498.33333333333,657174.0,695786.0,663.0,ALL_CONTRACTS_MEAN,,GFEX LC all-contract simple mean settlement price
2025-09-30,73101.66666666667,432403.0,676349.0,-19437.0,ALL_CONTRACTS_MEAN,,GFEX LC all-contract simple mean settlement price
2025-10-09,73600.0,547026.0,677908.0,1559.0,ALL_CONTRACTS_MEAN,,GFEX LC all-contract simple mean settlement price
2025-10-10,73375.0,445495.0,681696.0,3788.0,ALL_CONTRACTS_MEAN,,GFEX LC all-contract simple mean settlement price
2025-10-13,72671.66666666667,434460.0,682469.0,773.0,ALL_CONTRACTS_MEAN,,GFEX LC all-contract simple mean settlement price
2025-10-14,73360.0,435820.0,665639.0,-16830.0,ALL_CONTRACTS_MEAN,,GFEX LC all-contract simple mean settlement price
2025-10-15,73423.33333333333,358650.0,673419.0,7780.0,ALL_CONTRACTS_MEAN,,GFEX LC all-contract simple mean settlement price
2025-10-16,74101.66666666667,507153.0,681313.0,7894.0,ALL_CONTRACTS_MEAN,,GFEX LC all-contract simple mean settlement price
2025-10-17,75820.0,755131.0,705766.0,24453.0,ALL_CONTRACTS_MEAN,,GFEX LC all-contract simple mean settlement price
2025-10-20,76005.0,400577.0,706153.0,387.0,ALL_CONTRACTS_MEAN,,GFEX LC all-contract simple mean settlement price
2025-10-21,75778.33333333333,347988.0,701145.0,-5008.0,ALL_CONTRACTS_MEAN,,GFEX LC all-contract simple mean settlement price
2025-10-22,76390.0,563416.0,743009.0,41864.0,ALL_CONTRACTS_MEAN,,GFEX LC all-contract simple mean settlement price
2025-10-23,78293.33333333333,699824.0,815542.0,72533.0,ALL_CONTRACTS_MEAN,,GFEX LC all-contract simple mean settlement price
2025-10-24,79631.66666666667,864433.0,812167.0,-3375.0,ALL_CONTRACTS_MEAN,,GFEX LC all-contract simple mean settlement price
2025-10-27,80876.66666666667,697443.0,862528.0,50361.0,ALL_CONTRACTS_MEAN,,GFEX LC all-contract simple mean settlement price
2025-10-28,81946.66666666667,937954.0,862606.0,78.0,ALL_CONTRACTS_MEAN,,GFEX LC all-contract simple mean settlement price
2025-10-29,82108.33333333333,834935.0,875981.0,13375.0,ALL_CONTRACTS_MEAN,,GFEX LC all-contract simple mean settlement price
2025-10-30,83300.0,1037085.0,912869.0,36888.0,ALL_CONTRACTS_MEAN,,GFEX LC all-contract simple mean settlement price
2025-10-31,82056.66666666667,1119094.0,883092.0,-29777.0,ALL_CONTRACTS_MEAN,,GFEX LC all-contract simple mean settlement price
2025-11-03,81975.0,745234.0,904776.0,21684.0,ALL_CONTRACTS_MEAN,,GFEX LC all-contract simple mean settlement price
2025-11-04,79548.33333333333,1232964.0,826917.0,-77859.0,ALL_CONTRACTS_MEAN,,GFEX LC all-contract simple mean settlement price
2025-11-05,79145.0,657037.0,827766.0,849.0,ALL_CONTRACTS_MEAN,,GFEX LC all-contract simple mean settlement price
2025-11-06,79760.0,705444.0,853714.0,25948.0,ALL_CONTRACTS_MEAN,,GFEX LC all-contract simple mean settlement price
2025-11-07,81326.66666666667,1067704.0,909484.0,55770.0,ALL_CONTRACTS_MEAN,,GFEX LC all-contract simple mean settlement price
2025-11-10,85396.66666666667,1306577.0,986598.0,77114.0,ALL_CONTRACTS_MEAN,,GFEX LC all-contract simple mean settlement price
2025-11-11,86796.66666666667,1125244.0,992253.0,5655.0,ALL_CONTRACTS_MEAN,,GFEX LC all-contract simple mean settlement price
2025-11-12,86541.66666666667,1413311.0,1003409.0,11156.0,ALL_CONTRACTS_MEAN,,GFEX LC all-contract simple mean settlement price
2025-11-13,88218.33333333333,1389104.0,1037262.0,33853.0,ALL_CONTRACTS_MEAN,,GFEX LC all-contract simple mean settlement price
2025-11-14,87131.66666666667,939478.0,1024914.0,-12348.0,ALL_CONTRACTS_MEAN,,GFEX LC all-contract simple mean settlement price
2025-11-17,93085.0,1850222.0,1118668.0,93754.0,ALL_CONTRACTS_MEAN,,GFEX LC all-contract simple mean settlement price
2025-11-18,95090.0,1998474.0,1022292.0,-96376.0,ALL_CONTRACTS_MEAN,,GFEX LC all-contract simple mean settlement price
2025-11-19,98366.66666666669,2425955.0,1093042.0,70750.0,ALL_CONTRACTS_MEAN,,GFEX LC all-contract simple mean settlement price
2025-11-20,100651.66666666669,2503762.0,1077295.0,-15747.0,ALL_CONTRACTS_MEAN,,GFEX LC all-contract simple mean settlement price
2025-11-21,93835.0,2106084.0,998213.0,-79082.0,ALL_CONTRACTS_MEAN,,GFEX LC all-contract simple mean settlement price
2025-11-24,92246.66666666669,971940.0,977397.0,-20816.0,ALL_CONTRACTS_MEAN,,GFEX LC all-contract simple mean settlement price
2025-11-25,94240.0,1264789.0,1033634.0,56237.0,ALL_CONTRACTS_MEAN,,GFEX LC all-contract simple mean settlement price
2025-11-26,97091.66666666669,1354151.0,1055255.0,21621.0,ALL_CONTRACTS_MEAN,,GFEX LC all-contract simple mean settlement price
2025-11-27,96553.33333333331,1092456.0,1066017.0,10762.0,ALL_CONTRACTS_MEAN,,GFEX LC all-contract simple mean settlement price
2025-11-28,95776.66666666669,841418.0,1070772.0,4755.0,ALL_CONTRACTS_MEAN,,GFEX LC all-contract simple mean settlement price
2025-12-01,96596.66666666669,778250.0,1078188.0,7416.0,ALL_CONTRACTS_MEAN,,GFEX LC all-contract simple mean settlement price
2025-12-02,95710.0,600263.0,1078521.0,333.0,ALL_CONTRACTS_MEAN,,GFEX LC all-contract simple mean settlement price
2025-12-03,94260.0,874952.0,1062943.0,-15578.0,ALL_CONTRACTS_MEAN,,GFEX LC all-contract simple mean settlement price
2025-12-04,92653.33333333331,878929.0,1045917.0,-17026.0,ALL_CONTRACTS_MEAN,,GFEX LC all-contract simple mean settlement price
2025-12-05,92530.0,635658.0,1052293.0,6376.0,ALL_CONTRACTS_MEAN,,GFEX LC all-contract simple mean settlement price
2025-12-08,93306.66666666669,797660.0,1053690.0,1397.0,ALL_CONTRACTS_MEAN,,GFEX LC all-contract simple mean settlement price
2025-12-09,92976.66666666669,658380.0,1022990.0,-30700.0,ALL_CONTRACTS_MEAN,,GFEX LC all-contract simple mean settlement price
2025-12-10,94438.33333333331,786721.0,1040523.0,17533.0,ALL_CONTRACTS_MEAN,,GFEX LC all-contract simple mean settlement price
2025-12-11,97201.66666666669,916030.0,1063114.0,22591.0,ALL_CONTRACTS_MEAN,,GFEX LC all-contract simple mean settlement price
2025-12-12,98786.66666666669,933571.0,1055570.0,-7544.0,ALL_CONTRACTS_MEAN,,GFEX LC all-contract simple mean settlement price
2025-12-15,99068.33333333331,850720.0,1079143.0,23573.0,ALL_CONTRACTS_MEAN,,GFEX LC all-contract simple mean settlement price
2025-12-16,100863.33333333331,747122.0,1084952.0,5809.0,ALL_CONTRACTS_MEAN,,GFEX LC all-contract simple mean settlement price
2025-12-17,106776.66666666669,1496124.0,1078305.0,-6647.0,ALL_CONTRACTS_MEAN,,GFEX LC all-contract simple mean settlement price
2025-12-18,107461.66666666669,1311248.0,1066231.0,-12074.0,ALL_CONTRACTS_MEAN,,GFEX LC all-contract simple mean settlement price
2025-12-19,110255.0,1201502.0,1052074.0,-14157.0,ALL_CONTRACTS_MEAN,,GFEX LC all-contract simple mean settlement price
2025-12-22,114321.66666666669,1348497.0,1078482.0,26408.0,ALL_CONTRACTS_MEAN,,GFEX LC all-contract simple mean settlement price
2025-12-23,118041.66666666669,983944.0,1084473.0,5991.0,ALL_CONTRACTS_MEAN,,GFEX LC all-contract simple mean settlement price
2025-12-24,123350.0,1341782.0,1075229.0,-9244.0,ALL_CONTRACTS_MEAN,,GFEX LC all-contract simple mean settlement price
2025-12-25,121435.0,1532681.0,1072674.0,-2555.0,ALL_CONTRACTS_MEAN,,GFEX LC all-contract simple mean settlement price
2025-12-26,130125.0,730772.0,1040008.0,-32666.0,ALL_CONTRACTS_MEAN,,GFEX LC all-contract simple mean settlement price
2025-12-29,128236.66666666669,1160073.0,945569.0,-94439.0,ALL_CONTRACTS_MEAN,,GFEX LC all-contract simple mean settlement price
2025-12-30,121136.66666666669,762832.0,945781.0,212.0,ALL_CONTRACTS_MEAN,,GFEX LC all-contract simple mean settlement price
2025-12-31,121210.0,684725.0,914644.0,-31137.0,ALL_CONTRACTS_MEAN,,GFEX LC all-contract simple mean settlement price
2026-01-05,126716.66666666669,589309.0,957057.0,42413.0,ALL_CONTRACTS_MEAN,,GFEX LC all-contract simple mean settlement price
2026-01-06,136340.0,535575.0,996465.0,39408.0,ALL_CONTRACTS_MEAN,,GFEX LC all-contract simple mean settlement price
2026-01-07,142095.0,737125.0,964232.0,-32233.0,ALL_CONTRACTS_MEAN,,GFEX LC all-contract simple mean settlement price
2026-01-08,143925.0,1144860.0,989432.0,25200.0,ALL_CONTRACTS_MEAN,,GFEX LC all-contract simple mean settlement price
2026-01-09,143886.66666666666,905641.0,1001115.0,11683.0,ALL_CONTRACTS_MEAN,,GFEX LC all-contract simple mean settlement price
2026-01-12,154816.66666666666,128300.0,994906.0,-6209.0,ALL_CONTRACTS_MEAN,,GFEX LC all-contract simple mean settlement price
2026-01-13,167995.0,1181972.0,901351.0,-93555.0,ALL_CONTRACTS_MEAN,,GFEX LC all-contract simple mean settlement price
2026-01-14,166685.0,1086844.0,886318.0,-15033.0,ALL_CONTRACTS_MEAN,,GFEX LC all-contract simple mean settlement price
2026-01-15,161786.66666666666,651211.0,874882.0,-11436.0,ALL_CONTRACTS_MEAN,,GFEX LC all-contract simple mean settlement price
2026-01-16,152125.0,879068.0,826015.0,-48867.0,ALL_CONTRACTS_MEAN,,GFEX LC all-contract simple mean settlement price
2026-01-19,148213.33333333334,461663.0,824352.0,-1663.0,ALL_CONTRACTS_MEAN,,GFEX LC all-contract simple mean settlement price
2026-01-20,156293.33333333334,614256.0,832076.0,7724.0,ALL_CONTRACTS_MEAN,,GFEX LC all-contract simple mean settlement price
2026-01-21,165748.33333333334,492964.0,848112.0,16036.0,ALL_CONTRACTS_MEAN,,GFEX LC all-contract simple mean settlement price
2026-01-22,169936.66666666666,598961.0,858384.0,10272.0,ALL_CONTRACTS_MEAN,,GFEX LC all-contract simple mean settlement price
2026-01-23,178066.66666666666,446404.0,859215.0,831.0,ALL_CONTRACTS_MEAN,,GFEX LC all-contract simple mean settlement price
2026-01-26,177908.33333333334,813960.0,805315.0,-53900.0,ALL_CONTRACTS_MEAN,,GFEX LC all-contract simple mean settlement price
2026-01-27,172975.0,508892.0,804330.0,-985.0,ALL_CONTRACTS_MEAN,,GFEX LC all-contract simple mean settlement price
2026-01-28,170838.33333333334,633772.0,782909.0,-21421.0,ALL_CONTRACTS_MEAN,,GFEX LC all-contract simple mean settlement price
2026-01-29,166465.0,677465.0,770794.0,-12115.0,ALL_CONTRACTS_MEAN,,GFEX LC all-contract simple mean settlement price
2026-01-30,153726.66666666666,761224.0,723001.0,-47793.0,ALL_CONTRACTS_MEAN,,GFEX LC all-contract simple mean settlement price
2026-02-02,142783.33333333334,870563.0,683128.0,-39873.0,ALL_CONTRACTS_MEAN,,GFEX LC all-contract simple mean settlement price
2026-02-03,145505.0,791263.0,687342.0,4214.0,ALL_CONTRACTS_MEAN,,GFEX LC all-contract simple mean settlement price
2026-02-04,148543.33333333334,396616.0,688369.0,1027.0,ALL_CONTRACTS_MEAN,,GFEX LC all-contract simple mean settlement price
2026-02-05,136821.66666666666,698763.0,642968.0,-45401.0,ALL_CONTRACTS_MEAN,,GFEX LC all-contract simple mean settlement price
2026-02-06,132338.33333333334,780535.0,638582.0,-4386.0,ALL_CONTRACTS_MEAN,,GFEX LC all-contract simple mean settlement price
2026-02-09,136948.33333333334,397732.0,644017.0,5435.0,ALL_CONTRACTS_MEAN,,GFEX LC all-contract simple mean settlement price
2026-02-10,137451.66666666666,358144.0,643394.0,-623.0,ALL_CONTRACTS_MEAN,,GFEX LC all-contract simple mean settlement price
2026-02-11,144383.33333333334,430482.0,657690.0,14296.0,ALL_CONTRACTS_MEAN,,GFEX LC all-contract simple mean settlement price
2026-02-12,149255.0,380835.0,654026.0,-3664.0,ALL_CONTRACTS_MEAN,,GFEX LC all-contract simple mean settlement price
2026-02-13,148156.66666666666,368356.0,641298.0,-12728.0,ALL_CONTRACTS_MEAN,,GFEX LC all-contract simple mean settlement price
2026-02-24,161280.0,293988.0,674410.0,33112.0,ALL_CONTRACTS_MEAN,,GFEX LC all-contract simple mean settlement price
2026-02-25,168370.0,414106.0,697605.0,23195.0,ALL_CONTRACTS_MEAN,,GFEX LC all-contract simple mean settlement price
2026-02-26,177366.66666666666,533300.0,700562.0,2957.0,ALL_CONTRACTS_MEAN,,GFEX LC all-contract simple mean settlement price
2026-02-27,173430.0,366879.0,711725.0,11163.0,ALL_CONTRACTS_MEAN,,GFEX LC all-contract simple mean settlement price
2026-03-02,173516.66666666666,296037.0,707561.0,-4164.0,ALL_CONTRACTS_MEAN,,GFEX LC all-contract simple mean settlement price
2026-03-03,157176.66666666666,581706.0,646830.0,-60731.0,ALL_CONTRACTS_MEAN,,GFEX LC all-contract simple mean settlement price
2026-03-04,150570.0,395579.0,637547.0,-9283.0,ALL_CONTRACTS_MEAN,,GFEX LC all-contract simple mean settlement price
2026-03-05,155621.66666666666,385826.0,628524.0,-9023.0,ALL_CONTRACTS_MEAN,,GFEX LC all-contract simple mean settlement price
2026-03-06,155956.66666666666,289829.0,628484.0,-40.0,ALL_CONTRACTS_MEAN,,GFEX LC all-contract simple mean settlement price
2026-03-09,155248.33333333334,511798.0,624728.0,-3756.0,ALL_CONTRACTS_MEAN,,GFEX LC all-contract simple mean settlement price
2026-03-10,162848.33333333334,288901.0,629166.0,4438.0,ALL_CONTRACTS_MEAN,,GFEX LC all-contract simple mean settlement price
2026-03-11,159040.0,344842.0,625876.0,-3290.0,ALL_CONTRACTS_MEAN,,GFEX LC all-contract simple mean settlement price
2026-03-12,156040.0,274541.0,622924.0,-2952.0,ALL_CONTRACTS_MEAN,,GFEX LC all-contract simple mean settlement price
2026-03-13,155593.33333333334,357448.0,616621.0,-6303.0,ALL_CONTRACTS_MEAN,,GFEX LC all-contract simple mean settlement price
2026-03-16,154796.66666666666,303557.0,618343.0,1722.0,ALL_CONTRACTS_MEAN,,GFEX LC all-contract simple mean settlement price
2026-03-17,156956.66666666666,228181.0,620652.0,2309.0,ALL_CONTRACTS_MEAN,,GFEX LC all-contract simple mean settlement price
2026-03-18,151536.66666666666,270448.0,620771.0,119.0,ALL_CONTRACTS_MEAN,,GFEX LC all-contract simple mean settlement price
2026-03-19,145013.33333333334,398468.0,595501.0,-25270.0,ALL_CONTRACTS_MEAN,,GFEX LC all-contract simple mean settlement price
2026-03-20,147005.0,340930.0,596235.0,734.0,ALL_CONTRACTS_MEAN,,GFEX LC all-contract simple mean settlement price
2026-03-23,143731.66666666666,307973.0,594527.0,-1708.0,ALL_CONTRACTS_MEAN,,GFEX LC all-contract simple mean settlement price
2026-03-24,152571.66666666666,310003.0,593785.0,-742.0,ALL_CONTRACTS_MEAN,,GFEX LC all-contract simple mean settlement price
2026-03-25,158001.66666666666,332725.0,595801.0,2016.0,ALL_CONTRACTS_MEAN,,GFEX LC all-contract simple mean settlement price
2026-03-26,158620.0,376997.0,608944.0,13143.0,ALL_CONTRACTS_MEAN,,GFEX LC all-contract simple mean settlement price
2026-03-27,165100.0,492105.0,643957.0,35013.0,ALL_CONTRACTS_MEAN,,GFEX LC all-contract simple mean settlement price
2026-03-30,171213.33333333334,312665.0,656807.0,12850.0,ALL_CONTRACTS_MEAN,,GFEX LC all-contract simple mean settlement price
2026-03-31,162708.33333333334,495446.0,637141.0,-19666.0,ALL_CONTRACTS_MEAN,,GFEX LC all-contract simple mean settlement price
2026-04-01,159045.0,376936.0,632433.0,-4708.0,ALL_CONTRACTS_MEAN,,GFEX LC all-contract simple mean settlement price
2026-04-02,159675.0,344114.0,629162.0,-3271.0,ALL_CONTRACTS_MEAN,,GFEX LC all-contract simple mean settlement price
2026-04-03,158906.66666666666,236790.0,623508.0,-5654.0,ALL_CONTRACTS_MEAN,,GFEX LC all-contract simple mean settlement price
2026-04-07,160680.0,301691.0,630129.0,6621.0,ALL_CONTRACTS_MEAN,,GFEX LC all-contract simple mean settlement price
2026-04-08,159285.0,373332.0,628881.0,-1248.0,ALL_CONTRACTS_MEAN,,GFEX LC all-contract simple mean settlement price
2026-04-09,154715.0,392723.0,627330.0,-1551.0,ALL_CONTRACTS_MEAN,,GFEX LC all-contract simple mean settlement price
2026-04-10,155876.66666666666,324678.0,615171.0,-12159.0,ALL_CONTRACTS_MEAN,,GFEX LC all-contract simple mean settlement price
2026-04-13,160663.33333333334,397002.0,644328.0,29157.0,ALL_CONTRACTS_MEAN,,GFEX LC all-contract simple mean settlement price
2026-04-14,164380.0,276982.0,655687.0,11359.0,ALL_CONTRACTS_MEAN,,GFEX LC all-contract simple mean settlement price
2026-04-15,166160.0,329817.0,668920.0,13233.0,ALL_CONTRACTS_MEAN,,GFEX LC all-contract simple mean settlement price
2026-04-16,171153.33333333334,369147.0,715428.0,46508.0,ALL_CONTRACTS_MEAN,,GFEX LC all-contract simple mean settlement price
2026-04-17,173568.33333333334,283560.0,726667.0,11239.0,ALL_CONTRACTS_MEAN,,GFEX LC all-contract simple mean settlement price
2026-04-20,177923.33333333334,282626.0,747723.0,21056.0,ALL_CONTRACTS_MEAN,,GFEX LC all-contract simple mean settlement price
2026-04-21,173786.66666666666,422101.0,718928.0,-28795.0,ALL_CONTRACTS_MEAN,,GFEX LC all-contract simple mean settlement price
2026-04-22,172858.33333333334,244314.0,721483.0,2555.0,ALL_CONTRACTS_MEAN,,GFEX LC all-contract simple mean settlement price
2026-04-23,174950.0,295453.0,725140.0,3657.0,ALL_CONTRACTS_MEAN,,GFEX LC all-contract simple mean settlement price
2026-04-24,176651.66666666666,308174.0,739235.0,14095.0,ALL_CONTRACTS_MEAN,,GFEX LC all-contract simple mean settlement price
2026-04-27,180301.66666666663,307489.0,745058.0,5823.0,ALL_CONTRACTS_MEAN,,GFEX LC all-contract simple mean settlement price
2026-04-28,176161.66666666666,320678.0,724799.0,-20259.0,ALL_CONTRACTS_MEAN,,GFEX LC all-contract simple mean settlement price
2026-04-29,179161.66666666666,292486.0,749993.0,25194.0,ALL_CONTRACTS_MEAN,,GFEX LC all-contract simple mean settlement price
2026-04-30,184545.0,329738.0,759148.0,9155.0,ALL_CONTRACTS_MEAN,,GFEX LC all-contract simple mean settlement price
2026-05-06,195346.66666666663,277107.0,778515.0,19367.0,ALL_CONTRACTS_MEAN,,GFEX LC all-contract simple mean settlement price
2026-05-07,195905.0,334375.0,784864.0,6349.0,ALL_CONTRACTS_MEAN,,GFEX LC all-contract simple mean settlement price
2026-05-08,196393.3333333333,288112.0,777527.0,-7337.0,ALL_CONTRACTS_MEAN,,GFEX LC all-contract simple mean settlement price
2026-05-11,201010.0,289284.0,810052.0,32525.0,ALL_CONTRACTS_MEAN,,GFEX LC all-contract simple mean settlement price
2026-05-12,204210.0,264441.0,809351.0,-701.0,ALL_CONTRACTS_MEAN,,GFEX LC all-contract simple mean settlement price
2026-05-13,200425.0,516202.0,783433.0,-25918.0,ALL_CONTRACTS_MEAN,,GFEX LC all-contract simple mean settlement price
2026-05-14,195993.3333333333,552487.0,730819.0,-52614.0,ALL_CONTRACTS_MEAN,,GFEX LC all-contract simple mean settlement price
2026-05-15,191410.0,467648.0,709363.0,-21456.0,ALL_CONTRACTS_MEAN,,GFEX LC all-contract simple mean settlement price
2026-05-18,191933.3333333333,248849.0,716226.0,6863.0,ALL_CONTRACTS_MEAN,,GFEX LC all-contract simple mean settlement price
2026-05-19,186770.0,416588.0,695135.0,-21091.0,ALL_CONTRACTS_MEAN,,GFEX LC all-contract simple mean settlement price
2026-05-20,180971.66666666663,494403.0,686659.0,-8476.0,ALL_CONTRACTS_MEAN,,GFEX LC all-contract simple mean settlement price
2026-05-21,181800.0,399175.0,682886.0,-3773.0,ALL_CONTRACTS_MEAN,,GFEX LC all-contract simple mean settlement price
2026-05-22,181256.66666666663,332936.0,683823.0,937.0,ALL_CONTRACTS_MEAN,,GFEX LC all-contract simple mean settlement price
2026-05-25,183758.3333333333,290203.0,675951.0,-7872.0,ALL_CONTRACTS_MEAN,,GFEX LC all-contract simple mean settlement price
2026-05-26,178213.33333333334,285434.0,661441.0,-14510.0,ALL_CONTRACTS_MEAN,,GFEX LC all-contract simple mean settlement price
2026-05-27,175368.33333333334,288518.0,645828.0,-15613.0,ALL_CONTRACTS_MEAN,,GFEX LC all-contract simple mean settlement price
2026-05-28,177585.0,319349.0,640176.0,-5652.0,ALL_CONTRACTS_MEAN,,GFEX LC all-contract simple mean settlement price
2026-05-29,180605.0,203559.0,638836.0,-1340.0,ALL_CONTRACTS_MEAN,,GFEX LC all-contract simple mean settlement price
2026-06-01,180765.0,172200.0,637506.0,-1330.0,ALL_CONTRACTS_MEAN,,GFEX LC all-contract simple mean settlement price
2026-06-02,174291.66666666666,257972.0,630886.0,-6620.0,ALL_CONTRACTS_MEAN,,GFEX LC all-contract simple mean settlement price
2026-06-03,169480.0,318707.0,618653.0,-12233.0,ALL_CONTRACTS_MEAN,,GFEX LC all-contract simple mean settlement price
2026-06-04,163326.66666666666,348037.0,614314.0,-4339.0,ALL_CONTRACTS_MEAN,,GFEX LC all-contract simple mean settlement price
2026-06-05,163030.0,363291.0,609583.0,-4731.0,ALL_CONTRACTS_MEAN,,GFEX LC all-contract simple mean settlement price
2026-06-08,163870.0,226558.0,602133.0,-7450.0,ALL_CONTRACTS_MEAN,,GFEX LC all-contract simple mean settlement price
2026-06-09,166626.66666666666,288020.0,605743.0,3610.0,ALL_CONTRACTS_MEAN,,GFEX LC all-contract simple mean settlement price
2026-06-10,168305.0,236275.0,605508.0,-235.0,ALL_CONTRACTS_MEAN,,GFEX LC all-contract simple mean settlement price
2026-06-11,171938.33333333334,285961.0,609820.0,4312.0,ALL_CONTRACTS_MEAN,,GFEX LC all-contract simple mean settlement price
2026-06-12,176976.66666666666,224294.0,606788.0,-3032.0,ALL_CONTRACTS_MEAN,,GFEX LC all-contract simple mean settlement price
2026-06-15,177040.0,202121.0,607927.0,1139.0,ALL_CONTRACTS_MEAN,,GFEX LC all-contract simple mean settlement price
2026-06-16,172833.33333333334,216888.0,604114.0,-3813.0,ALL_CONTRACTS_MEAN,,GFEX LC all-contract simple mean settlement price
2026-06-17,173823.33333333334,170872.0,609092.0,4978.0,ALL_CONTRACTS_MEAN,,GFEX LC all-contract simple mean settlement price
2026-06-18,165660.0,400130.0,605564.0,-3528.0,ALL_CONTRACTS_MEAN,,GFEX LC all-contract simple mean settlement price
2026-06-22,157473.33333333334,386366.0,602536.0,-3028.0,ALL_CONTRACTS_MEAN,,GFEX LC all-contract simple mean settlement price
2026-06-23,157878.33333333334,295434.0,607357.0,4821.0,ALL_CONTRACTS_MEAN,,GFEX LC all-contract simple mean settlement price
2026-06-24,160908.33333333334,259378.0,608694.0,1337.0,ALL_CONTRACTS_MEAN,,GFEX LC all-contract simple mean settlement price
2026-06-25,155160.0,369285.0,610953.0,2259.0,ALL_CONTRACTS_MEAN,,GFEX LC all-contract simple mean settlement price
2026-06-26,149506.66666666666,376119.0,600132.0,-10821.0,ALL_CONTRACTS_MEAN,,GFEX LC all-contract simple mean settlement price
2026-06-29,151635.0,352093.0,593456.0,-6676.0,ALL_CONTRACTS_MEAN,,GFEX LC all-contract simple mean settlement price
2026-06-30,158038.33333333334,443215.0,578122.0,-15334.0,ALL_CONTRACTS_MEAN,,GFEX LC all-contract simple mean settlement price
2026-07-01,164743.33333333334,321993.0,575189.0,-2933.0,ALL_CONTRACTS_MEAN,,GFEX LC all-contract simple mean settlement price
2026-07-02,165511.66666666666,290373.0,572508.0,-2681.0,ALL_CONTRACTS_MEAN,,GFEX LC all-contract simple mean settlement price
2026-07-03,169585.0,251464.0,564956.0,-7552.0,ALL_CONTRACTS_MEAN,,GFEX LC all-contract simple mean settlement price
2026-07-06,166115.0,203897.0,573797.0,8841.0,ALL_CONTRACTS_MEAN,,GFEX LC all-contract simple mean settlement price
2026-07-07,164206.66666666666,204608.0,575334.0,1537.0,ALL_CONTRACTS_MEAN,,GFEX LC all-contract simple mean settlement price
2026-07-08,162763.33333333334,234066.0,578477.0,3143.0,ALL_CONTRACTS_MEAN,,GFEX LC all-contract simple mean settlement price
2026-07-09,154430.0,357494.0,591365.0,12888.0,ALL_CONTRACTS_MEAN,,GFEX LC all-contract simple mean settlement price
2026-07-10,152230.0,220818.0,592579.0,1214.0,ALL_CONTRACTS_MEAN,,GFEX LC all-contract simple mean settlement price
2026-07-13,151215.0,228728.0,602243.0,9664.0,ALL_CONTRACTS_MEAN,,GFEX LC all-contract simple mean settlement price
2026-07-14,152831.66666666666,184825.0,603437.0,1194.0,ALL_CONTRACTS_MEAN,,GFEX LC all-contract simple mean settlement price
2026-07-15,149778.33333333334,316582.0,621128.0,17691.0,ALL_CONTRACTS_MEAN,,GFEX LC all-contract simple mean settlement price
2026-07-16,148113.33333333334,377686.0,618266.0,-2862.0,ALL_CONTRACTS_MEAN,,GFEX LC all-contract simple mean settlement price
2026-07-17,150513.33333333334,295911.0,603822.0,-14444.0,ALL_CONTRACTS_MEAN,,GFEX LC all-contract simple mean settlement price
2026-07-20,142695.0,438258.0,619799.0,15977.0,ALL_CONTRACTS_MEAN,,GFEX LC all-contract simple mean settlement price
2026-07-21,137168.33333333334,385090.0,626175.0,6376.0,ALL_CONTRACTS_MEAN,,GFEX LC all-contract simple mean settlement price
2026-07-22,138046.66666666666,393956.0,634878.0,8703.0,ALL_CONTRACTS_MEAN,,GFEX LC all-contract simple mean settlement price
2026-07-23,141883.33333333334,356549.0,647496.0,12618.0,ALL_CONTRACTS_MEAN,,GFEX LC all-contract simple mean settlement price
2026-07-24,140091.66666666666,237002.0,640653.0,-6843.0,ALL_CONTRACTS_MEAN,,GFEX LC all-contract simple mean settlement price
2026-07-27,141960.0,239521.0,651958.0,11305.0,ALL_CONTRACTS_MEAN,,GFEX LC all-contract simple mean settlement price
2026-07-28,141125.0,298582.0,650213.0,-1745.0,ALL_CONTRACTS_MEAN,,GFEX LC all-contract simple mean settlement price
2026-07-29,143846.66666666666,310990.0,648030.0,-2183.0,ALL_CONTRACTS_MEAN,,GFEX LC all-contract simple mean settlement price
2026-07-30,142395.0,304799.0,652451.0,4421.0,ALL_CONTRACTS_MEAN,,GFEX LC all-contract simple mean settlement price
2026-07-31,137963.33333333334,280364.0,667430.0,14979.0,ALL_CONTRACTS_MEAN,,GFEX LC all-contract simple mean settlement price
2026-08-03,136338.33333333334,277422.0,671032.0,3602.0,ALL_CONTRACTS_MEAN,,GFEX LC all-contract simple mean settlement price
2026-08-04,138191.66666666666,208653.0,673819.0,2787.0,ALL_CONTRACTS_MEAN,,GFEX LC all-contract simple mean settlement price
2026-08-05,139706.66666666666,251998.0,672382.0,-1437.0,ALL_CONTRACTS_MEAN,,GFEX LC all-contract simple mean settlement price
2026-08-06,138896.66666666666,241441.0,675323.0,2941.0,ALL_CONTRACTS_MEAN,,GFEX LC all-contract simple mean settlement price
2026-08-07,139933.33333333334,304771.0,682369.0,7046.0,ALL_CONTRACTS_MEAN,,GFEX LC all-contract simple mean settlement price
2026-08-10,142433.33333333334,348575.0,675449.0,-6920.0,ALL_CONTRACTS_MEAN,,GFEX LC all-contract simple mean settlement price
2026-08-11,142988.33333333334,220789.0,675755.0,306.0,ALL_CONTRACTS_MEAN,,GFEX LC all-contract simple mean settlement price
2026-08-12,147008.33333333334,313086.0,687276.0,0.0,ALL_CONTRACTS_MEAN,12.0,GFEX LC all-contract simple mean settlement price
2026-08-13,148870.0,343269.0,672315.0,0.0,ALL_CONTRACTS_MEAN,12.0,GFEX LC all-contract simple mean settlement price
