品种,变量,系数,p值,显著性
碳酸锂,截距,482987.6617256391,3.5292844212836294e-11,***
碳酸锂,废铜进口量_变化_环比,-88.58784137425741,0.39586753815433595,不显著
碳酸锂,废铜进口量_环比_环比,87.84427807094974,0.3869553864709887,不显著
碳酸锂,企业商品价格矿产品同比增长,6986.648562899548,1.189237139607704e-64,***
碳酸锂,企业商品价格矿产品指数,-7992.090568446896,4.283094506337426e-27,***
碳酸锂,PPI当月指数_变化,19003.80250322692,0.695306950693598,不显著
碳酸锂,PPI当月同比增长_变化,19003.80250320598,0.6953069506935762,不显著
碳酸锂,PPI当月指数_环比,-29160.963953637467,0.7619650760245567,不显著
碳酸锂,电线电缆光缆及电工器材制造PPI,4346.616100724279,1.6024584945871455e-40,***
