月份,制造业PMI,制造业PMI同比增长,非制造业PMI,非制造业PMI同比增长,房地产开发景气指数,房地产开发景气指数环比,房地产开发景气指数近1年涨跌幅,工业增加值同比增长,工业增加值累计增长,PPI当月指数,PPI当月同比增长,PPI累计指数,当月出口额,当月出口额同比增长,当月出口额环比增长,当月进口额,当月进口额同比增长,当月进口额环比增长,企业商品价格总指数,企业商品价格总指数同比增长,企业商品价格总指数环比增长,企业商品价格矿产品指数,企业商品价格矿产品同比增长,企业商品价格矿产品环比增长,企业商品价格煤油电指数,企业商品价格煤油电同比增长,企业商品价格煤油电环比增长
1998-01-01,,,,,98.6,,,,,,,,,,,,,,,,,,,,,,
1998-02-01,,,,,98.99,0.39553753,,,,,,,,,,,,,,,,,,,,,
1998-03-01,,,,,99.05,0.06061218,,,,,,,,,,,,,,,,,,,,,
1998-04-01,,,,,100.81,1.77688036,,,,,,,,,,,,,,,,,,,,,
1998-05-01,,,,,101.68,0.86300962,,,,,,,,,,,,,,,,,,,,,
1998-06-01,,,,,102.94,1.23918175,,,,,,,,,,,,,,,,,,,,,
1998-07-01,,,,,103.75,0.78686614,,,,,,,,,,,,,,,,,,,,,
1998-08-01,,,,,103.94,0.18313253,,,,,,,,,,,,,,,,,,,,,
1998-09-01,,,,,103.45,-0.47142582,,,,,,,,,,,,,,,,,,,,,
1998-10-01,,,,,103.61,0.15466409,,,,,,,,,,,,,,,,,,,,,
1998-11-01,,,,,103.72,0.10616736,,,,,,,,,,,,,,,,,,,,,
1998-12-01,,,,,103.63,-0.08677208,,,,,,,,,,,,,,,,,,,,,
1999-01-01,,,,,104.8,1.12901669,6.28803245,,,,,,,,,,,,,,,,,,,,
1999-02-01,,,,,104.88,0.07633588,5.95009597,,,,,,,,,,,,,,,,,,,,
1999-03-01,,,,,104.39,-0.46720061,5.39121656,,,,,,,,,,,,,,,,,,,,
1999-04-01,,,,,103.89,-0.47897308,3.05525246,,,,,,,,,,,,,,,,,,,,
1999-05-01,,,,,103.28,-0.5871595,1.57356412,,,,,,,,,,,,,,,,,,,,
1999-06-01,,,,,102.21,-1.03601859,-0.70915096,,,,,,,,,,,,,,,,,,,,
1999-07-01,,,,,101.65,-0.5478916,-2.02409639,,,,,,,,,,,,,,,,,,,,
1999-08-01,,,,,101.29,-0.35415642,-2.54954782,,,,,,,,,,,,,,,,,,,,
1999-09-01,,,,,100.92,-0.36528779,-2.44562591,,,,,,,,,,,,,,,,,,,,
1999-10-01,,,,,100.87,-0.04954419,-2.64453238,,,,,,,,,,,,,,,,,,,,
1999-11-01,,,,,101.11,0.23793001,-2.51639028,,,,,,,,,,,,,,,,,,,,
1999-12-01,,,,,101.46,0.34615765,-2.09398823,,,,,,,,,,,,,,,,,,,,
2000-01-01,,,,,102.24,0.76877587,-2.44274809,,,,,,,,,,,,,,,,,,,,
2000-02-01,,,,,102.57,0.32276995,-2.20251716,,,,,,,,,,,,,,,,,,,,
2000-03-01,,,,,101.82,-0.73120796,-2.46192164,,,,,,,,,,,,,,,,,,,,
2000-04-01,,,,,101.85,0.02946376,-1.96361536,,,,,,,,,,,,,,,,,,,,
2000-05-01,,,,,102.2,0.34364261,-1.04570101,,,,,,,,,,,,,,,,,,,,
2000-06-01,,,,,102.69,0.47945205,0.46962137,,,,,,,,,,,,,,,,,,,,
2000-07-01,,,,,102.94,0.24345116,1.2690605,,,,,,,,,,,,,,,,,,,,
2000-08-01,,,,,103.32,0.36914708,2.00414651,,,,,,,,,,,,,,,,,,,,
2000-09-01,,,,,103.52,0.19357336,2.57629806,,,,,,,,,,,,,,,,,,,,
2000-10-01,,,,,103.43,-0.08693972,2.5379201,,,,,,,,,,,,,,,,,,,,
2000-11-01,,,,,103.68,0.24170937,2.54178617,,,,,,,,,,,,,,,,,,,,
2000-12-01,,,,,104.0,0.30864198,2.50344964,,,,,,,,,,,,,,,,,,,,
2001-01-01,,,,,105.22,1.17307692,2.91471049,,,,,,,,,,,,,,,,,,,,
2001-02-01,,,,,105.02,-0.19007793,2.38861265,,,,,,,,,,,,,,,,,,,,
2001-03-01,,,,,106.15,1.07598553,4.25260263,,,,,,,,,,,,,,,,,,,,
2001-04-01,,,,,106.88,0.68770608,4.93863525,,,,,,,,,,,,,,,,,,,,
2001-05-01,,,,,106.51,-0.34618263,4.21722114,,,,,,,,,,,,,,,,,,,,
2001-06-01,,,,,106.01,-0.46943949,3.23303145,,,,,,,,,,,,,,,,,,,,
2001-07-01,,,,,106.44,0.40562211,3.40003886,,,,,,,,,,,,,,,,,,,,
2001-08-01,,,,,106.36,-0.07515971,2.94231514,,,,,,,,,,,,,,,,,,,,
2001-09-01,,,,,105.85,-0.47950357,2.2507728,,,,,,,,,,,,,,,,,,,,
2001-10-01,,,,,105.63,-0.20784128,2.12704244,,,,,,,,,,,,,,,,,,,,
2001-11-01,,,,,105.1,-0.5017514,1.36959877,,,,,,,,,,,,,,,,,,,,
2001-12-01,,,,,105.27,0.16175071,1.22115385,,,,,,,,,,,,,,,,,,,,
2002-01-01,,,,,103.91,-1.29191603,-1.24501045,,,,,,,,,,,,,,,,,,,,
2002-02-01,,,,,103.53,-0.36570109,-1.41877738,,,,,,,,,,,,,,,,,,,,
2002-03-01,,,,,103.87,0.32840722,-2.14790391,,,,,,,,,,,,,,,,,,,,
2002-04-01,,,,,104.6,0.70280158,-2.13323353,,,,,,,,,,,,,,,,,,,,
2002-05-01,,,,,104.37,-0.21988528,-2.00920101,,,,,,,,,,,,,,,,,,,,
2002-06-01,,,,,104.65,0.26827632,-1.28289784,,,,,,,,,,,,,,,,,,,,
2002-07-01,,,,,104.29,-0.34400382,-2.01991732,,,,,,,,,,,,,,,,,,,,
2002-08-01,,,,,104.46,0.163007,-1.78638586,,,,,,,,,,,,,,,,,,,,
2002-09-01,,,,,104.97,0.48822516,-0.83136514,,,,,,,,,,,,,,,,,,,,
2002-10-01,,,,,105.15,0.17147757,-0.45441636,,,,,,,,,,,,,,,,,,,,
2002-11-01,,,,,104.9,-0.23775559,-0.19029496,,,,,,,,,,,,,,,,,,,,
2002-12-01,,,,,104.18,-0.68636797,-1.0354327,,,,,,,,,,,,,,,,,,,,
2003-01-01,,,,,108.89,4.52102131,4.79260899,,,,,,,,,,,,,,,,,,,,
2003-02-01,,,,,109.141,0.23050785,5.41968512,,,,,,,,,,,,,,,,,,,,
2003-03-01,,,,,107.337,-1.65290771,3.33782613,,,,,,,,,,,,,,,,,,,,
2003-04-01,,,,,106.889,-0.41737705,2.18833652,,,,,,,,,,,,,,,,,,,,
2003-05-01,,,,,106.283,-0.56694328,1.83290217,,,,,,,,,,,,,,,,,,,,
2003-06-01,,,,,107.04,0.71224937,2.28380315,,,,,,,,,,,,,,,,,,,,
2003-07-01,,,,,107.269,0.21393871,2.85645795,,,,,,,,,,,,,,,,,,,,
2003-08-01,,,,,106.885,-0.35797854,2.32146276,,,,,,,,,,,,,,,,,,,,
2003-09-01,,,,,106.649,-0.22079805,1.59950462,,,,,,,,,,,,,,,,,,,,
2003-10-01,,,,,106.67,0.01969076,1.44555397,,,,,,,,,,,,,,,,,,,,
2003-11-01,,,,,106.419,-0.23530515,1.44804576,,,,,,,,,,,,,,,,,,,,
2003-12-01,,,,,106.234,-0.17384114,1.97158764,,,,,,,,,,,,,,,,,,,,
2004-01-01,,,,,106.59,0.33510929,-2.11222334,,,,,,,,,,,,,,,,,,,,
2004-02-01,,,,,107.661,1.00478469,-1.35604402,,,,,,,,,,,,,,,,,,,,
2004-03-01,,,,,106.204,-1.353322,-1.055554,,,,,,,,,,,,,,,,,,,,
2004-04-01,,,,,105.772,-0.40676434,-1.04500931,,,,,,,,,,,,,,,,,,,,
2004-05-01,,,,,105.918,0.13803275,-0.34342275,,,,,,,,,,,,,,,,,,,,
2004-06-01,,,,,105.183,-0.69393304,-1.73486547,,,,,,,,,,,,,,,,,,,,
2004-07-01,,,,,105.246,0.05989561,-1.88591299,,,,,,,,,,,,,,,,,,,,
2004-08-01,,,,,105.159,-0.08266347,-1.61481967,,,,,,,,,,,,,,,,,,,,
2004-09-01,,,,,104.827,-0.3157124,-1.70840796,,,,,,,,,,,,,,,,,,,,
2004-10-01,,,,,104.872,0.04292787,-1.68557233,,,,,,,,,,,,,,,,,,,,
2004-11-01,,,,,105.085,0.20310474,-1.25353555,,,,,,,,,,,,,,,,,,,,
2004-12-01,,,,,105.321,0.2245801,-0.85942354,,,,,,,,,,,,,,,,,,,,
2005-01-01,,,,,103.12,-2.08980165,-3.25546487,,,,,,,,,,,,104.67,-1.95766205,-0.62660211,115.83,6.22707263,1.1704079,115.83,8.9037232,-1.81402051
2005-02-01,,,,,102.711,-0.39662529,-4.59776521,,,,,,,,,,,,104.82,-2.04653771,0.14330754,111.23,-2.01726568,-3.9713373,118.83,13.97467869,2.59000259
2005-03-01,,,,,102.432,-0.27163595,-3.5516553,,,,,,,,,,,,103.48,-4.48587779,-1.27838199,110.28,-4.37873927,-0.85408613,119.47,14.29254759,0.53858453
2005-04-01,,,,,102.264,-0.16401125,-3.31656771,,,,,,,,,,,,102.81,-5.90334981,-0.64746811,109.44,-6.32543011,-0.7616975,120.57,12.64013453,0.92073324
2005-05-01,,,,,102.171,-0.09094109,-3.53764233,,,,,,,,,,,,103.16,-5.73830409,0.34043381,110.27,-5.404478,0.75840643,122.53,11.16857195,1.62561168
2005-06-01,,,,,102.084,-0.08515136,-2.9462936,,,,,,,,,,,,103.01,-5.7375549,-0.1454052,111.59,-2.54148472,1.19706176,122.82,8.67103168,0.23667673
2005-07-01,,,,,101.973,-0.10873398,-3.10985691,,,,,,,,,,,,102.72,-6.06310014,-0.28152607,110.98,-3.49565217,-0.54664396,123.57,8.55661952,0.61064973
2005-08-01,,,,,101.762,-0.20691752,-3.23034643,,,,,,,,,,,,102.13,-6.71355499,-0.57437695,110.84,-4.33281547,-0.12614886,123.23,7.03552506,-0.27514769
2005-09-01,,,,,101.423,-0.33313025,-3.247255,,,,,,,,,,,,101.43,-7.47126437,-0.68540096,109.18,-7.03337875,-1.49765428,121.32,3.45356869,-1.54994725
2005-10-01,,,,,101.017,-0.40030368,-3.67590968,,,,,,,,,,,,100.93,-6.69316816,-0.4929508,106.42,-9.10488555,-2.52793552,120.77,2.01892212,-0.45334652
2005-11-01,,,,,100.686,-0.32766762,-4.18613503,,,,,,,,,,,,100.71,-5.28543215,-0.21797285,104.86,-8.54700855,-1.46588987,118.05,-1.41962422,-2.25221495
2005-12-01,,,,,100.608,-0.07746857,-4.47489105,,,,,,,,,,,,100.76,-4.3387449,0.0496475,105.63,-7.73866713,0.73431242,115.67,-1.94964822,-2.01609488
2006-01-01,,,,,100.76,0.15108142,-2.28859581,,,103.1,3.05,103.05,,,,,,,101.11,-3.40116557,0.34736006,105.56,-8.8664422,-0.06626905,116.04,0.18130018,0.31987551
2006-02-01,,,,,101.049,0.28682017,-1.61813243,,,103.0,3.01,103.0,,,,,,,100.71,-3.92100744,-0.39560874,108.97,-2.03182595,3.2303903,114.85,-3.34932256,-1.02550845
2006-03-01,,,,,101.457,0.40376451,-0.95185098,,,102.5,2.49,102.9,,,,,,,100.77,-2.61886355,0.059577,107.94,-2.1218716,-0.94521428,114.64,-4.04285595,-0.18284719
2006-04-01,,,,,101.61,0.1508028,-0.63952124,,,101.9,1.87,102.6,,,,,,,101.0,-1.76052913,0.22824253,107.6,-1.68128655,-0.31498981,111.8,-7.27378286,-2.47732031
2006-05-01,,,,,101.87,0.25588033,-0.29460414,,,102.4,2.43,102.57,,,,,,,101.5,-1.60915083,0.4950495,108.87,-1.26961095,1.1802974,110.68,-9.67110095,-1.00178891
2006-06-01,,,,,102.93,1.04054187,0.82872928,,,103.5,3.52,102.7,,,,,,,102.3,-0.68925347,0.78817734,110.6,-0.88717627,1.58905116,110.1,-10.35661944,-0.52403325
2006-07-01,,,,,103.51,0.56348975,1.50726173,,,103.6,3.58,102.9,,,,,,,102.5,-0.21417445,0.19550342,112.1,1.00919085,1.3562387,110.4,-10.65792668,0.27247956
2006-08-01,,,,,103.31,-0.19321805,1.52119652,,,103.4,3.4,102.9,,,,,,,102.9,0.75394106,0.3902439,112.8,1.76831469,0.62444246,110.3,-10.49257486,-0.09057971
2006-09-01,,,,,103.14,-0.16455329,1.69290989,,,103.5,3.45,103.0,,,,,,,103.6,2.13940649,0.68027211,113.6,4.04836051,0.70921986,109.8,-9.49554896,-0.45330916
2006-10-01,,,,,103.4,0.25208455,2.35900888,,,103.0,2.9,103.0,,,,,,,103.8,2.84355494,0.19305019,116.0,9.00206728,2.11267606,107.0,-11.4018382,-2.55009107
2006-11-01,,,,,103.92,0.50290135,3.21196591,,,102.8,2.78,103.0,,,,,,,104.1,3.36610069,0.28901734,117.4,11.95880221,1.20689655,105.4,-10.71579839,-1.4953271
2006-12-01,,,,,102.96,-0.92378753,2.33778626,,,103.1,3.05,103.0,,,,,,,105.1,4.30726479,0.96061479,115.2,9.05992616,-1.87393526,106.1,-8.27353679,0.66413662
2007-01-01,,,,,102.42,-0.52447552,1.64747916,,,103.3,3.3,103.3,,,,,,,104.6,3.45168628,-0.47573739,114.6,8.56384994,-0.52083333,107.0,-7.7904171,0.84825636
2007-02-01,,,,,101.78,-0.62487795,0.72341141,,,102.6,2.6,103.0,,,,,,,104.5,3.76328071,-0.09560229,111.1,1.95466642,-3.05410122,104.2,-9.27296474,-2.61682243
2007-03-01,,,,,101.22,-0.55020633,-0.2335965,,,102.7,2.65,102.9,,,,,,,104.2,3.40379081,-0.28708134,110.9,2.74226422,-0.180018,103.2,-9.9790649,-0.9596929
2007-04-01,,,,,102.65,1.41276428,1.02352131,,,102.9,2.87,102.9,,,,,,,104.6,3.56435644,0.38387716,112.6,4.64684015,1.53291253,103.3,-7.60286225,0.09689922
2007-05-01,,,,,103.32,0.65270336,1.42338274,,,102.8,2.76,102.8,,,,,,,105.1,3.54679803,0.47801147,115.3,5.90612657,2.39786856,103.3,-6.66787134,0.0
2007-06-01,,,,,103.63,0.30003871,0.68007384,,,102.5,2.49,102.8,,,,,,,105.4,3.03030303,0.28544244,115.4,4.33996383,0.08673027,102.4,-6.99364214,-0.87124879
2007-07-01,,,,,104.0,0.35703947,0.47338421,,,102.4,2.39,102.7,,,,,,,106.1,3.51219512,0.66413662,115.0,2.58697591,-0.34662045,100.8,-8.69565217,-1.5625
2007-08-01,,,,,104.48,0.46153846,1.13251379,,,102.6,2.56,102.7,,,,,,,106.5,3.49854227,0.37700283,115.0,1.95035461,0.0,101.0,-8.43155032,0.1984127
2007-09-01,,,,,104.99,0.4881317,1.7936785,,,102.7,2.71,102.7,,,,,,,106.2,2.50965251,-0.28169014,115.4,1.58450704,0.34782609,101.0,-8.01457195,0.0
2007-10-01,,,,,105.74,0.71435375,2.26305609,,,103.2,3.21,102.8,,,,,,,106.5,2.60115607,0.28248588,115.9,-0.0862069,0.43327556,103.3,-3.45794393,2.27722772
2007-11-01,,,,,106.59,0.80385852,2.56928406,,,104.6,4.55,102.9,,,,,,,107.4,3.17002882,0.84507042,116.5,-0.76660988,0.51768766,109.0,3.41555977,5.517909
2007-12-01,,,,,106.45,-0.1313444,3.38966589,,,105.4,5.43,103.1,,,,,,,107.6,2.37868696,0.18621974,117.3,1.82291667,0.68669528,111.9,5.466541,2.66055046
2008-01-01,53.0,-3.81125227,60.2,-0.33112583,106.11,-0.31939878,3.60281195,,,106.1,6.07,106.07,109640030.0,26.6,-4.17420342,90174447.0,27.6,-1.69470323,108.36,3.59464627,0.7063197,119.58,4.34554974,1.94373402,112.46,5.10280374,0.50044683
2008-02-01,53.4,0.56497175,59.3,-2.14521452,105.55,-0.52775422,3.7040676,15.4,15.4,106.6,6.62,106.4,87367796.0,6.5,-20.31396197,78813133.0,35.1,-12.59926107,109.2,4.49760766,0.7751938,120.73,8.66786679,0.96169928,114.14,9.53934741,1.49386449
2008-03-01,58.4,4.09982175,58.9,1.20274914,104.72,-0.78635718,3.45781466,17.8,16.4,108.0,7.95,106.9,108962891.0,30.6,24.71745424,95556142.0,24.6,21.24393278,110.2,5.75815739,0.91575092,123.53,11.38863841,2.31922472,115.34,11.76356589,1.05134046
2008-04-01,59.2,1.02389078,58.4,-3.31125828,104.07,-0.62070283,1.38334145,15.7,16.3,108.1,8.12,107.2,118706686.0,21.8,8.94230587,102029338.0,26.4,6.77423331,110.3,5.44933078,0.0907441,122.12,8.45470693,-1.14142314,117.18,13.43659245,1.59528351
2008-05-01,53.3,-4.30879713,57.4,-7.7170418,103.34,-0.70145095,0.01935734,16.0,16.3,108.2,8.22,107.4,120496491.0,28.1,1.50775416,100286062.0,40.0,-1.70860268,109.63,4.31018078,-0.60743427,117.55,1.95143105,-3.74222077,116.91,13.17521781,-0.23041475
2008-06-01,52.0,-4.58715596,57.4,-4.33333333,103.08,-0.25159667,-0.53073434,16.0,16.3,108.8,8.84,107.6,121179554.0,17.2,0.56687377,100179936.0,31.0,-0.10582328,109.5,3.88994307,-0.11858068,116.7,1.12651646,-0.72309655,121.2,18.359375,3.66948935
2008-07-01,48.4,-9.19324578,55.7,-6.22895623,102.36,-0.69848661,-1.57692308,14.7,16.1,110.0,10.03,108.0,136675046.0,26.9,12.78721656,111397147.0,33.7,11.19706345,109.4,3.11027333,-0.0913242,118.3,2.86956522,1.37103685,126.7,25.69444444,4.5379538
2008-08-01,48.4,-10.37037037,52.9,-14.26256078,101.78,-0.56662759,-2.58422665,12.8,15.7,110.1,10.06,108.2,134872675.0,21.1,-1.31872719,106178493.0,23.1,-4.6847286,108.15,1.54929577,-1.14259598,115.5,0.43478261,-2.36686391,126.78,25.52475248,0.06314128
2008-09-01,51.2,-8.73440285,55.0,-11.14701131,101.15,-0.61898212,-3.65749119,11.4,15.2,109.1,9.13,108.34,136432088.0,21.5,1.15621122,107065274.0,21.3,0.83517949,107.0,0.75329567,-1.06333796,112.31,-2.67764298,-2.76190476,124.18,22.95049505,-2.05079666
2008-10-01,44.6,-16.16541353,53.1,-13.51791531,99.68,-1.4532872,-5.7310384,8.2,14.4,106.6,6.59,108.16,128327028.0,19.2,-5.94072855,93087686.0,15.6,-13.05520219,104.03,-2.31924883,-2.77570093,103.8,-10.44003451,-7.57724156,119.13,15.32429816,-4.0666774
2008-11-01,38.8,-29.96389892,51.2,-15.51155116,98.46,-1.22391653,-7.62735716,5.4,13.7,102.0,1.99,107.6,114987285.0,-2.2,-10.39511567,74897470.0,-17.9,-19.54094766,99.59,-7.27188082,-4.26799962,93.62,-19.63948498,-9.80732177,107.79,-1.11009174,-9.51901284
2008-12-01,41.2,-25.49728752,50.8,-15.61461794,96.46,-2.03128174,-9.38468765,5.7,12.9,98.9,-1.14,106.87,111157222.0,-2.8,-3.33085784,72177186.0,-21.3,-3.63201053,96.92,-9.92565056,-2.68099207,89.19,-23.96419437,-4.73189489,96.2,-14.03038427,-10.7523889
2009-01-01,45.3,-14.52830189,53.7,-10.79734219,,,,,,96.7,-3.35,96.65,90453600.0,-17.5,-18.62553024,51344264.0,-43.1,-28.86358302,95.83,-11.56330749,-1.12463888,88.04,-26.3756481,-1.28938222,90.58,-19.45580651,-5.84199584
2009-02-01,49.0,-8.23970037,55.1,-7.08263069,94.86,-1.65871864,-10.12790147,11.0,3.8,95.5,-4.47,96.1,64894649.0,-25.7,-28.25642208,60053658.0,-24.1,16.96273999,94.0,-13.91941392,-1.90963164,87.4,-27.60705707,-0.7269423,88.3,-22.63886455,-2.51711195
2009-03-01,52.4,-10.2739726,54.4,-7.64006791,94.74,-0.12650221,-9.53017571,8.3,5.1,94.0,-5.99,95.4,90290547.0,-17.1,39.13404016,71729112.0,-25.1,19.44170328,93.4,-15.24500907,-0.63829787,84.96,-31.22318465,-2.79176201,88.14,-23.58245188,-0.18120045
2009-04-01,53.5,-9.62837838,53.5,-8.39041096,94.76,0.02111041,-8.9459018,7.3,5.5,93.4,-6.6,94.9,91934722.0,-22.6,1.82098243,78799687.0,-23.0,9.85732962,92.9,-15.77515866,-0.53533191,86.0,-29.57746479,1.22410546,87.4,-25.41389316,-0.83957341
2009-05-01,53.1,-0.37523452,54.9,-4.3554007,95.94,1.24525116,-7.16082833,8.9,6.3,92.8,-7.2,94.48,88757886.0,-26.4,-3.45553446,75369356.0,-25.2,-4.35322922,92.4,-15.71650096,-0.53821313,85.1,-27.60527435,-1.04651163,87.1,-25.49824651,-0.34324943
2009-06-01,53.2,2.30769231,55.4,-3.48432056,96.55,0.63581405,-6.33488553,10.7,7.0,92.2,-7.8,94.1,95512025.0,-21.3,7.6096213,87176091.0,-13.2,15.66516636,92.0,-15.98173516,-0.43290043,85.2,-26.99228792,0.11750881,85.7,-29.29042904,-1.60734788
2009-07-01,53.3,10.12396694,57.3,2.87253142,98.01,1.51216986,-4.24970692,10.8,7.5,91.8,-8.22,93.76,105420240.0,-23.0,10.37378801,94790583.0,-14.9,8.7346105,92.0,-15.90493601,0.0,84.2,-28.82502113,-1.17370892,85.0,-32.91239148,-0.8168028
2009-08-01,54.0,11.57024793,57.3,8.31758034,100.08,2.11202938,-1.67026921,12.3,8.1,92.1,-7.86,93.56,103707009.0,-23.4,-1.62514428,87995234.0,-17.0,-7.16880178,92.9,-14.10078595,0.97826087,87.3,-24.41558442,3.68171021,83.9,-33.82236946,-1.29411765
2009-09-01,54.3,6.0546875,57.9,5.27272727,101.08,0.99920064,-0.06920415,13.9,8.7,93.0,-6.99,93.5,115937994.0,-15.2,11.79378821,103005871.0,-3.5,17.05846592,94.07,-12.08411215,1.25941873,89.19,-20.58587837,2.16494845,87.15,-29.81961669,3.87365912
2009-10-01,55.2,23.76681614,59.5,12.0527307,102.03,0.93984962,2.35754414,16.1,9.4,94.2,-5.85,93.57,110762383.0,-13.8,-4.46411985,86774749.0,-6.4,-15.7574727,96.3,-7.43054888,2.3705751,97.4,-6.16570328,9.20506783,90.1,-24.36833711,3.38496845
2009-11-01,55.2,42.26804124,58.4,14.0625,102.78,0.73507792,4.38756856,19.2,10.3,97.9,-2.08,93.96,113653429.0,-1.2,2.61013344,94560431.0,26.7,8.97228985,100.39,0.8032935,4.24714434,108.12,15.48814356,11.00616016,97.49,-9.5556174,8.20199778
2009-12-01,56.6,37.37864078,58.8,15.7480315,103.66,0.8561977,7.46423388,18.5,11.0,101.7,1.7,94.61,130723881.0,17.7,15.01974217,112293713.0,55.9,18.75338534,103.36,6.64465539,2.958462,113.83,27.62641552,5.28116907,109.44,13.76299376,12.25766745
2010-01-01,55.8,23.17880795,58.1,8.19366853,,,,,,104.3,4.32,104.32,109475299.0,21.0,-16.2545526,95307047.0,85.5,-15.12699647,104.48,9.02640092,1.08359133,114.92,30.53157656,0.9575683,115.83,27.8759108,5.83881579
2010-02-01,52.0,6.12244898,57.0,3.44827586,105.47,1.746093,11.18490407,12.8,20.7,105.4,5.39,104.86,94522714.0,45.7,-13.65840983,86910333.0,44.7,-8.81017119,105.7,12.44680851,1.1676876,113.44,29.79405034,-1.28785242,119.16,34.94903737,2.87490287
2010-03-01,55.1,5.15267176,57.3,5.33088235,105.89,0.3982175,11.76905214,18.1,19.6,105.9,5.91,105.21,112111793.0,24.3,18.60830932,119348092.0,66.0,37.32324786,105.6,13.0620985,-0.09460738,115.4,35.82862524,1.72778561,117.7,33.53755389,-1.22524337
2010-04-01,55.7,4.11214953,57.8,8.03738318,105.66,-0.21720654,11.50274377,17.8,19.1,106.8,6.81,105.61,119920666.0,30.5,6.96525565,118239462.0,49.7,-0.92890467,106.6,14.74703983,0.9469697,115.6,34.41860465,0.17331023,117.6,34.55377574,-0.08496177
2010-05-01,53.9,1.50659134,58.1,5.8287796,105.07,-0.55839485,9.51636439,16.5,18.5,107.1,7.13,105.9,131760663.0,48.5,9.8731915,112227749.0,48.3,-5.08435416,107.1,15.90909091,0.46904315,116.8,37.25029377,1.03806228,117.3,34.6727899,-0.25510204
2010-06-01,52.1,-2.06766917,58.8,6.13718412,105.06,-0.00951746,8.81408597,13.7,17.6,106.4,6.41,106.0,137395578.0,43.9,4.27662921,117373726.0,34.1,4.58529824,106.6,15.86956522,-0.46685341,115.5,35.56338028,-1.1130137,113.5,32.43873979,-3.23955669
2010-07-01,51.2,-3.93996248,57.1,-0.34904014,104.72,-0.3236246,6.84624018,13.4,17.0,104.8,4.84,105.83,145519322.0,38.1,5.91266773,116788934.0,22.7,-0.49823075,105.9,15.10869565,-0.65666041,113.5,34.79809976,-1.73160173,108.4,27.52941176,-4.49339207
2010-08-01,51.7,-4.25925926,58.0,1.22164049,104.11,-0.58250573,4.02677858,13.9,16.6,104.3,4.32,105.64,139302230.0,34.4,-4.27234811,119266152.0,35.2,2.12110678,106.0,14.10118407,0.09442871,111.2,27.3768614,-2.02643172,108.0,28.72467223,-0.36900369
2010-09-01,53.8,-0.92081031,57.9,0.0,103.52,-0.56670829,2.41392956,13.3,16.3,104.3,4.33,105.5,144985285.0,25.1,4.07965831,128110304.0,24.1,7.41547526,106.1,12.7883491,0.09433962,111.4,24.90189483,0.17985612,106.4,22.08835341,-1.48148148
2010-10-01,54.7,-0.9057971,57.4,-3.52941176,103.57,0.04829985,1.50935999,13.1,16.1,105.0,5.04,105.45,135978419.0,22.9,-6.21226216,108832701.0,25.3,-15.04766002,107.8,11.94184839,1.60226202,110.8,13.75770021,-0.53859964,107.3,19.08990011,0.84586466
2010-11-01,55.2,0.0,58.9,0.85616438,103.2,-0.35724631,0.40863981,13.3,15.8,106.1,6.06,105.51,153325762.0,34.9,12.75742366,130435945.0,37.7,19.84995668,108.6,8.17810539,0.74211503,112.8,4.32852386,1.80505415,107.4,10.16514514,0.09319664
2010-12-01,53.9,-4.77031802,58.8,0.0,101.79,-1.36627907,-1.80397453,13.5,15.7,105.9,5.93,105.54,154148895.0,17.9,0.53685238,141068833.0,25.6,8.15180815,107.9,4.39241486,-0.64456722,114.5,0.58859703,1.5070922,105.6,-3.50877193,-1.67597765
2011-01-01,52.9,-5.19713262,57.2,-1.54905336,,,,,,106.6,6.6436,106.6436,150734151.0,37.7,-2.21522444,144273210.0,51.0,2.27149891,108.0,3.36906585,0.09267841,112.7,-1.93177863,-1.5720524,106.2,-8.31390831,0.56818182
2011-02-01,52.2,0.38461538,57.0,0.0,102.9,1.0904804,-2.43671186,14.9,14.1,107.2,7.2322,106.9383,96736124.0,2.4,-35.823353,104042224.0,19.5,-27.88527822,108.7,2.83822138,0.64814815,115.0,1.3751763,2.04081633,106.5,-10.62437059,0.28248588
2011-03-01,53.4,-3.08529946,59.2,3.31588133,102.9795,0.07725948,-2.74860705,14.8,14.4,107.3,7.3081,107.0621,152199071.0,35.8,57.33426636,152060308.0,27.2845,46.1524967,109.3,3.50378788,0.55197792,114.5,-0.77989601,-0.43478261,108.3,-7.98640612,1.69014085
2011-04-01,52.9,-5.02692998,58.2,0.69204152,103.19,0.20440962,-2.33768692,13.4,14.2,106.8,6.821,107.0012,155684084.0,29.9,2.28977285,144263081.0,21.8455,-5.12772011,108.5,1.78236398,-0.73193047,112.3,-2.85467128,-1.92139738,109.1,-7.22789116,0.73868883
2011-05-01,52.0,-3.52504638,58.7,1.03270224,103.2,0.00969086,-1.77976587,13.3,14.0,106.8,6.7851,106.9575,157157191.0,19.4,0.94621554,144110223.0,28.4257,-0.10595781,108.8,1.58730159,0.2764977,110.8471,-5.09666096,-1.2937667,109.6294,-6.53930094,0.4852429
2011-06-01,50.9,-2.30326296,56.6,-3.7414966,101.75,-1.40503876,-3.15058062,15.1,14.3,107.1,7.1209,106.9849,161980774.0,17.9,3.06927285,139708198.0,19.2557,-3.05462368,109.5,2.72045028,0.64338235,112.6,-2.51082251,1.58136749,110.9,-2.2907489,1.15899567
2011-07-01,50.7,-0.9765625,57.3,0.3502627,101.5,-0.24570025,-3.07486631,14.0,14.3,107.5,7.5417,107.0646,175128036.0,20.4,8.11655709,143644427.0,22.9,2.81746458,109.7,3.58829084,0.1826484,113.4,-0.08810573,0.71047957,111.8,3.13653137,0.81154193
2011-08-01,50.9,-1.54738878,57.1,-1.55172414,101.12,-0.37438424,-2.87196235,13.5,14.2,107.3,7.2528,107.0883,173315697.0,24.5,-1.03486514,155556739.0,30.2,8.29291623,108.9,2.73584906,-0.72926162,114.8,3.23741007,1.2345679,111.9,3.61111111,0.08944544
2011-09-01,51.2,-4.83271375,55.8,-3.62694301,100.41,-0.70213608,-3.00425039,13.8,14.2,106.5,6.5227,107.0247,169673012.0,17.1,-2.10176289,155159080.0,20.9,-0.25563598,108.4,2.16776626,-0.45913682,114.6,2.87253142,-0.17421603,111.7,4.98120301,-0.17873101
2011-10-01,50.4,-7.86106033,55.5,-3.31010453,100.27,-0.13942834,-3.18625084,13.2,14.1,105.0,5.0038,106.8191,157490772.0,15.9,-7.17983364,140457698.0,28.7,-9.47503814,105.8685,-1.79174397,-2.3353321,110.2183,-0.525,-3.82347295,110.3239,2.81817335,-1.23196061
2011-11-01,49.0,-11.23188406,55.9,-5.09337861,99.87,-0.39892291,-3.22674419,12.4,14.0,102.7,2.7179,106.4352,174464123.0,13.8,10.77736224,159935995.0,22.1,13.86773191,103.2,-4.97237569,-2.52057978,104.6,-7.26950355,-5.09742937,108.5,1.02420857,-1.65322292
2011-12-01,50.3,-6.67903525,56.3,-4.25170068,98.89,-0.98127566,-2.84900285,12.8,13.9,101.7,1.6854,106.026,174717651.0,13.4,0.14531813,158196889.0,11.8,-1.08737623,102.2743,-5.21380908,-0.89699612,100.7426,-12.01519651,-3.68776291,108.9498,3.17215909,0.41456221
2012-01-01,50.5,-4.536862,55.7,-2.62237762,,,,,,100.7,0.7347,100.7347,149939113.0,-0.5,-14.18204621,122661227.0,-15.3,-22.46293352,101.3,-6.2037037,-0.95263424,99.8,-11.44631766,-0.93565185,107.0,0.75329567,-1.78963156
2012-02-01,51.0,-2.29885057,57.3,0.52631579,97.89,-1.01122459,-4.86880466,21.3,11.4,100.0,0.0284,100.38,114470693.0,18.4,-23.6552153,145954014.0,39.6,18.98952715,100.6,-7.45170193,-0.69101678,99.0,-13.91304348,-0.80160321,106.5,0.0,-0.46728972
2012-03-01,53.1,-0.56179775,58.0,-2.02702703,96.92,-0.99090816,-5.88418083,11.9,11.6,99.7,-0.3171,100.146,165658100.0,8.9,44.71660445,160310799.0,5.3,9.83651262,100.3,-8.23421775,-0.29821074,98.3,-14.14847162,-0.70707071,106.4,-1.75438596,-0.09389671
2012-04-01,53.3,0.75614367,56.1,-3.60824742,95.62,-1.34131242,-7.33598217,9.3,11.0,99.3,-0.6984,99.933,163251712.0,4.9,-1.4526232,144824524.0,0.3,-9.66015708,99.9,-7.92626728,-0.39880359,97.8,-12.91184328,-0.508647,105.4,-3.39138405,-0.93984962
2012-05-01,50.4,-3.07692308,55.2,-5.96252129,94.9,-0.75298055,-8.04263566,9.6,10.7,98.6,-1.3981,99.664,181140762.0,15.3,10.95795553,162441440.0,12.7,12.16431825,98.9,-9.09926471,-1.001001,97.1,-12.40185805,-0.71574642,102.9,-6.13831691,-2.37191651
2012-06-01,50.2,-1.37524558,56.7,0.17667845,94.71,-0.20021075,-6.91891892,9.5,10.5,97.9,-2.0843,99.3703,180204470.0,11.3,-0.51688642,148482365.0,6.3,-8.59329676,97.5,-10.95890411,-1.41557128,95.2,-15.45293073,-1.95674562,100.3,-9.5581605,-2.52672498
2012-07-01,50.1,-1.18343195,55.6,-2.96684119,94.57,-0.14781966,-6.82758621,9.2,10.3,97.1,-2.8651,99.0486,176940032.0,1.0,-1.81151888,151793278.0,4.7,2.22983585,96.3,-12.21513218,-1.23076923,94.3,-16.84303351,-0.94537815,97.6,-12.70125224,-2.69192423
2012-08-01,49.2,-3.33988212,56.3,-1.40105079,94.64,0.07401925,-6.40822785,8.9,10.1,96.5,-3.4784,98.7304,177973297.0,2.7,0.58396338,151312746.0,-2.6,-0.31657001,96.1043,-11.74995409,-0.20321911,91.9786,-19.87926829,-2.46171792,97.1779,-13.156479,-0.43247951
2012-09-01,49.8,-2.734375,53.7,-3.76344086,94.39,-0.26415892,-5.99541878,9.2,10.0,96.4,-3.5545,98.4748,186349509.0,9.9,4.70644312,158680480.0,2.4,4.8692091,96.2,-11.25461255,0.09957931,90.4,-21.11692845,-1.71626878,98.5,-11.81736795,1.36049452
2012-10-01,50.2,-0.3968254,55.5,0.0,94.56,0.18010382,-5.69462451,9.6,10.0,97.2,-2.7558,98.3518,175571102.0,11.6,-5.78397392,143524416.0,2.4,-9.55130965,97.3,-8.09353113,1.14345114,93.0,-15.62199744,2.87610619,99.6,-9.72037791,1.11675127
2012-11-01,50.6,3.26530612,55.6,-0.53667263,95.71,1.21615905,-4.16541504,10.1,10.0,97.8,-2.1995,98.302,179380767.0,2.9,2.16987019,159747492.0,0.0,11.30335622,97.99,-5.04844961,0.70914697,95.07,-9.11089866,2.22580645,99.45,-8.34101382,-0.15060241
2012-12-01,50.6,0.59642147,56.1,-0.35523979,95.59,-0.12537875,-3.33704116,10.3,10.0,98.0603,-1.9397,98.282,199229682.0,14.1,11.06524146,167611245.0,6.0,4.92261437,98.4,-3.78814619,0.41841004,96.8,-3.91353807,1.81971179,98.0,-10.05031675,-1.45801911
2013-01-01,50.4,-0.1980198,56.2,0.89766607,,,,,,98.3628,-1.6372,98.3628,187288000.0,25.0,-5.99392715,159198000.0,28.8,-5.01949914,98.9,-2.36920039,0.50813008,97.8,-2.00400802,1.03305785,98.3,-8.13084112,0.30612245
2013-02-01,50.1,-1.76470588,54.5,-4.88656195,97.92,2.43749346,0.03064664,9.9,9.9,98.3746,-1.6254,98.3688,139304000.0,21.8,-25.62043484,124422000.0,-15.2,-21.84449553,98.9,-1.68986083,0.0,98.1,-0.90909091,0.30674847,98.1,-7.88732394,-0.2034588
2013-03-01,50.9,-4.14312618,55.6,-4.13793103,97.56,-0.36764706,0.66033842,8.9,9.5,98.081,-1.919,98.2726,182102000.0,10.0,30.72273589,183008000.0,14.1,47.08652811,98.3,-1.99401795,-0.60667341,97.95,-0.3560529,-0.1529052,97.33,-8.52443609,-0.78491335
2013-04-01,50.6,-5.06566604,54.5,-2.85204991,97.35,-0.21525215,1.80924493,9.3,9.4,97.3825,-2.6175,98.0494,186931000.0,14.7,2.65181052,168569000.0,16.8,-7.88981902,97.9,-2.002002,-0.4069176,96.4,-1.43149284,-1.58244002,95.0,-9.86717268,-2.3939176
2013-05-01,50.8,0.79365079,54.3,-1.63043478,97.26,-0.09244992,2.48682824,9.2,9.4,97.1342,-2.8658,97.8665,182680000.0,1.0,-2.27410114,162021000.0,-0.3,-3.88446274,97.7,-1.21334681,-0.20429009,96.5,-0.61791967,0.10373444,94.2,-8.4548105,-0.84210526
2013-06-01,50.1,-0.19920319,53.9,-4.9382716,97.29,0.03084516,2.72410516,8.9,9.3,97.3035,-2.6965,97.7733,174235000.0,-3.1,-4.62283775,146968000.0,-0.7,-9.29077095,98.1,0.61538462,0.40941658,95.8,0.6302521,-0.7253886,95.6,-4.68594217,1.48619958
2013-07-01,50.3,0.3992016,54.1,-2.69784173,97.39,0.10278549,2.98191816,9.7,9.4,97.7288,-2.2712,97.767,185915000.0,5.1,6.70358998,168157000.0,10.9,14.4174242,98.84,2.63759086,0.75433231,95.67,1.45281018,-0.13569937,97.79,0.19467213,2.29079498
2013-08-01,51.0,3.65853659,53.9,-4.26287744,97.29,-0.10267995,2.80008453,10.4,9.5,98.375,-1.625,97.8419,190493000.0,7.2,2.46241562,162359000.0,7.0,-3.44796827,99.31,3.33564679,0.47551599,97.96,6.5030344,2.39364482,98.26,1.11352478,0.48062174
2013-09-01,51.1,2.61044177,55.4,3.16573557,97.25,-0.04111419,3.02998199,10.2,9.6,98.6561,-1.3439,97.9311,185313000.0,-0.3,-2.71926003,170560000.0,7.4,5.05115208,99.6,3.53430353,0.2920149,99.7,10.28761062,1.7762352,98.2,-0.30456853,-0.06106249
2013-10-01,51.4,2.39043825,56.3,1.44144144,96.88,-0.38046272,2.4534687,10.3,9.7,98.4929,-1.5071,97.9866,185294000.0,5.6,-0.01025292,154259000.0,7.6,-9.55734053,99.7,2.46659815,0.10040161,99.1,6.55913978,-0.60180542,97.9,-1.70682731,-0.30549898
2013-11-01,51.4,1.58102767,56.0,0.71942446,96.38,-0.51610239,0.70003134,10.0,9.7,98.5758,-1.4242,98.0396,202083000.0,12.7,9.06073591,168330000.0,5.3,9.12167199,99.6,1.6430248,-0.1003009,98.7,3.81823919,-0.40363269,97.9,-1.55857215,0.0
2013-12-01,51.0,0.79051383,54.6,-2.67379679,97.21,0.86117452,1.69473794,9.7,9.7,98.6443,-1.3557,98.0894,207367000.0,4.3,2.6147672,182139000.0,8.3,8.20352878,99.3,0.91463415,-0.30120482,98.0,1.23966942,-0.70921986,98.5,0.51020408,0.61287028
2014-01-01,50.5,0.1984127,53.4,-4.98220641,,,,,,98.4,-1.6394,98.3606,207037000.0,10.5,-0.15913815,175014000.0,9.8,-3.91184755,98.6,-0.3033367,-0.70493454,97.1,-0.71574642,-0.91836735,98.4,0.1017294,-0.10152284
2014-02-01,50.2,0.1996008,55.0,0.91743119,96.91,-0.30861023,-1.03145425,8.6,8.6,98.0,-2.0182,98.171,114052000.0,-18.1,-44.91226206,136621000.0,9.7,-21.93710217,97.7,-1.21334681,-0.9127789,95.8,-2.34454638,-1.33882595,96.7,-1.42711519,-1.72764228
2014-03-01,50.3,-1.17878193,54.5,-1.97841727,96.4,-0.52626148,-1.18901189,8.8,8.7,97.7,-2.3022,98.0133,170002000.0,-6.6,49.05657069,162017000.0,-11.5,18.58865035,97.61,-0.70193286,-0.09211873,94.59,-3.43032159,-1.26304802,96.24,-1.11990137,-0.47569804
2014-04-01,50.4,-0.39525692,54.8,0.55045872,95.79,-0.63278008,-1.60246533,8.7,8.7,98.0,-2.0042,98.0089,188450000.0,0.8,10.85163704,169786000.0,0.7,4.79517581,97.8,-0.10214505,0.19465219,95.4,-1.0373444,0.85632731,97.0,2.10526316,0.78969244
2014-05-01,50.8,0.0,55.5,2.20994475,95.02,-0.80384174,-2.30310508,8.8,8.7,98.6,-1.4464,98.117,195596000.0,7.1,3.79198726,159357000.0,-1.7,-6.14243813,98.6,0.92118731,0.81799591,96.1,-0.41450777,0.73375262,98.5,4.56475584,1.54639175
2014-06-01,51.0,1.79640719,55.0,2.04081633,94.84,-0.1894338,-2.51824442,9.2,8.8,98.9,-1.1086,98.2445,186756000.0,7.2,-4.51951983,154862000.0,5.3,-2.82071073,98.9,0.81549439,0.30425963,96.5,0.73068894,0.41623309,99.0,3.55648536,0.50761421
2014-07-01,51.7,2.7833002,54.2,0.18484288,94.82,-0.02108815,-2.63887463,9.0,8.8,99.1,-0.8688,98.3696,212744000.0,14.4,13.9154833,165391000.0,-1.7,6.79895649,99.1,0.2630514,0.20222447,97.3,1.70377339,0.82901554,99.4,1.64638511,0.4040404
2014-08-01,51.1,0.19607843,54.4,0.92764378,94.79,-0.03163889,-2.56963717,6.9,8.5,98.8,-1.2038,98.4224,208330000.0,9.4,-2.07479412,158453000.0,-2.4,-4.19490782,98.6,-0.71493304,-0.50454087,95.0,-3.02164149,-2.36382323,98.4,0.14247914,-1.00603622
2014-09-01,51.1,0.0,54.0,-2.52707581,94.72,-0.07384745,-2.60154242,8.0,8.5,98.2,-1.7996,98.3979,213562000.0,15.3,2.51140018,182348000.0,6.9,15.0801815,97.64,-1.96787149,-0.97363083,92.37,-7.35205617,-2.76842105,96.13,-2.10794297,-2.30691057
2014-10-01,50.8,-1.16731518,53.8,-4.44049734,94.76,0.04222973,-2.18827415,7.7,8.4,97.8,-2.2428,98.3342,206771000.0,11.6,-3.17987282,161072000.0,4.4,-11.66780003,96.9,-2.80842528,-0.75788611,91.6,-7.56811302,-0.83360398,94.8,-3.16649642,-1.38354312
2014-11-01,50.3,-2.14007782,53.9,-3.75,94.3,-0.48543689,-2.15812409,7.2,8.3,97.3,-2.6928,98.2414,211563000.0,4.7,2.31753969,156798000.0,-6.8,-2.65347174,96.4,-3.21285141,-0.51599587,90.9,-7.90273556,-0.76419214,92.9,-5.1072523,-2.00421941
2014-12-01,50.1,-1.76470588,54.1,-0.91575092,93.93,-0.39236479,-3.37413846,7.9,8.3,96.7,-3.3152,98.1124,227430000.0,9.7,7.49989365,177514000.0,-2.4,13.21190321,95.6,-3.72608258,-0.82987552,90.3,-7.85714286,-0.66006601,89.8,-8.83248731,-3.33692142
2015-01-01,49.8,-1.38613861,53.7,0.56179775,,,,,,95.7,-4.3202,95.6798,199876000.0,-3.5,-12.11537616,140561000.0,-19.7,-20.81694965,94.4,-4.25963489,-1.25523013,88.5,-8.85684861,-1.99335548,86.0,-12.60162602,-4.23162584
2015-02-01,49.9,-0.59760956,53.9,-2.0,93.77,-0.17033961,-3.2401197,,6.8,95.2,-4.7976,95.4414,168947000.0,48.2,-15.47409394,108485000.0,-20.5,-22.81998563,94.2,-3.58239509,-0.21186441,87.4,-8.76826722,-1.24293785,84.4,-12.71975181,-1.86046512
2015-03-01,50.1,-0.39761431,53.7,-1.46788991,93.11,-0.70384985,-3.41286307,5.6,6.4,95.4,-4.5603,95.4408,144235000.0,-15.1,-14.6270724,141719000.0,-12.5,30.63464995,94.6,-3.08370044,0.42462845,87.5,-7.49550692,0.11441648,85.3,-11.3674148,1.06635071
2015-04-01,50.1,-0.5952381,53.4,-2.55474453,92.56,-0.59069917,-3.37195949,5.9,6.2,95.4,-4.5725,95.4375,175902000.0,-6.6,21.95514265,142701000.0,-16.0,0.6929205,94.7,-3.16973415,0.10570825,87.3,-8.49056604,-0.22857143,85.8,-11.54639175,0.58616647
2015-05-01,50.2,-1.18110236,53.2,-4.14414414,92.43,-0.14044944,-2.72574195,6.1,6.2,95.4,-4.607,95.4286,188800000.0,-3.4,7.33249196,131646000.0,-17.3,-7.74696744,94.5,-4.15821501,-0.21119324,88.4,-8.01248699,1.26002291,86.3,-12.3857868,0.58275058
2015-06-01,50.2,-1.56862745,53.8,-2.18181818,92.63,0.21637996,-2.3302404,6.8,6.3,95.2,-4.8135,95.3885,189545000.0,1.5,0.39459746,144347000.0,-6.7,9.64784346,94.2,-4.75227503,-0.31746032,88.8,-7.97927461,0.45248869,87.2,-11.91919192,1.0428737
2015-07-01,50.0,-3.28820116,53.9,-0.55350554,93.03,0.43182554,-1.88778739,6.0,6.3,94.6,-5.3692,95.2808,193161000.0,-9.2,1.9077264,151292000.0,-8.4,4.81132272,93.3,-5.85267407,-0.95541401,87.6,-9.96916752,-1.35135135,86.2,-13.27967807,-1.14678899
2015-08-01,49.7,-2.73972603,53.4,-1.83823529,93.46,0.46221649,-1.40310159,6.1,6.3,94.1,-5.9227,95.1312,196161000.0,-5.8,1.55310855,136473000.0,-13.7,-9.79496603,93.0,-5.67951318,-0.32154341,87.4,-8.0,-0.2283105,84.4,-14.22764228,-2.08816705
2015-09-01,49.8,-2.54403131,53.4,-1.11111111,93.4,-0.06419859,-1.39358108,5.7,6.2,94.1,-5.945,95.0127,204923000.0,-3.9,4.46673906,145317000.0,-20.2,6.48040272,92.7,-5.05940188,-0.32258065,88.2,-4.51445274,0.91533181,83.2,-13.45053573,-1.42180095
2015-10-01,49.8,-1.96850394,53.1,-1.30111524,93.34,-0.06423983,-1.49852258,5.6,6.1,94.1,-5.9,94.9,192189000.0,-7.0,-6.21404137,130903000.0,-18.6,-9.91900466,92.6,-4.4375645,-0.10787487,88.8,-3.05676856,0.68027211,83.4,-12.02531646,0.24038462
2015-11-01,49.6,-1.3916501,53.6,-0.55658627,93.35,0.01071352,-1.00742312,6.2,6.1,94.1,-5.9,94.8,196593000.0,-7.0,2.29149431,142616000.0,-8.8,8.94784688,92.3,-4.25311203,-0.32397408,88.1,-3.08030803,-0.78828829,84.2,-9.3649085,0.95923261
2015-12-01,49.7,-0.79840319,54.4,0.55452865,93.34,-0.01071237,-0.62812733,5.9,6.1,94.1,-5.9,94.8,223136000.0,-1.6,13.50149802,163506000.0,-7.4,14.64772536,92.7,-3.0334728,0.43336945,87.6,-2.99003322,-0.56753689,84.9,-5.45657016,0.83135392
2016-01-01,49.4,-0.80321285,53.5,-0.37243948,,,,,,94.7,-5.3,94.7204,169399000.0,-15.2,-24.08262226,112547000.0,-19.9,-31.16644038,93.4,-1.05932203,0.75512406,88.2,-0.33898305,0.68493151,85.5,-0.58139535,0.70671378
2016-02-01,49.0,-1.80360721,52.7,-2.22634508,99.18,6.25669595,5.76943585,,5.4,95.1,-4.9,94.9,121707000.0,-28.0,-28.15364908,93558000.0,-13.7,-16.87206234,93.9,-0.31847134,0.53533191,89.7,2.63157895,1.70068027,85.7,1.54028436,0.23391813
2016-03-01,50.2,0.1996008,53.8,0.18621974,100.29,1.11917725,7.7113092,6.8,5.8,95.7,-4.3,95.1645,155098000.0,7.5,27.43556246,130188000.0,-8.1,39.15218367,94.9,0.31712474,1.06496273,93.4,6.74285714,4.12486065,85.5,0.23446659,-0.23337223
2016-04-01,50.1,0.0,53.5,0.18726592,100.58,0.28916143,8.66464996,6.0,5.8,96.6,-3.4,95.5265,166689000.0,-5.3,7.47333944,126829000.0,-11.1,-2.58011491,96.0,1.37275607,1.15911486,95.5,9.39289805,2.248394,86.7,1.04895105,1.40350877
2016-05-01,50.1,-0.19920319,53.1,-0.18796992,100.57,-0.00994233,8.8066645,6.0,5.9,97.2,-2.8,95.9,175710000.0,-6.9,5.41187481,130867000.0,-0.5,3.18381443,96.2,1.7989418,0.20833333,95.0,7.46606335,-0.52356021,89.1,3.24449594,2.76816609
2016-06-01,50.0,-0.39840637,53.7,-0.18587361,100.92,0.34801631,8.94958437,6.2,6.0,97.4,-2.6,96.1,176605000.0,-6.8,0.50936202,131262000.0,-9.0,0.30183316,96.6,2.5477707,0.41580042,94.7,6.64414414,-0.31578947,90.2,3.44036697,1.2345679
2016-07-01,49.9,-0.2,53.9,0.0,100.36,-0.55489497,7.87917876,6.0,6.0,98.3,-1.7,96.4,180659000.0,-6.5,2.29551825,132312000.0,-12.5,0.79992686,97.89,4.91961415,1.33540373,97.48,11.27853881,2.93558606,91.7,6.38051044,1.66297118
2016-08-01,50.4,1.4084507,53.5,0.18726592,100.4,0.03985652,7.42563664,6.3,6.0,99.2,-0.8,96.8,188831000.0,-3.8,4.52343919,138734000.0,1.7,4.85367918,98.69,6.11827957,0.81724385,99.82,14.21052632,2.40049241,94.06,11.44549763,2.5736096
2016-09-01,50.4,1.20481928,53.7,0.56179775,100.54,0.13944223,7.64453961,6.1,6.0,100.1,0.1,97.1,183440000.0,-10.4,-2.85493378,143010000.0,-1.6,3.08215722,100.2,8.09061489,1.53004357,101.5,15.07936508,1.68302945,98.6,18.50961538,4.82670636
2016-10-01,51.2,2.81124498,54.0,1.69491525,100.75,0.20887209,7.93871866,6.1,6.0,101.2,1.2,97.5,176836000.0,-7.9,-3.60008722,128671000.0,-1.6,-10.02657157,101.7,9.82721382,1.49700599,102.2,15.09009009,0.68965517,101.9,22.1822542,3.34685598
2016-11-01,51.7,4.23387097,54.7,2.05223881,100.88,0.12903226,8.06641671,6.2,6.0,103.3,3.3,98.0,193561000.0,-1.5,9.45791581,150477000.0,5.5,16.94709764,104.5,13.21776815,2.75319567,107.3,21.79341657,4.99021526,106.3,26.24703088,4.31795878
2016-12-01,51.4,3.42052314,54.5,0.18382353,101.02,0.13877875,8.22798372,6.0,6.0,105.5,5.5,98.6,209097000.0,-6.2,8.02641028,169470000.0,3.1,12.62186248,106.8,15.21035599,2.20095694,112.3,28.19634703,4.65983225,111.2,30.97762073,4.60959548
2017-01-01,51.3,3.84615385,54.6,2.05607477,,,,,,106.9,6.9,106.9,180273000.0,6.6,-13.78498974,131596000.0,17.0,-22.34849826,108.5,16.16702355,1.5917603,115.2,30.6122449,2.58236866,117.7,37.66081871,5.84532374
2017-02-01,51.6,5.30612245,54.2,2.84629981,100.76,-0.25737478,1.59306312,,6.3,107.8,7.8,107.3,118848000.0,-2.4,-34.07332213,129787000.0,38.7,-1.37466184,109.3,16.40042599,0.73732719,117.1,30.54626533,1.64930556,121.5,41.77362894,3.22854715
2017-03-01,51.8,3.187251,55.1,2.41635688,101.12,0.35728464,0.82759996,7.6,6.8,107.6,7.6,107.4,179248000.0,15.4,50.82121702,156541000.0,20.2,20.61377488,108.4,14.22550053,-0.82342177,115.8,23.98286938,-1.11016225,120.6,41.05263158,-0.74074074
2017-04-01,51.2,2.19560878,54.0,0.93457944,101.21,0.08900316,0.62636707,6.5,6.7,106.4,6.4,107.2,177763000.0,6.5,-0.82846113,141251000.0,11.4,-9.76740918,106.8,11.25,-1.47601476,112.2,17.48691099,-3.10880829,118.6,36.79354095,-1.65837479
2017-05-01,51.2,2.19560878,54.5,2.63653484,101.18,-0.02964134,0.60654271,6.5,6.7,105.5,5.5,106.8,189088000.0,7.6,6.37084208,149166000.0,14.0,5.60350015,106.2,10.3950104,-0.56179775,110.2,16.0,-1.78253119,114.2,28.17059484,-3.70994941
2017-06-01,51.7,3.4,54.9,2.23463687,101.38,0.19766752,0.45580658,7.6,6.9,105.5,5.5,106.6,194755000.0,10.3,2.99701726,153537000.0,16.9,2.93029243,106.1,9.83436853,-0.09416196,110.2,16.36747624,0.0,110.7,22.72727273,-3.0647986
2017-07-01,51.4,3.00601202,54.5,1.11317254,101.45,0.06904715,1.08609008,6.4,6.8,105.5,5.5,106.4,192119000.0,6.4,-1.35349542,147269000.0,11.1,-4.08240359,105.8,8.08049852,-0.28275212,109.3,12.12556422,-0.81669691,109.2,19.08396947,-1.35501355
2017-08-01,51.7,2.57936508,53.4,-0.18691589,101.47,0.01971414,1.06573705,6.0,6.7,106.3,6.3,106.4,198043000.0,4.9,3.08350554,157997000.0,13.4,7.28462881,106.7,8.11632384,0.85066163,111.8,12.00160289,2.28728271,111.0,18.00978099,1.64835165
2017-09-01,52.4,3.96825397,55.4,3.16573557,101.5,0.02956539,0.95484384,6.6,6.7,106.9,6.9,106.5,197944000.0,7.9,-0.04998914,170567000.0,18.8,7.95584726,106.9,6.68662675,0.18744142,111.8,10.14778325,0.0,109.9,11.46044625,-0.99099099
2017-10-01,51.6,0.78125,54.3,0.55555556,101.54,0.03940887,0.78411911,6.2,6.7,106.9,6.9,106.5,187903000.0,6.3,-5.07264681,151004000.0,17.1,-11.46939326,106.8,5.01474926,-0.09354537,111.2,8.80626223,-0.53667263,108.6,6.5750736,-1.18289354
2017-11-01,51.8,0.1934236,54.8,0.18281536,101.68,0.1378767,0.79302141,6.1,6.6,105.8,5.8,106.4,215839000.0,11.5,14.86724533,177405000.0,17.6,17.48364282,105.3,0.76555024,-1.40449438,107.6,0.27958993,-3.23741007,107.1,0.75258702,-1.38121547
2017-12-01,51.6,0.38910506,55.0,0.91743119,101.77,0.08851298,0.74242724,6.2,6.6,104.9,4.9,106.3,231523000.0,10.9,7.26652737,177672000.0,4.5,0.15050309,104.4,-2.24719101,-0.85470085,105.6,-5.96616207,-1.85873606,105.7,-4.94604317,-1.30718954
2018-01-01,51.3,0.0,55.3,1.28205128,,,,,,104.3,4.3,104.3,199469000.0,10.7,-13.84484479,181151000.0,37.6,1.95810257,103.9,-4.23963134,-0.4789272,105.6,-8.33333333,0.0,104.8,-10.96006797,-0.85146641
2018-02-01,50.3,-2.51937984,54.4,0.36900369,101.71,-0.05895647,0.94283446,,7.2,103.7,3.7,104.0,170549000.0,43.6,-14.4984935,138345000.0,6.6,-23.63001032,103.4,-5.39798719,-0.48123195,103.9,-11.27241674,-1.60984848,104.9,-13.66255144,0.09541985
2018-03-01,51.5,-0.57915058,54.6,-0.90744102,101.52,-0.18680562,0.39556962,6.0,6.8,103.1,3.1,103.7,173900000.0,-3.0,1.96483122,179694000.0,14.8,29.88832267,102.7,-5.25830258,-0.67698259,101.6,-12.26252159,-2.21366699,103.9,-13.84742952,-0.95328885
2018-04-01,51.4,0.390625,54.8,1.48148148,101.39,-0.12805359,0.17784804,7.0,6.9,103.4,3.4,103.6,198936000.0,11.9,14.39677976,172719000.0,22.2,-3.88159872,102.8,-3.74531835,0.09737098,102.3,-8.82352941,0.68897638,104.7,-11.72006745,0.76997113
2018-05-01,51.9,1.3671875,54.9,0.73394495,101.62,0.22684683,0.43486855,6.8,6.9,104.1,4.1,103.7,211592000.0,11.9,6.36184502,188177000.0,26.2,8.94979707,103.6,-2.44821092,0.77821012,104.2,-5.4446461,1.8572825,106.8,-6.47985989,2.00573066
2018-06-01,51.5,-0.3868472,55.0,0.18214936,101.71,0.08856524,0.32550799,6.0,6.7,104.7,4.7,103.9,215596000.0,10.7,1.89232107,174691000.0,13.8,-7.16665692,104.1,-1.88501414,0.48262548,104.9,-4.80943739,0.67178503,109.2,-1.35501355,2.24719101
2018-07-01,51.2,-0.38910506,54.0,-0.91743119,101.92,0.20646937,0.46328241,6.0,6.6,104.6,4.6,104.0,214403000.0,11.6,-0.55334978,186914000.0,27.0,6.996926,103.9,-1.79584121,-0.19212296,104.0,-4.84903934,-0.85795996,110.7,1.37362637,1.37362637
2018-08-01,51.3,-0.77369439,54.2,1.49812734,102.03,0.10792779,0.55188726,6.1,6.5,104.1,4.1,104.0,216949000.0,9.6,1.18748338,190652000.0,20.7,1.9998502,103.3,-3.18650422,-0.57747834,103.5,-7.42397138,-0.48076923,109.7,-1.17117117,-0.90334237
2018-09-01,50.8,-3.05343511,54.9,-0.90252708,102.03,0.0,0.52216749,5.8,6.4,103.6,3.6,104.0,225398000.0,13.9,3.89446368,195134000.0,14.3,2.35088014,103.2,-3.46117867,-0.09680542,105.5,-5.63506261,1.93236715,109.4,-0.45495905,-0.27347311
2018-10-01,50.2,-2.71317829,53.9,-0.73664825,101.99,-0.03920416,0.4431751,5.9,6.4,103.3,3.3,103.9,214759000.0,14.3,-4.72009512,181786000.0,20.3,-6.8404276,102.8,-3.74531835,-0.3875969,106.4,-4.31654676,0.85308057,109.4,0.73664825,0.0
2018-11-01,50.0,-3.47490347,53.4,-2.55474453,101.97,-0.01960977,0.2852085,5.4,6.3,102.7,2.7,103.8,224294000.0,3.9,4.43986049,182435000.0,2.9,0.35701319,101.8,-3.32383666,-0.97276265,107.3,-0.27881041,0.84586466,106.3,-0.74696545,-2.83363803
2018-12-01,49.4,-4.26356589,53.8,-2.18181818,101.87,-0.09806806,0.09826078,5.7,6.2,100.9,0.9,103.5,220850000.0,-4.4,-1.53548468,164050000.0,-7.6,-10.07756187,100.3,-3.92720307,-1.47347741,105.4,-0.18939394,-1.77073625,101.5,-3.97350993,-4.51552211
2019-01-01,49.5,-3.50877193,54.7,-1.08499096,100.58,-1.26631982,-1.16930333,,,100.1,0.1,100.1,218008133.5,9.3,-1.28678583,179669676.1,-0.9,9.52128991,99.5,-4.23484119,-0.79760718,104.7,-0.85227273,-0.66413662,98.6,-5.91603053,-2.85714286
2019-02-01,49.2,-2.18687873,54.3,-0.18382353,100.81,0.22867369,-0.88486874,,5.3,100.1,0.1,100.1,135330170.0,-20.7,-37.92425639,132371034.7,-4.4,-26.32533348,99.7,-3.57833656,0.20100503,105.6,1.63618864,0.85959885,99.0,-5.62440419,0.40567951
2019-03-01,50.5,-1.94174757,54.8,0.36630037,101.01,0.19839302,-0.50236407,8.5,6.5,100.4,0.4,100.2,198234435.6,14.0,46.48207092,166867490.0,-7.2,26.06042582,100.6,-2.04479065,0.90270812,106.7,5.01968504,1.04166667,101.1,-2.69489894,2.12121212
2019-04-01,50.1,-2.52918288,54.3,-0.91240876,101.14,0.12870013,-0.24657264,5.4,6.2,100.9,0.9,100.3,193606315.7,-2.7,-2.33467,180531895.0,4.5,8.18877602,101.1,-1.6536965,0.49701789,109.1,6.64711632,2.24929709,100.6,-3.91595033,-0.49455984
2019-05-01,49.4,-4.81695568,54.3,-1.09289617,101.06,-0.07909828,-0.55107262,5.0,6.0,100.6,0.6,100.4,213917758.1,1.1,10.49110528,172773252.9,-8.2,-4.29765726,100.7,-2.7992278,-0.39564787,110.4,5.95009597,1.19156737,99.5,-6.83520599,-1.09343936
2019-06-01,49.4,-4.0776699,54.2,-1.45454545,101.09,0.02968534,-0.60957625,6.3,6.0,100.0,0.0,100.3,212465709.9,-1.5,-0.67878806,162816660.9,-6.8,-5.76280867,99.8,-4.13064361,-0.89374379,112.2,6.95900858,1.63043478,97.5,-10.71428571,-2.01005025
2019-07-01,49.7,-2.9296875,53.7,-0.55555556,101.09,0.0,-0.81436421,4.8,5.8,99.7,-0.3,100.2,221772397.5,3.4,4.38032453,177757872.1,-4.9,9.17670902,99.7,-4.04234841,-0.1002004,114.7,10.28846154,2.22816399,95.9,-13.36946703,-1.64102564
2019-08-01,49.5,-3.50877193,53.8,-0.73800738,101.11,0.01978435,-0.90169558,4.4,5.6,99.2,-0.8,100.1,214873286.8,-1.0,-3.11089693,180157156.9,-5.5,1.34974883,99.3,-3.87221684,-0.40120361,112.2,8.4057971,-2.17959895,94.6,-13.76481313,-1.35557873
2019-09-01,49.8,-1.96850394,53.7,-2.18579235,101.23,0.11868262,-0.78408311,5.8,5.6,98.8,-1.2,100.0,218214874.3,-3.2,1.55514329,179136522.2,-8.2,-0.56652465,98.9,-4.16666667,-0.40281974,108.8,3.12796209,-3.03030303,93.5,-14.53382084,-1.1627907
2019-10-01,49.3,-1.79282869,52.8,-2.04081633,101.28,0.04939247,-0.69614668,4.7,5.6,98.4,-1.6,99.8,212978599.5,-0.8,-2.39959573,170670619.6,-6.2,-4.72595007,98.9,-3.79377432,0.0,107.4,0.93984962,-1.28676471,92.8,-15.17367459,-0.7486631
2019-11-01,50.2,0.4,54.4,1.87265918,101.3,0.01974724,-0.657056,6.2,5.6,98.6,-1.4,99.7,221442325.0,-1.3,3.97397932,184266453.8,0.8,7.96612459,99.4,-2.35756385,0.50556117,105.8,-1.39794967,-1.48975791,94.1,-11.47695202,1.40086207
2019-12-01,50.2,1.6194332,53.5,-0.55762082,101.27,-0.029615,-0.58898596,6.9,5.7,99.5,-0.5,99.7,238638083.2,7.9,7.76534396,191390349.1,16.5,3.86608368,100.5,0.19940179,1.10663984,106.9,1.42314991,1.03969754,98.0,-3.44827586,4.1445271
2020-01-01,50.0,1.01010101,54.1,-1.09689214,100.33,-0.92821171,-0.24855836,,,100.1,0.1,100.1,211587567.6,-2.9,-11.33537248,156920624.1,-12.7,-18.01016883,101.0,1.50753769,0.49751244,106.9,2.10124164,0.0,100.4,1.82555781,2.44897959
2020-02-01,35.7,-27.43902439,29.6,-45.48802947,97.45,-2.87052726,-3.33300268,,-13.5,99.6,-0.4,99.8,80379283.79,-40.6,-62.01133899,142371518.7,7.7,-9.27163366,100.3,0.60180542,-0.69306931,105.0,-0.56818182,-1.77736202,97.5,-1.51515152,-2.88844622
2020-03-01,52.0,2.97029703,52.3,-4.5620438,98.27,0.84145716,-2.71260271,-1.1,-8.4,98.5,-1.5,99.4,184571998.6,-6.9,129.62632895,164603201.9,-1.3,15.61526027,98.6,-1.98807157,-1.69491525,104.1,-2.43673852,-0.85714286,92.0,-9.00098912,-5.64102564
2020-04-01,50.8,1.39720559,53.2,-2.02578269,98.96,0.70214715,-2.15542812,3.9,-4.9,96.9,-3.1,98.8,199483191.9,3.1,8.07879495,154546662.3,-14.4,-6.10956499,97.0,-4.0553907,-1.62271805,102.3,-6.23281393,-1.72910663,86.8,-13.71769384,-5.65217391
2020-05-01,50.6,2.4291498,53.6,-1.28913444,99.46,0.50525465,-1.58321789,4.4,-2.8,96.3,-3.7,98.3,206428326.7,-3.5,3.4815639,144811206.1,-16.7,-6.29936361,96.7,-3.97219464,-0.30927835,101.7,-7.88043478,-0.58651026,85.0,-14.57286432,-2.07373272
2020-06-01,50.9,3.03643725,54.4,0.36900369,99.92,0.46249749,-1.15738451,4.8,-1.3,97.0,-3.0,98.1,212846693.2,0.2,3.10924697,168167065.9,2.3,16.12848924,97.7,-2.10420842,1.03412616,102.0,-9.09090909,0.29498525,87.4,-10.35897436,2.82352941
2020-07-01,51.1,2.81690141,54.2,0.9310987,100.15,0.23018415,-0.92986448,4.8,-0.4,97.6,-2.4,98.0,236839118.6,6.8,11.27216263,176530158.4,-1.6,4.97308582,98.5,-1.20361083,0.81883316,101.8,-11.2467306,-0.19607843,89.9,-6.25651721,2.8604119
2020-08-01,51.0,3.03030303,55.2,2.60223048,100.38,0.22965552,-0.72198596,5.6,0.4,98.0,-2.0,98.0,234372876.6,9.1,-1.04131531,177272365.1,-2.3,0.42044187,98.9,-0.40281974,0.40609137,103.5,-7.7540107,1.66994106,91.1,-3.69978858,1.33481646
2020-09-01,51.5,3.41365462,55.9,4.09683426,100.47,0.08965929,-0.75076558,6.9,1.2,97.9,-2.1,98.0,238612878.8,9.4,1.809084,203269047.8,12.7,14.66482533,98.7,-0.20222447,-0.20222447,103.7,-4.6875,0.19323671,91.1,-2.56684492,0.0
2020-10-01,51.4,4.25963489,56.2,6.43939394,100.55,0.07962576,-0.72077409,6.9,1.8,97.9,-2.1,98.0,236229943.9,10.9,-0.99866148,178908375.6,4.4,-11.98444744,98.5,-0.40444894,-0.20263425,105.3,-1.95530726,1.54291225,90.2,-2.80172414,-0.98792536
2020-11-01,52.1,3.78486056,56.4,3.67647059,100.6,0.0497265,-0.69101678,7.0,2.3,98.5,-1.5,98.0,266912158.1,20.6,12.98828324,192663372.2,3.9,7.68829103,99.0,-0.40241449,0.50761421,106.4,0.56710775,1.04463438,90.6,-3.7194474,0.44345898
2020-12-01,51.9,3.38645418,55.7,4.11214953,100.86,0.2584493,-0.4048583,7.3,2.8,99.6,-0.4,98.2,281687569.9,18.1,5.53568331,205897955.6,6.5,6.86927839,100.2,-0.29850746,1.21212121,108.7,1.68381665,2.16165414,92.6,-5.51020408,2.20750552
2021-01-01,51.3,2.6,52.4,-3.14232902,101.11,0.24786833,0.77743447,,,100.3,0.3,100.3,263382206.299,24.6,-6.49846339,201975186.584,28.7,-1.90520057,101.2,0.1980198,0.99800399,110.7,3.55472404,1.8399264,93.7,-6.67330677,1.18790497
2021-02-01,50.6,41.73669468,51.4,73.64864865,101.43,0.31648699,4.08414572,,35.1,101.7,1.7,101.0,204385038.851,154.9,-22.39983037,169377988.328,18.9,-16.13920938,102.9,2.59222333,1.6798419,113.9,8.47619048,2.89069557,97.6,0.1025641,4.16221985
2021-03-01,51.9,-0.19230769,56.3,7.64818356,101.32,-0.10844918,3.1036939,14.1,24.5,104.4,4.4,102.1,240543051.513,30.6,17.69112498,228991508.949,39.1,35.19555357,105.4,6.89655172,2.42954325,115.2,10.66282421,1.14135206,104.1,13.15217391,6.65983607
2021-04-01,51.1,0.59055118,54.9,3.19548872,101.29,-0.02960916,2.35448666,9.8,20.3,106.8,6.8,103.3,263091278.364,32.1,9.3738841,222618757.429,44.0,-2.78296411,107.5,10.82474227,1.99240987,117.4,14.76050831,1.90972222,111.1,27.99539171,6.72430355
2021-05-01,51.0,0.79051383,55.2,2.98507463,101.18,-0.10859907,1.72933843,8.8,17.8,109.0,9.0,104.4,263229261.649,27.7,0.05244692,220393807.6,52.0,-0.99944401,109.1,12.82316443,1.48837209,121.0,18.97738446,3.06643952,115.2,35.52941176,3.69036904
2021-06-01,50.9,0.0,53.5,-1.65441176,101.06,-0.11860051,1.14091273,8.3,15.9,108.8,8.8,105.1,280304246.874,32.1,6.48673522,230865446.027,37.1,4.7513306,108.1,10.64483112,-0.91659028,121.5,19.11764706,0.41322314,114.9,31.46453089,-0.26041667
2021-07-01,50.4,-1.36986301,53.3,-1.66051661,100.97,-0.08905601,0.81877184,6.4,14.4,109.0,9.0,105.7,281278374.566,19.2,0.34752513,226438840.556,28.2,-1.91739628,107.9,9.54314721,-0.18501388,121.0,18.86051081,-0.41152263,115.3,28.25361513,0.34812881
2021-08-01,50.1,-1.76470588,47.5,-13.94927536,100.82,-0.14855898,0.43833433,5.3,13.1,109.5,9.5,106.2,293171355.052,25.4,4.22818871,234726151.146,32.7,3.659845,107.6,8.79676441,-0.27803522,116.3,12.36714976,-3.88429752,115.1,26.34467618,-0.17346054
2021-09-01,49.6,-3.68932039,53.2,-4.83005367,100.7,-0.119024,0.22892406,3.1,11.8,110.7,10.7,106.7,304698741.987,28.0,3.93196222,237162126.359,17.2,1.03779455,107.9,9.32117528,0.27881041,114.4,10.31822565,-1.63370593,117.6,29.08891328,2.17202433
2021-10-01,49.2,-4.28015564,52.4,-6.76156584,100.57,-0.12909633,0.0198906,3.5,10.9,113.5,13.5,107.3,299119981.769,26.9,-1.83091016,214714423.709,20.4,-9.46512961,110.1,11.77664975,2.03892493,111.4,5.79297246,-2.62237762,123.7,37.13968958,5.18707483
2021-11-01,50.1,-3.83877159,52.3,-7.26950355,100.45,-0.11931988,-0.14910537,3.8,10.1,112.9,12.9,107.9,324277287.765,21.7,8.4104398,253012219.015,31.4,17.83661975,109.8,10.90909091,-0.27247956,107.8,1.31578947,-3.23159785,123.8,36.64459161,0.08084074
2021-12-01,50.3,-3.08285164,52.7,-5.38599641,100.28,-0.16923843,-0.57505453,4.3,9.6,110.3,10.3,108.1,339662266.173,20.9,4.74438975,246454139.93,19.5,-2.59200094,107.5,7.28542914,-2.09471767,104.2,-4.13983441,-3.33951763,118.6,28.07775378,-4.2003231
2022-01-01,50.1,-2.33918129,51.1,-2.48091603,96.82,-3.45033905,-4.24290377,,,109.1,9.1,109.1,323277032.3,24.0,-4.82397826,243971523.1,21.0,-1.0073342,106.4,5.13833992,-1.02325581,103.4,-6.59439928,-0.76775432,118.0,25.93383138,-0.50590219
2022-02-01,50.2,-0.79051383,51.6,0.38910506,96.89,0.07229911,-4.4759933,,7.5,108.8,8.8,108.9,214796000.6,6.0,-33.55667767,188620186.8,11.7,-22.68762173,106.1,3.10981535,-0.28195489,103.2,-9.39420544,-0.1934236,118.7,21.61885246,0.59322034
2022-03-01,49.5,-4.62427746,48.4,-14.03197158,96.62,-0.27866653,-4.63876826,5.0,6.5,108.3,8.3,108.7,272869482.5,14.3,27.03657505,230016765.7,0.7,21.94705646,106.1,0.66413662,0.0,104.0,-9.72222222,0.7751938,121.1,16.33045149,2.02190396
2022-04-01,47.4,-7.2407045,41.9,-23.67941712,95.85,-0.79693645,-5.37071774,-2.9,4.0,108.0,8.0,108.5,268965296.5,3.5,-1.4307888,222673885.7,0.1,-3.19232382,106.3,-1.11627907,0.18850141,105.1,-10.4770017,1.05769231,122.3,10.0810081,0.9909166
2022-05-01,49.6,-2.74509804,47.8,-13.4057971,95.56,-0.30255608,-5.5544574,0.7,3.3,106.4,6.4,108.1,303898564.3,16.4,12.98802048,227787340.1,3.5,2.29638711,105.1,-3.66636114,-1.12888053,100.9,-16.61157025,-3.9961941,120.3,4.42708333,-1.63532298
2022-06-01,50.2,-1.37524558,54.7,2.24299065,95.35,-0.21975722,-5.65010885,3.9,3.4,106.1,6.1,107.7,323406642.4,17.1,6.41927287,230099919.2,0.0,1.01523601,105.2,-2.6827012,0.09514748,98.1,-19.25925926,-2.77502478,120.6,4.96083551,0.24937656
2022-07-01,49.0,-2.77777778,53.8,0.9380863,95.23,-0.12585212,-5.68485689,3.8,3.5,104.2,4.2,107.2,327463192.1,18.1,1.25431861,229223343.7,1.6,-0.38095428,103.1,-4.44856348,-1.99619772,93.2,-22.97520661,-4.99490316,116.7,1.21422376,-3.23383085
2022-08-01,49.4,-1.39720559,52.6,10.73684211,95.03,-0.21001785,-5.74290815,4.2,3.6,102.3,2.3,106.6,310386496.8,7.4,-5.21484421,233391984.4,0.0,1.81859344,102.3,-4.92565056,-0.77594568,92.8,-20.20636285,-0.42918455,114.4,-0.60816681,-1.97086547
2022-09-01,50.1,1.00806452,50.6,-4.88721805,94.8,-0.24202883,-5.85898709,6.3,3.9,100.9,0.9,105.9397,318242611.1,5.6,2.53107477,236091997.7,0.2,1.15685777,101.7,-5.74606117,-0.58651026,95.8,-16.25874126,3.23275862,111.8,-4.93197279,-2.27272727
2022-10-01,49.2,0.0,48.7,-7.0610687,94.66,-0.14767932,-5.87650393,5.0,4.0,98.7,-1.3,105.2,293613877.3,-0.3,-7.73898056,211906418.3,-0.7,-10.24413349,100.1,-9.08265213,-1.57325467,98.1,-11.93895871,2.40083507,108.0,-12.69199677,-3.39892665
2022-11-01,48.0,-4.19161677,46.7,-10.70745698,94.38,-0.29579548,-6.04280737,2.2,3.8,98.7,-1.3,104.6,290615312.4,-9.0,-1.0212613,224830774.5,-10.6,6.09908671,99.8,-9.10746812,-0.2997003,100.7,-6.58627087,2.65035678,107.8,-12.92407108,-0.18518519
2022-12-01,47.0,-6.56063618,41.6,-21.0626186,94.31,-0.07416826,-5.95333067,1.3,3.6,99.3,-0.7,104.1,296899982.9,-9.9,2.16253935,227892723.8,-7.5,1.36189065,100.2,-6.79069767,0.4008016,102.6,-1.53550864,1.88679245,108.0,-8.9376054,0.18552876
2023-01-01,50.1,0.0,54.4,6.45792564,94.39,0.08482664,-2.50981202,,,99.2,-0.8,99.2,284408501.119,-12.0,-4.20730296,192546667.35,-21.0,-15.50995392,100.4,-5.63909774,0.1996008,101.9,-1.45067698,-0.68226121,105.8,-10.33898305,-2.03703704
2023-02-01,52.6,4.78087649,56.3,9.10852713,94.59,0.21188685,-2.37382599,,2.4,98.6,-1.4,98.9,208640924.774,-2.8,-26.64040493,196621069.936,4.3,2.11605978,99.7,-6.03204524,-0.69721116,102.4,-0.7751938,0.49067713,103.1,-13.14237574,-2.55198488
2023-03-01,51.9,4.84848485,58.2,20.24793388,94.63,0.04228777,-2.05961499,3.9,3.0,97.5,-2.5,98.4,302448025.551,10.9,44.96102616,225374623.435,-2.0,14.62384144,98.3,-7.35155514,-1.40421264,101.7,-2.21153846,-0.68359375,98.3,-18.82741536,-4.6556741
2023-04-01,49.2,3.79746835,56.4,34.60620525,94.69,0.06340484,-1.21022431,5.6,3.6,96.4,-3.6,97.9,288077191.721,7.1,-4.75150526,203029291.081,-8.8,-9.91475083,97.1,-8.65475071,-1.2207528,100.1,-4.75737393,-1.57325467,96.1,-21.42273099,-2.2380468
2023-05-01,48.8,-1.61290323,54.5,14.0167364,94.48,-0.22177632,-1.13017999,3.5,3.6,95.4,-4.6,97.4,280918556.318,-7.6,-2.48497125,215766730.015,-5.2,6.27369522,95.9,-8.75356803,-1.23583934,99.2,-1.68483647,-0.8991009,93.6,-22.19451372,-2.60145682
2023-06-01,49.0,-2.39043825,53.2,-2.74223035,93.99,-0.51862828,-1.42632407,4.4,3.8,94.6,-5.4,96.9,283376665.126,-12.4,0.87502543,213818538.203,-7.0,-0.90291576,95.5,-9.22053232,-0.41710115,99.9,1.83486239,0.70564516,90.0,-25.37313433,-3.84615385
2023-07-01,49.3,0.6122449,51.5,-4.27509294,93.71,-0.29790403,-1.59613567,3.7,3.8,95.6,-4.4,96.8,280778782.19,-14.2,-0.91675965,201382521.006,-12.1,-5.81615481,97.0,-5.91658584,1.57068063,104.6,12.23175966,4.7047047,91.8,-21.33676093,2.0
2023-08-01,49.7,0.60728745,51.0,-3.0418251,93.49,-0.23476683,-1.62054088,4.5,3.9,97.0,-3.0,96.8,283838806.932,-8.5,1.08983475,216619904.704,-7.2,7.56638839,98.0,-4.20332356,1.03092784,107.3,15.625,2.58126195,96.0,-16.08391608,4.5751634
2023-09-01,50.2,0.1996008,51.7,2.17391304,93.37,-0.12835597,-1.50843882,4.5,4.0,97.5,-2.5,96.9,296452812.815,-6.8,4.44407374,221333257.262,-6.3,2.17586309,98.6,-3.04818092,0.6122449,107.3,12.00417537,0.0,98.7,-11.71735242,2.8125
2023-10-01,49.5,0.6097561,50.6,3.90143737,93.34,-0.03213023,-1.3944644,4.6,4.1,97.4,-2.6,96.9,274198382.276,-6.6,-7.50690484,218336260.192,2.9,-1.35406541,97.9,-2.1978022,-0.70993915,107.6,9.68399592,0.27958993,97.7,-9.53703704,-1.01317123
2023-11-01,49.4,2.91666667,50.2,7.49464668,93.35,0.01071352,-1.09133291,6.6,4.3,97.0,-3.0,96.9,292628693.462,0.7,6.72152441,223563544.516,-0.7,2.39414393,97.9,-1.90380762,0.0,110.1,9.3346574,2.32342007,96.1,-10.85343228,-1.63766633
2023-12-01,49.0,4.25531915,50.4,21.15384615,93.29,-0.06427424,-1.0815396,6.8,4.6,97.3,-2.7,97.0,303276227.214,2.3,3.63858158,228548798.415,0.2,2.22990466,98.2,-1.99600798,0.30643514,111.0,8.1871345,0.81743869,95.9,-11.2037037,-0.20811655
2024-01-01,49.2,-1.79640719,50.7,-6.80147059,92.19,-1.17911888,-2.33075538,,,97.5,-2.5,97.5,306224051.564,7.7,0.97199321,222529355.712,15.6,-2.63376694,97.8,-2.58964143,-0.40733198,110.9,8.83218842,-0.09009009,96.5,-8.79017013,0.62565172
2024-02-01,49.1,-6.6539924,51.4,-8.70337478,91.92,-0.29287341,-2.82270853,,7.0,97.3,-2.7,97.4,221659069.396,6.3,-27.61539524,180675326.347,-8.0,-18.80831822,97.8,-1.90571715,0.0,107.2,4.6875,-3.33633904,96.6,-6.30455868,0.10362694
2024-03-01,50.8,-2.1194605,53.0,-8.9347079,91.86,-0.06527415,-2.92719011,4.5,6.1,97.2,-2.8,97.3,279138166.508,-7.6,25.9313085,220560451.794,-2.0,22.07557958,97.7,-0.6103764,-0.10224949,105.0,3.24483776,-2.05223881,97.2,-1.1190234,0.62111801
2024-04-01,50.4,2.43902439,51.2,-9.21985816,91.8,-0.06531679,-3.05206463,6.7,6.3,97.5,-2.5,97.3,291717286.519,1.3,4.5064135,219838254.643,8.3,-0.32743728,98.2,1.13285273,0.51177073,105.4,5.29470529,0.38095238,97.7,1.66493236,0.51440329
2024-05-01,49.5,1.43442623,51.1,-6.23853211,91.91,0.11982571,-2.72015241,5.6,6.2,98.6,-1.4,97.6,301603113.273,7.4,3.38883817,220206909.909,2.0,0.16769387,99.5,3.75391032,1.32382892,108.6,9.47580645,3.03605313,99.5,6.3034188,1.84237462
2024-06-01,49.5,1.02040816,50.5,-5.07518797,91.99,0.08704167,-2.12788595,5.3,6.0,99.2,-0.8,97.9,307235753.382,8.5,1.86756697,208198436.869,-2.5,-5.45326804,99.9,4.60732984,0.40201005,108.6,8.70870871,0.0,100.7,11.88888889,1.20603015
2024-07-01,49.4,0.20283976,50.2,-2.52427184,92.11,0.13044896,-1.70739516,5.1,5.9,99.2,-0.8,98.0,300223715.236,6.9,-2.28229888,214744461.409,6.8,3.14412761,99.8,2.88659794,-0.1001001,107.8,3.05927342,-0.73664825,100.2,9.1503268,-0.49652433
2024-08-01,49.1,-1.20724346,50.3,-1.37254902,92.24,0.1411356,-1.33704139,4.5,5.8,98.2,-1.8,98.1,308242308.388,8.6,2.67087267,216689661.262,0.2,0.90582073,99.1,1.12244898,-0.70140281,105.6,-1.58434296,-2.04081633,96.8,0.83333333,-3.39321357
2024-09-01,49.8,-0.79681275,50.0,-3.28820116,92.31,0.07588899,-1.13526829,5.4,5.8,97.2,-2.8,98.0,303372463.959,2.4,-1.57987541,221615361.041,0.2,2.27315865,98.3,-0.30425963,-0.80726539,103.4,-3.63466915,-2.08333333,92.9,-5.87639311,-4.02892562
2024-10-01,50.1,1.21212121,50.2,-0.79051383,92.38,0.07583144,-1.02849796,5.3,5.8,97.1,-2.9,97.8931,308855475.342,12.7,1.80735302,213138567.625,-2.4,-3.82500264,99.0,1.12359551,0.7121058,104.8,-2.60223048,1.35396518,93.7,-4.09416581,0.86114101
2024-11-01,50.3,1.82186235,50.0,-0.39840637,92.51,0.1407231,-0.89983931,5.4,5.8,97.5,-2.5,97.9,311877394.264,6.6,0.97842491,214551373.611,-4.0,0.66285797,98.6,0.71501532,-0.4040404,102.4,-6.99364214,-2.29007634,94.6,-1.56087409,0.96051227
2024-12-01,50.1,2.24489796,52.2,3.57142857,92.55,0.04323857,-0.79322543,6.2,5.8,97.7,-2.3,97.8,335645884.471,10.7,7.62110068,230469913.179,1.0,7.41945358,98.3,0.10183299,-0.30425963,101.5,-8.55855856,-0.87890625,95.6,-0.31282586,1.05708245
2025-01-01,49.1,-0.20325203,50.2,-0.98619329,93.26,0.76715289,1.16064649,,,97.7,-2.3,97.7,324276934.093,5.9,-3.38718599,186365806.82,-16.3,-19.13660041,98.4,0.61349693,0.1017294,100.4,-9.46798918,-1.08374384,96.2,-0.31088083,0.62761506
2025-02-01,50.2,2.24032587,50.4,-1.94552529,93.71,0.48252198,1.94734552,,5.9,97.8,-2.2,97.8,214777067.323,-3.1,-33.76739301,183587928.751,1.6,-1.49055136,98.1,0.30674847,-0.30487805,103.6,-3.35820896,3.187251,95.9,-0.72463768,-0.31185031
2025-03-01,50.5,-0.59055118,50.8,-4.1509434,93.89,0.19208195,2.20988461,7.7,6.5,97.5,-2.5,97.7,313088480.419,12.2,45.77370122,211187403.266,-4.3,15.03338193,98.1,0.40941658,0.0,105.2,0.19047619,1.54440154,94.4,-2.88065844,-1.5641293
2025-04-01,49.0,-2.77777778,50.4,-1.5625,93.79,-0.10650762,2.16775599,6.1,6.4,97.3,-2.7,97.6,315122380.177,8.0,0.64962459,219254046.21,-0.3,3.81966103,97.6,-0.61099796,-0.509684,104.6,-0.75901328,-0.57034221,92.8,-5.01535312,-1.69491525
2025-05-01,49.5,0.0,50.3,-1.56555773,93.66,-0.13860753,1.90403656,5.8,6.3,96.7,-3.3,97.4,315635924.659,4.6,0.16296668,212921086.862,-3.3,-2.88841162,96.8,-2.71356784,-0.81967213,102.8,-5.34069982,-1.7208413,91.6,-7.93969849,-1.29310345
2025-06-01,49.7,0.4040404,50.5,0.0,93.55,-0.11744608,1.6958365,6.8,6.4,96.4,-3.6,97.2,324686183.005,5.8,2.86730934,210846064.632,1.2,-0.9745499,96.8,-3.1031031,0.0,102.6,-5.52486188,-0.19455253,91.9,-8.7388282,0.32751092
2025-07-01,49.3,-0.20242915,50.1,-0.19920319,93.3,-0.26723677,1.29193356,5.7,6.3,96.4,-3.6,97.1,321227717.435,7.1,-1.06517177,223827126.626,4.2,6.15665368,97.1,-2.70541082,0.30991736,102.7,-4.7309833,0.09746589,92.9,-7.28542914,1.08813928
2025-08-01,49.4,0.61099796,50.3,0.0,93.03,-0.28938907,0.85646141,5.2,6.2,97.1,-2.9,97.1,321298124.132,4.3,0.021918,220210536.955,1.4,-1.61579596,97.3,-1.81634712,0.20597322,106.1,0.47348485,3.31061344,94.0,-2.89256198,1.18406889
2025-09-01,49.8,0.0,50.0,0.0,92.76,-0.29022896,0.48748781,6.5,6.2,97.7,-2.3,97.2,328172697.778,8.2,2.13962458,239389688.755,7.4,8.70946144,97.7,-0.6103764,0.41109969,109.8,6.18955513,3.48727615,96.1,3.44456405,2.23404255
2025-10-01,49.0,-2.19560878,50.1,-0.19920319,92.42,-0.3665373,0.04329942,4.9,6.1,97.9,-2.1,97.3,304923525.117,-1.2,-7.08443232,216788682.607,0.9,-9.44109425,97.3,-1.71717172,-0.40941658,109.7,4.67557252,-0.09107468,95.0,1.38740662,-1.144641
2025-11-01,49.2,-2.18687873,49.5,-1.0,91.89,-0.57346895,-0.67019782,4.8,6.0,97.8,-2.2,97.3,330000477.775,5.9,8.22401376,219960189.569,1.9,1.46294858,98.1,-0.50709939,0.82219938,110.8,8.203125,1.00273473,94.9,0.31712474,-0.10526316
2025-12-01,50.1,0.0,50.2,-3.83141762,91.45,-0.47883339,-1.18854673,5.2,5.9,98.1,-1.9,97.4,357319475.72,6.6,8.27847224,244882442.483,5.7,11.33034708,98.8,0.508647,0.71355759,112.4,10.73891626,1.44404332,94.7,-0.94142259,-0.21074816
2026-01-01,49.3,0.40733198,49.4,-1.5936255,,,,,,98.6,-1.4,98.6,356579691.537,10.0,-0.20703718,235391944.134,26.3,-3.87553238,99.3,0.91463415,0.50607287,116.5,16.03585657,3.64768683,93.7,-2.5987526,-1.05596621
2026-02-01,49.0,-2.39043825,49.5,-1.78571429,,,,,6.3,99.1,-0.9,98.8,299805993.529,39.6,-15.92174186,209565158.501,14.2,-10.97182222,100.0,1.93679918,0.70493454,116.0,11.96911197,-0.42918455,95.7,-0.20855057,2.13447172
2026-03-01,50.4,-0.1980198,50.1,-1.37795276,,,,5.7,6.1,100.5,0.5,99.4,321038459.922,2.5,7.08206869,270880601.875,28.3,29.25841481,101.5,3.46585117,1.5,116.3,10.5513308,0.25862069,102.8,8.89830508,7.41901776
2026-04-01,50.3,2.65306122,49.4,-1.98412698,,,,4.1,5.6,102.8,2.8,100.2,359188481.227,14.0,11.88331807,274502709.701,25.2,1.33716028,102.7,5.22540984,1.18226601,116.1,10.99426386,-0.17196905,108.5,16.91810345,5.54474708
2026-05-01,50.0,1.01010101,50.1,-0.39761431,,,,4.5,5.4,103.9,3.9,101.0,376782594.189,19.4,4.89829543,271349009.986,27.4,-1.14887744,103.5,6.9214876,0.77896787,114.4,11.28404669,-1.46425495,110.7,20.85152838,2.02764977
2026-06-01,50.3,1.20724346,50.2,-0.59405941,,,,,,,,,,,,,,,,,,,,,,,
