月份,LME铜库存,LME铜注销仓单,LME铝库存,LME铝注销仓单,LME铜库存_变化率,LME铜注销仓单_变化率,LME铝库存_变化率,LME铝注销仓单_变化率
2014-07-01,150900.0,35275.0,4977225.0,2872825.0,,,,
2014-08-01,148150.0,21625.0,4803425.0,2522675.0,-1.8223989396951579,-38.69596031183558,-3.491905630145309,-12.188351187420043
2014-09-01,152550.0,23750.0,4620175.0,2590825.0,2.9699628754640495,9.826589595375722,-3.814986181734903,2.7014974184149665
2014-10-01,162600.0,35900.0,4435525.0,2556850.0,6.588003933136677,51.15789473684211,-3.996601860319149,-1.3113583511043747
2014-11-01,164300.0,22900.0,4324175.0,2304050.0,1.045510455104548,-36.211699164345404,-2.5104130852604767,-9.887165848602775
2014-12-01,177025.0,25125.0,4210275.0,2358075.0,7.744978697504568,9.716157205240172,-2.6340284562951344,2.344784184371007
2015-01-01,248125.0,23125.0,4048900.0,2317325.0,40.163818669679415,-7.960199004975122,-3.8328850253249502,-1.7281044920114952
2015-02-01,296375.0,29850.0,3946650.0,2199625.0,19.44584382871537,29.081081081081074,-2.5253772629603155,-5.079132189054192
2015-03-01,334600.0,82875.0,3951725.0,2063550.0,12.897511598481648,177.63819095477388,0.12859007005940892,-6.186281752571466
2015-04-01,337925.0,85125.0,3822300.0,1801825.0,0.9937238493723743,2.714932126696823,-3.275151990586389,-12.683240047490973
2015-05-01,322150.0,107350.0,3733550.0,1707500.0,-4.668195605533776,26.108663729809113,-2.3219004264448118,-5.234970099759961
2015-06-01,324100.0,60125.0,3582525.0,1601325.0,0.6053080862951976,-43.99161620866325,-4.045077741023961,-6.218155197657394
2015-07-01,346125.0,23675.0,3443850.0,1439150.0,6.795742054921328,-60.623700623700614,-3.870873196976987,-10.127550622141035
2015-08-01,371250.0,56225.0,3276075.0,1264050.0,7.25893824485373,137.4868004223865,-4.871727862711794,-12.166904075322238
2015-09-01,323800.0,80850.0,3187000.0,1064100.0,-12.781144781144782,43.797243219208546,-2.7189548468823266,-15.818203393853093
2015-10-01,267775.0,75725.0,3048100.0,1019250.0,-17.3023471278567,-6.338899196042059,-4.3583307185440905,-4.214829433323941
2015-11-01,244375.0,33925.0,2901475.0,1270325.0,-8.738679861824295,-55.19973588643117,-4.810373675404356,24.633308805494238
2015-12-01,236225.0,40300.0,2895525.0,1079250.0,-3.335038363171361,18.791451731761242,-0.20506811190860175,-15.041426406628222
2016-01-01,242375.0,72725.0,2801450.0,895400.0,2.6034501005397503,80.4590570719603,-3.2489790279828346,-17.034977993977297
2016-02-01,195625.0,45350.0,2760825.0,623225.0,-19.288292934502316,-37.64180130629082,-1.4501418908065444,-30.39702926066562
2016-03-01,144750.0,44075.0,2792000.0,972700.0,-26.00638977635783,-2.811466372657112,1.1291914554526272,56.07525372056641
2016-04-01,149500.0,34275.0,2645725.0,1217000.0,3.2815198618307395,-22.234826999432787,-5.239075931232096,25.11565744833968
2016-05-01,151725.0,48125.0,2529100.0,1132000.0,1.4882943143812666,40.40846097738877,-4.408054503019021,-6.984387838948236
2016-06-01,191525.0,54825.0,2387850.0,1018750.0,26.23166913824353,13.922077922077914,-5.584990708157056,-10.004416961130747
2016-07-01,209450.0,66475.0,2303450.0,969800.0,9.35909150241483,21.249430004559965,-3.5345603785832402,-4.804907975460127
2016-08-01,293525.0,39550.0,2234050.0,898925.0,40.14084507042253,-40.50394885295224,-3.0128719963532946,-7.3082078779129755
2016-09-01,372225.0,80125.0,2124400.0,858450.0,26.81202623285921,102.59165613147916,-4.908126496721199,-4.502600328169759
2016-10-01,320825.0,134000.0,2141300.0,766625.0,-13.80885217274498,67.2386895475819,0.7955187347015613,-10.696604345040484
2016-11-01,234825.0,90600.0,2149150.0,760925.0,-26.805891062105513,-32.38805970149253,0.3665997291365075,-0.7435186694929041
2016-12-01,322225.0,125225.0,2205925.0,681450.0,37.2192057915469,38.21743929359825,2.6417420840797456,-10.444524756053486
2017-01-01,274650.0,74800.0,2289275.0,660675.0,-14.764527892000935,-40.26751846675983,3.7784602831012037,-3.0486462689852556
2017-02-01,203100.0,107375.0,2200900.0,875125.0,-26.051338066630258,43.549465240641716,-3.8603924823361058,32.45922730540735
2017-03-01,291175.0,124600.0,1886400.0,883125.0,43.36533727227967,16.0419091967404,-14.289608796401476,0.9141551206970355
2017-04-01,259725.0,137175.0,1645375.0,653975.0,-10.801064651841674,10.09229534510434,-12.776982612383382,-25.94762915782024
2017-05-01,311150.0,153875.0,1473925.0,480850.0,19.799788237558946,12.174229998177521,-10.420116994606088,-26.472724492526478
2017-06-01,249700.0,94050.0,1411675.0,343450.0,-19.7493170496545,-38.87896019496344,-4.223417066675717,-28.57439950088385
2017-07-01,296975.0,87975.0,1354125.0,307225.0,18.93271926311575,-6.459330143540665,-4.076717374749849,-10.54738681030718
2017-08-01,240825.0,127875.0,1321600.0,189425.0,-18.907315430591797,45.35379369138961,-2.4019200590787437,-38.34323378631296
2017-09-01,297250.0,70900.0,1268700.0,267700.0,23.429876466313715,-44.55522971652004,-4.002723970944311,41.3224231226079
2017-10-01,275575.0,106350.0,1191550.0,262750.0,-7.291841883936079,50.0,-6.081027823756601,-1.8490847964138912
2017-11-01,188525.0,48450.0,1112025.0,219600.0,-31.588496779461128,-54.442877291960514,-6.674079979858172,-16.422454804947673
2017-12-01,202100.0,41625.0,1104425.0,255225.0,7.200636520355386,-14.086687306501544,-0.6834378723499901,16.22267759562841
2018-01-01,305575.0,65250.0,1081475.0,238100.0,51.19990103908955,56.75675675675676,-2.078004391425403,-6.7097658928396475
2018-02-01,330800.0,53400.0,1324475.0,231075.0,8.254929231776153,-18.16091954022988,22.469312744168835,-2.950440991180181
2018-03-01,383075.0,52675.0,1286300.0,260025.0,15.802599758162028,-1.3576779026217234,-2.882274108609073,12.528399870172024
2018-04-01,334650.0,86625.0,1341375.0,417375.0,-12.641127716504597,64.45182724252491,4.281660576848334,60.51341217190655
2018-05-01,311525.0,84850.0,1205875.0,273050.0,-6.910204691468702,-2.049062049062045,-10.101574876525953,-34.57921533393231
2018-06-01,294525.0,69675.0,1114125.0,214175.0,-5.457025920873127,-17.88450206246317,-7.6085829791645025,-21.56198498443509
2018-07-01,254425.0,30350.0,1196300.0,348475.0,-13.615143026907727,-56.44061715105848,7.375743296308768,62.705731294502165
2018-08-01,264925.0,140425.0,1070750.0,290000.0,4.126952933084405,362.6853377265239,-10.49485914904288,-16.780256833345288
2018-09-01,202400.0,98850.0,990550.0,332775.0,-23.601019156365012,-29.606551539967953,-7.490077048797572,14.749999999999996
2018-10-01,137625.0,80975.0,1047950.0,322225.0,-32.00345849802372,-18.08295397066262,5.794760486598349,-3.1703102697017482
2018-11-01,136175.0,52700.0,1052450.0,257175.0,-1.0535876475931016,-34.91818462488422,0.42940980008587815,-20.18775700209481
2018-12-01,130025.0,16375.0,1267125.0,240175.0,-4.5162474756746835,-68.92789373814041,20.397643593519877,-6.610284825507917
2019-01-01,149200.0,44125.0,1287425.0,531375.0,14.747164006921754,169.4656488549618,1.6020518891190605,121.24492557510149
2019-02-01,128475.0,106875.0,1219700.0,577750.0,-13.890750670241292,142.20963172804534,-5.260500611686114,8.727358268642682
2019-03-01,168525.0,26575.0,1129175.0,405775.0,31.173380035026277,-75.13450292397661,-7.4219070263179425,-29.76633491994808
2019-04-01,229175.0,46775.0,1074650.0,366300.0,35.98872570835188,76.01128880526811,-4.828746651316229,-9.728297701928412
2019-05-01,212000.0,18625.0,1155025.0,437400.0,-7.494272935529622,-60.181721004810264,7.479179267668545,19.41031941031941
2019-06-01,241400.0,39475.0,996725.0,354225.0,13.867924528301877,111.94630872483219,-13.705331053440407,-19.015775034293558
2019-07-01,290500.0,35675.0,1028875.0,248750.0,20.339685169842593,-9.626345788473722,3.225563721186897,-29.776272143411674
2019-08-01,337675.0,91700.0,927000.0,249275.0,16.23924268502581,157.0427470217239,-9.901591544162313,0.21105527638189958
2019-09-01,264425.0,99550.0,927475.0,189050.0,-21.692455763678097,8.56052344601963,0.051240560949294967,-24.160064186139806
2019-10-01,263400.0,92675.0,959050.0,170275.0,-0.38763354448331233,-6.906077348066297,3.4044044313862987,-9.93123512298334
2019-11-01,208625.0,82825.0,1271650.0,162700.0,-20.795368261199698,-10.628540598867009,32.59475522652624,-4.4486859491998265
2019-12-01,147125.0,47125.0,1477725.0,550425.0,-29.478729778310363,-43.10292785994567,16.205323791923874,238.30669944683467
2020-01-01,180725.0,32800.0,1288350.0,471600.0,22.837723024638912,-30.397877984084875,-12.815307313607061,-14.32075214606895
2020-02-01,218175.0,42950.0,1082150.0,290300.0,20.722091575598277,30.945121951219523,-16.004967594209653,-38.44359626802375
2020-03-01,222225.0,44975.0,1148750.0,151825.0,1.856308009625307,4.714784633294533,6.154414822344401,-47.70065449534964
2020-04-01,253700.0,55950.0,1346200.0,159575.0,14.163572955338054,24.402445803224015,17.188248095756254,5.104561172402433
2020-05-01,261800.0,75725.0,1500900.0,218850.0,3.192747339377222,35.34405719392315,11.491606002079923,37.145542848190516
2020-06-01,216600.0,104950.0,1642600.0,169825.0,-17.265087853323145,38.59359524595576,9.441002065427417,-22.401188028329912
2020-07-01,128125.0,80225.0,1637425.0,255100.0,-40.847183748845794,-23.55883754168652,-0.3150493120662401,50.21345502723391
2020-08-01,89350.0,48025.0,1554375.0,231350.0,-30.263414634146347,-40.13711436584606,-5.071988029986107,-9.310074480595842
2020-09-01,165600.0,40375.0,1458900.0,262050.0,85.33855623950754,-15.92920353982301,-6.142340168878169,13.26993732440025
2020-10-01,171300.0,52350.0,1462925.0,243200.0,3.4420289855072506,29.659442724458195,0.27589279594215643,-7.193283724480059
2020-11-01,149800.0,47425.0,1374025.0,158300.0,-12.551079976649149,-9.407831900668572,-6.076866551600391,-34.90953947368421
2020-12-01,110875.0,34700.0,1351250.0,163075.0,-25.984646194926565,-26.8318397469689,-1.6575389821873676,3.0164245104232545
2021-01-01,74575.0,23400.0,1431050.0,251550.0,-32.73957158962796,-32.56484149855908,5.905642923219245,54.25417752567836
2021-02-01,76225.0,21175.0,1325875.0,226025.0,2.212537713711038,-9.508547008547009,-7.349498619894479,-10.1470880540648
2021-03-01,144500.0,37675.0,1897075.0,566725.0,89.57035093473269,77.92207792207793,43.08098425568021,150.73553810419202
2021-04-01,143725.0,69525.0,1835150.0,603450.0,-0.5363321799307985,84.53881884538819,-3.2642357313232173,6.480215271957301
2021-05-01,122425.0,24400.0,1718300.0,590700.0,-14.819968690206997,-64.90471053577849,-6.3673269215050565,-2.1128511061397015
2021-06-01,211525.0,13250.0,1578075.0,626200.0,72.77925260363487,-45.69672131147541,-8.16068206948728,6.009818858980864
2021-07-01,239650.0,19800.0,1387800.0,555975.0,13.29630067367924,49.433962264150935,-12.057411719975287,-11.21446822101565
2021-08-01,253000.0,98950.0,1334675.0,484775.0,5.570623826413512,399.7474747474747,-3.8280011529038815,-12.806331219928957
2021-09-01,242550.0,90075.0,1333625.0,467250.0,-4.130434782608694,-8.969176351692775,-0.07867083746979642,-3.615079160435253
2022-03-01,91400.0,25200.0,646850.0,211425.0,-62.31704803133374,-72.0233139050791,-51.49686006186147,-54.75120385232744
2022-04-01,156050.0,54025.0,570100.0,194525.0,70.73304157549234,114.38492063492065,-11.865192857694984,-7.9933782665247755
2022-05-01,149200.0,54200.0,458875.0,267375.0,-4.389618711951293,0.3239241092086953,-19.50973513418699,37.45019920318724
2022-06-01,124275.0,13175.0,373275.0,215075.0,-16.70576407506702,-75.69188191881919,-18.65431762462544,-19.560542309490415
2022-07-01,130575.0,24600.0,291025.0,145675.0,5.069402534701273,86.71726755218216,-22.034692920768872,-32.26781355341159
2022-08-01,118500.0,56700.0,277050.0,86925.0,-9.247558874210227,130.48780487804876,-4.801992955931622,-40.32950060065213
2022-09-01,135250.0,8100.0,332175.0,70875.0,14.135021097046408,-85.71428571428572,19.89713048186248,-18.46419327006039
2022-10-01,113125.0,70375.0,586225.0,235025.0,-16.358595194085023,768.8271604938273,76.48077067810641,231.60493827160496
2022-11-01,89700.0,19125.0,501225.0,226650.0,-20.707182320441987,-72.82415630550622,-14.499552219710864,-3.5634506967343937
2022-12-01,88925.0,11850.0,450300.0,248950.0,-0.863991081382387,-38.03921568627451,-10.160107736046687,9.838958746966696
2023-01-01,75225.0,21075.0,407325.0,176200.0,-15.406241214506611,77.84810126582278,-9.543637574950036,-29.22273548905403
2023-02-01,64100.0,24275.0,554900.0,111225.0,-14.788966434031236,15.18386714116251,36.230282943595405,-36.87570942111237
2023-03-01,64725.0,14775.0,520900.0,94075.0,0.975039001560063,-39.134912461380026,-6.127230131555239,-15.41919532479209
2023-04-01,64550.0,1475.0,568500.0,76825.0,-0.2703746620316694,-90.01692047377327,9.138030332117486,-18.33643369651874
2023-05-01,99150.0,10425.0,579525.0,182025.0,53.6018590240124,606.7796610169491,1.9393139841688667,136.9345916042955
2023-06-01,72975.0,38875.0,543150.0,271675.0,-26.39939485627837,272.90167865707434,-6.276692118545357,49.2514764455432
2023-07-01,68350.0,450.0,507400.0,224525.0,-6.337786913326482,-98.84244372990354,-6.581975513209981,-17.355295849820564
2023-08-01,102900.0,250.0,515750.0,288550.0,50.54864667154353,-44.44444444444444,1.6456444619629584,28.515755483799122
2023-09-01,167825.0,3050.0,486050.0,312175.0,63.095238095238095,1120.0,-5.758603974793985,8.18748916998786
2023-10-01,176475.0,18100.0,474725.0,270925.0,5.15417845970505,493.44262295081967,-2.3300072009052597,-13.213742291983666
2023-11-01,175250.0,29175.0,459375.0,262850.0,-0.694149312933845,61.187845303867405,-3.233450945284111,-2.9805296668819814
2023-12-01,167300.0,26975.0,549050.0,192925.0,-4.536376604850211,-7.540702656383891,19.521088435374146,-26.602625071333463
2024-01-01,146475.0,28875.0,537575.0,219000.0,-12.447698744769875,7.043558850787757,-2.0899735907476513,13.51561487624724
2024-02-01,122675.0,16975.0,589650.0,199575.0,-16.24850657108722,-41.21212121212121,9.687020415755931,-8.86986301369863
2024-03-01,112475.0,14700.0,554475.0,212025.0,-8.314652537191769,-13.4020618556701,-5.965403205291276,6.238256294626088
2024-04-01,116125.0,23625.0,490750.0,358875.0,3.2451655923538603,60.71428571428572,-11.492853600252495,69.26070038910505
2024-05-01,116475.0,7300.0,1116650.0,522775.0,0.30139935414423835,-69.1005291005291,127.53948038716251,45.670498084291175
2024-06-01,180125.0,9100.0,1026925.0,560425.0,54.646919939901274,24.657534246575352,-8.03519455514261,7.201951126201522
2024-07-01,239275.0,17300.0,933125.0,573875.0,32.838306731436504,90.1098901098901,-9.134065292012561,2.3999643127983195
2024-08-01,320925.0,25100.0,852150.0,506850.0,34.12391599623863,45.086705202312146,-8.677829872739451,-11.679372685689394
2024-09-01,300600.0,29100.0,792950.0,401700.0,-6.333255433512508,15.936254980079688,-6.947133720589093,-20.745782775969225
2024-10-01,271375.0,8825.0,738700.0,335725.0,-9.722222222222221,-69.67353951890034,-6.841541080774327,-16.423948220064723
2024-11-01,271000.0,12850.0,695975.0,315575.0,-0.13818516812529325,45.60906515580736,-5.7838093948828995,-6.001936108422068
2024-12-01,271400.0,19350.0,639150.0,349575.0,0.14760147601475815,50.583657587548636,-8.164804770286294,10.773983997464942
2025-01-01,256225.0,23925.0,587850.0,342325.0,-5.59137803979366,23.643410852713174,-8.02628490964562,-2.073946935564619
2025-02-01,262075.0,101850.0,521200.0,314300.0,2.283149575568344,325.705329153605,-11.337926341753846,-8.186664719199587
2025-03-01,211375.0,104475.0,462450.0,239775.0,-19.34560717351903,2.577319587628857,-11.272064466615506,-23.711422208081455
2025-04-01,200150.0,71050.0,415575.0,164700.0,-5.31046717918392,-31.993299832495815,-10.136230943885828,-31.31060369096027
2025-05-01,149875.0,74850.0,372525.0,50675.0,-25.11866100424681,5.348346235045742,-10.359140949287138,-69.23193685488768
2025-06-01,90625.0,32925.0,345750.0,10625.0,-39.53294412010009,-56.0120240480962,-7.187437084759408,-79.03305377405032
2025-07-01,138200.0,16975.0,461025.0,14025.0,52.496551724137944,-48.44343204252088,33.340563991323215,32.00000000000001
2025-08-01,158900.0,13050.0,481050.0,12300.0,14.978292329956577,-23.122238586156108,4.343582235236698,-12.299465240641716
2025-09-01,143400.0,9675.0,513425.0,100750.0,-9.75456261799874,-25.86206896551724,6.730069639330627,719.1056910569106
2025-10-01,134625.0,13400.0,558050.0,51100.0,-6.119246861924688,38.501291989664075,8.691629741442263,-49.28039702233251
2025-11-01,159425.0,6575.0,539050.0,53475.0,18.421541318477242,-50.93283582089552,-3.4047128393513093,4.6477495107632105
2025-12-01,147425.0,36825.0,511750.0,64275.0,-7.527050337149133,460.0760456273764,-5.064465262962614,20.196353436185134
2026-01-01,174975.0,41800.0,495725.0,58525.0,18.68746820417162,13.509843856076031,-3.131411822178798,-8.945935433683394
2026-02-01,253700.0,13150.0,465550.0,44700.0,44.9921417345335,-68.54066985645932,-6.087044228150685,-23.622383596753526
2026-03-01,362425.0,68100.0,416775.0,144150.0,42.85573512022074,417.87072243346006,-10.476855332402534,222.48322147651004
2026-04-01,399725.0,48875.0,367050.0,34450.0,10.291784507139411,-28.230543318649048,-11.930897966528697,-76.10128338536248
2026-05-01,389425.0,112150.0,338000.0,83375.0,-2.5767715304271688,129.462915601023,-7.914453071788586,142.01741654571842
2026-06-01,333100.0,130575.0,305225.0,58425.0,-14.463632278359118,16.428889879625498,-9.696745562130182,-29.925037481259377
