月份,指标,数值,单位,原始时间,来源
2016-01-01,光缆产量当期值,,万芯千米,2016年1月,国家统计局
2016-02-01,光缆产量当期值,,万芯千米,2016年2月,国家统计局
2016-03-01,光缆产量当期值,2456.8,万芯千米,2016年3月,国家统计局
2016-04-01,光缆产量当期值,2636.6,万芯千米,2016年4月,国家统计局
2016-05-01,光缆产量当期值,2883.3,万芯千米,2016年5月,国家统计局
2016-06-01,光缆产量当期值,2717.4,万芯千米,2016年6月,国家统计局
2016-07-01,光缆产量当期值,3075.9,万芯千米,2016年7月,国家统计局
2016-08-01,光缆产量当期值,3007.8,万芯千米,2016年8月,国家统计局
2016-09-01,光缆产量当期值,3032.8,万芯千米,2016年9月,国家统计局
2016-10-01,光缆产量当期值,2764.1,万芯千米,2016年10月,国家统计局
2016-11-01,光缆产量当期值,2952.0,万芯千米,2016年11月,国家统计局
2016-12-01,光缆产量当期值,3278.7,万芯千米,2016年12月,国家统计局
2017-01-01,光缆产量当期值,,万芯千米,2017年1月,国家统计局
2017-02-01,光缆产量当期值,,万芯千米,2017年2月,国家统计局
2017-03-01,光缆产量当期值,2929.2,万芯千米,2017年3月,国家统计局
2017-04-01,光缆产量当期值,3109.4,万芯千米,2017年4月,国家统计局
2017-05-01,光缆产量当期值,3206.8,万芯千米,2017年5月,国家统计局
2017-06-01,光缆产量当期值,3355.5,万芯千米,2017年6月,国家统计局
2017-07-01,光缆产量当期值,2881.1,万芯千米,2017年7月,国家统计局
2017-08-01,光缆产量当期值,3392.8,万芯千米,2017年8月,国家统计局
2017-09-01,光缆产量当期值,3225.7,万芯千米,2017年9月,国家统计局
2017-10-01,光缆产量当期值,3086.7,万芯千米,2017年10月,国家统计局
2017-11-01,光缆产量当期值,3290.5,万芯千米,2017年11月,国家统计局
2017-12-01,光缆产量当期值,2995.6,万芯千米,2017年12月,国家统计局
2018-01-01,光缆产量当期值,,万芯千米,2018年1月,国家统计局
2018-02-01,光缆产量当期值,,万芯千米,2018年2月,国家统计局
2018-03-01,光缆产量当期值,2868.2,万芯千米,2018年3月,国家统计局
2018-04-01,光缆产量当期值,3287.5,万芯千米,2018年4月,国家统计局
2018-05-01,光缆产量当期值,2767.8,万芯千米,2018年5月,国家统计局
2018-06-01,光缆产量当期值,2814.7,万芯千米,2018年6月,国家统计局
2018-07-01,光缆产量当期值,2847.0,万芯千米,2018年7月,国家统计局
2018-08-01,光缆产量当期值,2628.7,万芯千米,2018年8月,国家统计局
2018-09-01,光缆产量当期值,2305.2,万芯千米,2018年9月,国家统计局
2018-10-01,光缆产量当期值,2363.2,万芯千米,2018年10月,国家统计局
2018-11-01,光缆产量当期值,2347.2,万芯千米,2018年11月,国家统计局
2018-12-01,光缆产量当期值,2827.2,万芯千米,2018年12月,国家统计局
2019-01-01,光缆产量当期值,,万芯千米,2019年1月,国家统计局
2019-02-01,光缆产量当期值,,万芯千米,2019年2月,国家统计局
2019-03-01,光缆产量当期值,2295.3,万芯千米,2019年3月,国家统计局
2019-04-01,光缆产量当期值,2100.5,万芯千米,2019年4月,国家统计局
2019-05-01,光缆产量当期值,2281.5,万芯千米,2019年5月,国家统计局
2019-06-01,光缆产量当期值,2465.6,万芯千米,2019年6月,国家统计局
2019-07-01,光缆产量当期值,2503.8,万芯千米,2019年7月,国家统计局
2019-08-01,光缆产量当期值,2492.1,万芯千米,2019年8月,国家统计局
2019-09-01,光缆产量当期值,2771.2,万芯千米,2019年9月,国家统计局
2019-10-01,光缆产量当期值,2393.2,万芯千米,2019年10月,国家统计局
2019-11-01,光缆产量当期值,2536.1,万芯千米,2019年11月,国家统计局
2019-12-01,光缆产量当期值,2756.0,万芯千米,2019年12月,国家统计局
2020-01-01,光缆产量当期值,,万芯千米,2020年1月,国家统计局
2020-02-01,光缆产量当期值,,万芯千米,2020年2月,国家统计局
2020-03-01,光缆产量当期值,2311.2,万芯千米,2020年3月,国家统计局
2020-04-01,光缆产量当期值,2673.1,万芯千米,2020年4月,国家统计局
2020-05-01,光缆产量当期值,2625.4,万芯千米,2020年5月,国家统计局
2020-06-01,光缆产量当期值,2696.7,万芯千米,2020年6月,国家统计局
2020-07-01,光缆产量当期值,2529.9,万芯千米,2020年7月,国家统计局
2020-08-01,光缆产量当期值,2342.1,万芯千米,2020年8月,国家统计局
2020-09-01,光缆产量当期值,2348.0,万芯千米,2020年9月,国家统计局
2020-10-01,光缆产量当期值,2203.0,万芯千米,2020年10月,国家统计局
2020-11-01,光缆产量当期值,2876.8,万芯千米,2020年11月,国家统计局
2020-12-01,光缆产量当期值,2984.3,万芯千米,2020年12月,国家统计局
2021-01-01,光缆产量当期值,,万芯千米,2021年1月,国家统计局
2021-02-01,光缆产量当期值,,万芯千米,2021年2月,国家统计局
2021-03-01,光缆产量当期值,2621.3,万芯千米,2021年3月,国家统计局
2021-04-01,光缆产量当期值,2466.0,万芯千米,2021年4月,国家统计局
2021-05-01,光缆产量当期值,2466.4,万芯千米,2021年5月,国家统计局
2021-06-01,光缆产量当期值,2672.7,万芯千米,2021年6月,国家统计局
2021-07-01,光缆产量当期值,2615.2,万芯千米,2021年7月,国家统计局
2021-08-01,光缆产量当期值,2961.1,万芯千米,2021年8月,国家统计局
2021-09-01,光缆产量当期值,2907.5,万芯千米,2021年9月,国家统计局
2021-10-01,光缆产量当期值,2511.2,万芯千米,2021年10月,国家统计局
2021-11-01,光缆产量当期值,3064.0,万芯千米,2021年11月,国家统计局
2021-12-01,光缆产量当期值,3110.8,万芯千米,2021年12月,国家统计局
2022-01-01,光缆产量当期值,,万芯千米,2022年1月,国家统计局
2022-02-01,光缆产量当期值,,万芯千米,2022年2月,国家统计局
2022-03-01,光缆产量当期值,3018.2,万芯千米,2022年3月,国家统计局
2022-04-01,光缆产量当期值,2598.1,万芯千米,2022年4月,国家统计局
2022-05-01,光缆产量当期值,3217.3,万芯千米,2022年5月,国家统计局
2022-06-01,光缆产量当期值,3153.4,万芯千米,2022年6月,国家统计局
2022-07-01,光缆产量当期值,3275.4,万芯千米,2022年7月,国家统计局
2022-08-01,光缆产量当期值,3340.8,万芯千米,2022年8月,国家统计局
2022-09-01,光缆产量当期值,3277.7,万芯千米,2022年9月,国家统计局
2022-10-01,光缆产量当期值,2959.4,万芯千米,2022年10月,国家统计局
2022-11-01,光缆产量当期值,2670.2,万芯千米,2022年11月,国家统计局
2022-12-01,光缆产量当期值,2430.0,万芯千米,2022年12月,国家统计局
2023-01-01,光缆产量当期值,,万芯千米,2023年1月,国家统计局
2023-02-01,光缆产量当期值,,万芯千米,2023年2月,国家统计局
2023-03-01,光缆产量当期值,3609.7,万芯千米,2023年3月,国家统计局
2023-04-01,光缆产量当期值,2811.9,万芯千米,2023年4月,国家统计局
2023-05-01,光缆产量当期值,3028.9,万芯千米,2023年5月,国家统计局
2023-06-01,光缆产量当期值,3000.6,万芯千米,2023年6月,国家统计局
2023-07-01,光缆产量当期值,2670.9,万芯千米,2023年7月,国家统计局
2023-08-01,光缆产量当期值,2743.1,万芯千米,2023年8月,国家统计局
2023-09-01,光缆产量当期值,2589.8,万芯千米,2023年9月,国家统计局
2023-10-01,光缆产量当期值,2440.0,万芯千米,2023年10月,国家统计局
2023-11-01,光缆产量当期值,2615.4,万芯千米,2023年11月,国家统计局
2023-12-01,光缆产量当期值,2658.7,万芯千米,2023年12月,国家统计局
2024-01-01,光缆产量当期值,,万芯千米,2024年1月,国家统计局
2024-02-01,光缆产量当期值,,万芯千米,2024年2月,国家统计局
2024-03-01,光缆产量当期值,2241.5,万芯千米,2024年3月,国家统计局
2024-04-01,光缆产量当期值,2068.8,万芯千米,2024年4月,国家统计局
2024-05-01,光缆产量当期值,2418.8,万芯千米,2024年5月,国家统计局
2024-06-01,光缆产量当期值,2272.6,万芯千米,2024年6月,国家统计局
2024-07-01,光缆产量当期值,2279.9,万芯千米,2024年7月,国家统计局
2024-08-01,光缆产量当期值,2285.1,万芯千米,2024年8月,国家统计局
2024-09-01,光缆产量当期值,2560.9,万芯千米,2024年9月,国家统计局
2024-10-01,光缆产量当期值,2094.6,万芯千米,2024年10月,国家统计局
2024-11-01,光缆产量当期值,2356.4,万芯千米,2024年11月,国家统计局
2024-12-01,光缆产量当期值,2368.7,万芯千米,2024年12月,国家统计局
2025-01-01,光缆产量当期值,,万芯千米,2025年1月,国家统计局
2025-02-01,光缆产量当期值,,万芯千米,2025年2月,国家统计局
2025-03-01,光缆产量当期值,2289.5,万芯千米,2025年3月,国家统计局
2025-04-01,光缆产量当期值,2131.2,万芯千米,2025年4月,国家统计局
2025-05-01,光缆产量当期值,2238.1,万芯千米,2025年5月,国家统计局
2025-06-01,光缆产量当期值,2478.7,万芯千米,2025年6月,国家统计局
2025-07-01,光缆产量当期值,2088.4,万芯千米,2025年7月,国家统计局
2025-08-01,光缆产量当期值,2044.0,万芯千米,2025年8月,国家统计局
2025-09-01,光缆产量当期值,2224.3,万芯千米,2025年9月,国家统计局
2025-10-01,光缆产量当期值,1941.0,万芯千米,2025年10月,国家统计局
2025-11-01,光缆产量当期值,2271.4,万芯千米,2025年11月,国家统计局
2025-12-01,光缆产量当期值,2469.7,万芯千米,2025年12月,国家统计局
2026-01-01,光缆产量当期值,,万芯千米,2026年1月,国家统计局
2026-02-01,光缆产量当期值,,万芯千米,2026年2月,国家统计局
2026-03-01,光缆产量当期值,2069.7,万芯千米,2026年3月,国家统计局
2026-04-01,光缆产量当期值,1740.3,万芯千米,2026年4月,国家统计局
2026-05-01,光缆产量当期值,1898.3,万芯千米,2026年5月,国家统计局
2016-01-01,电线电缆光缆及电工器材制造PPI,93.1,无,2016年1月,国家统计局
2016-02-01,电线电缆光缆及电工器材制造PPI,94.3,无,2016年2月,国家统计局
2016-03-01,电线电缆光缆及电工器材制造PPI,94.7,无,2016年3月,国家统计局
2016-04-01,电线电缆光缆及电工器材制造PPI,94.8,无,2016年4月,国家统计局
2016-05-01,电线电缆光缆及电工器材制造PPI,94.2,无,2016年5月,国家统计局
2016-06-01,电线电缆光缆及电工器材制造PPI,94.9,无,2016年6月,国家统计局
2016-07-01,电线电缆光缆及电工器材制造PPI,96.7,无,2016年7月,国家统计局
2016-08-01,电线电缆光缆及电工器材制造PPI,97.9,无,2016年8月,国家统计局
2016-09-01,电线电缆光缆及电工器材制造PPI,97.8,无,2016年9月,国家统计局
2016-10-01,电线电缆光缆及电工器材制造PPI,98.6,无,2016年10月,国家统计局
2016-11-01,电线电缆光缆及电工器材制造PPI,102.1,无,2016年11月,国家统计局
2016-12-01,电线电缆光缆及电工器材制造PPI,105.2,无,2016年12月,国家统计局
2017-01-01,电线电缆光缆及电工器材制造PPI,105.7,无,2017年1月,国家统计局
2017-02-01,电线电缆光缆及电工器材制造PPI,106.4,无,2017年2月,国家统计局
2017-03-01,电线电缆光缆及电工器材制造PPI,106.6,无,2017年3月,国家统计局
2017-04-01,电线电缆光缆及电工器材制造PPI,106.4,无,2017年4月,国家统计局
2017-05-01,电线电缆光缆及电工器材制造PPI,106.3,无,2017年5月,国家统计局
2017-06-01,电线电缆光缆及电工器材制造PPI,106.4,无,2017年6月,国家统计局
2017-07-01,电线电缆光缆及电工器材制造PPI,106.4,无,2017年7月,国家统计局
2017-08-01,电线电缆光缆及电工器材制造PPI,108.2,无,2017年8月,国家统计局
2017-09-01,电线电缆光缆及电工器材制造PPI,109.7,无,2017年9月,国家统计局
2017-10-01,电线电缆光缆及电工器材制造PPI,110.6,无,2017年10月,国家统计局
2017-11-01,电线电缆光缆及电工器材制造PPI,108.6,无,2017年11月,国家统计局
2017-12-01,电线电缆光缆及电工器材制造PPI,106.5,无,2017年12月,国家统计局
2018-01-01,电线电缆光缆及电工器材制造PPI,106.8,无,2018年1月,国家统计局
2018-02-01,电线电缆光缆及电工器材制造PPI,105.7,无,2018年2月,国家统计局
2018-03-01,电线电缆光缆及电工器材制造PPI,104.9,无,2018年3月,国家统计局
2018-04-01,电线电缆光缆及电工器材制造PPI,104.6,无,2018年4月,国家统计局
2018-05-01,电线电缆光缆及电工器材制造PPI,105.1,无,2018年5月,国家统计局
2018-06-01,电线电缆光缆及电工器材制造PPI,105.6,无,2018年6月,国家统计局
2018-07-01,电线电缆光缆及电工器材制造PPI,104.4,无,2018年7月,国家统计局
2018-08-01,电线电缆光缆及电工器材制造PPI,102.6,无,2018年8月,国家统计局
2018-09-01,电线电缆光缆及电工器材制造PPI,101.1,无,2018年9月,国家统计局
2018-10-01,电线电缆光缆及电工器材制造PPI,100.5,无,2018年10月,国家统计局
2018-11-01,电线电缆光缆及电工器材制造PPI,99.8,无,2018年11月,国家统计局
2018-12-01,电线电缆光缆及电工器材制造PPI,99.5,无,2018年12月,国家统计局
2019-01-01,电线电缆光缆及电工器材制造PPI,98.5,无,2019年1月,国家统计局
2019-02-01,电线电缆光缆及电工器材制造PPI,98.3,无,2019年2月,国家统计局
2019-03-01,电线电缆光缆及电工器材制造PPI,99.2,无,2019年3月,国家统计局
2019-04-01,电线电缆光缆及电工器材制造PPI,99.9,无,2019年4月,国家统计局
2019-05-01,电线电缆光缆及电工器材制造PPI,98.4,无,2019年5月,国家统计局
2019-06-01,电线电缆光缆及电工器材制造PPI,97.1,无,2019年6月,国家统计局
2019-07-01,电线电缆光缆及电工器材制造PPI,97.4,无,2019年7月,国家统计局
2019-08-01,电线电缆光缆及电工器材制造PPI,97.2,无,2019年8月,国家统计局
2019-09-01,电线电缆光缆及电工器材制造PPI,97.9,无,2019年9月,国家统计局
2019-10-01,电线电缆光缆及电工器材制造PPI,97.1,无,2019年10月,国家统计局
2019-11-01,电线电缆光缆及电工器材制造PPI,96.9,无,2019年11月,国家统计局
2019-12-01,电线电缆光缆及电工器材制造PPI,97.4,无,2019年12月,国家统计局
2020-01-01,电线电缆光缆及电工器材制造PPI,98.0,无,2020年1月,国家统计局
2020-02-01,电线电缆光缆及电工器材制造PPI,98.1,无,2020年2月,国家统计局
2020-03-01,电线电缆光缆及电工器材制造PPI,96.1,无,2020年3月,国家统计局
2020-04-01,电线电缆光缆及电工器材制造PPI,93.7,无,2020年4月,国家统计局
2020-05-01,电线电缆光缆及电工器材制造PPI,94.5,无,2020年5月,国家统计局
2020-06-01,电线电缆光缆及电工器材制造PPI,96.4,无,2020年6月,国家统计局
2020-07-01,电线电缆光缆及电工器材制造PPI,98.5,无,2020年7月,国家统计局
2020-08-01,电线电缆光缆及电工器材制造PPI,100.0,无,2020年8月,国家统计局
2020-09-01,电线电缆光缆及电工器材制造PPI,99.6,无,2020年9月,国家统计局
2020-10-01,电线电缆光缆及电工器材制造PPI,99.9,无,2020年10月,国家统计局
2020-11-01,电线电缆光缆及电工器材制造PPI,100.6,无,2020年11月,国家统计局
2020-12-01,电线电缆光缆及电工器材制造PPI,103.1,无,2020年12月,国家统计局
2021-01-01,电线电缆光缆及电工器材制造PPI,104.0,无,2021年1月,国家统计局
2021-02-01,电线电缆光缆及电工器材制造PPI,105.8,无,2021年2月,国家统计局
2021-03-01,电线电缆光缆及电工器材制造PPI,110.2,无,2021年3月,国家统计局
2021-04-01,电线电缆光缆及电工器材制造PPI,114.3,无,2021年4月,国家统计局
2021-05-01,电线电缆光缆及电工器材制造PPI,118.5,无,2021年5月,国家统计局
2021-06-01,电线电缆光缆及电工器材制造PPI,118.1,无,2021年6月,国家统计局
2021-07-01,电线电缆光缆及电工器材制造PPI,116.9,无,2021年7月,国家统计局
2021-08-01,电线电缆光缆及电工器材制造PPI,116.4,无,2021年8月,国家统计局
2021-09-01,电线电缆光缆及电工器材制造PPI,117.6,无,2021年9月,国家统计局
2021-10-01,电线电缆光缆及电工器材制造PPI,118.7,无,2021年10月,国家统计局
2021-11-01,电线电缆光缆及电工器材制造PPI,118.5,无,2021年11月,国家统计局
2021-12-01,电线电缆光缆及电工器材制造PPI,115.6,无,2021年12月,国家统计局
2022-01-01,电线电缆光缆及电工器材制造PPI,114.6,无,2022年1月,国家统计局
2022-02-01,电线电缆光缆及电工器材制造PPI,113.5,无,2022年2月,国家统计局
2022-03-01,电线电缆光缆及电工器材制造PPI,111.8,无,2022年3月,国家统计局
2022-04-01,电线电缆光缆及电工器材制造PPI,110.9,无,2022年4月,国家统计局
2022-05-01,电线电缆光缆及电工器材制造PPI,107.0,无,2022年5月,国家统计局
2022-06-01,电线电缆光缆及电工器材制造PPI,106.8,无,2022年6月,国家统计局
2022-07-01,电线电缆光缆及电工器材制造PPI,102.7,无,2022年7月,国家统计局
2022-08-01,电线电缆光缆及电工器材制造PPI,100.4,无,2022年8月,国家统计局
2022-09-01,电线电缆光缆及电工器材制造PPI,99.5,无,2022年9月,国家统计局
2022-10-01,电线电缆光缆及电工器材制造PPI,97.9,无,2022年10月,国家统计局
2022-11-01,电线电缆光缆及电工器材制造PPI,98.7,无,2022年11月,国家统计局
2022-12-01,电线电缆光缆及电工器材制造PPI,99.3,无,2022年12月,国家统计局
2023-01-01,电线电缆光缆及电工器材制造PPI,99.4,无,2023年1月,国家统计局
2023-02-01,电线电缆光缆及电工器材制造PPI,100.0,无,2023年2月,国家统计局
2023-03-01,电线电缆光缆及电工器材制造PPI,98.4,无,2023年3月,国家统计局
2023-04-01,电线电缆光缆及电工器材制造PPI,97.8,无,2023年4月,国家统计局
2023-05-01,电线电缆光缆及电工器材制造PPI,97.6,无,2023年5月,国家统计局
2023-06-01,电线电缆光缆及电工器材制造PPI,98.0,无,2023年6月,国家统计局
2023-07-01,电线电缆光缆及电工器材制造PPI,101.1,无,2023年7月,国家统计局
2023-08-01,电线电缆光缆及电工器材制造PPI,102.9,无,2023年8月,国家统计局
2023-09-01,电线电缆光缆及电工器材制造PPI,103.6,无,2023年9月,国家统计局
2023-10-01,电线电缆光缆及电工器材制造PPI,103.3,无,2023年10月,国家统计局
2023-11-01,电线电缆光缆及电工器材制造PPI,102.0,无,2023年11月,国家统计局
2023-12-01,电线电缆光缆及电工器材制造PPI,101.7,无,2023年12月,国家统计局
2024-01-01,电线电缆光缆及电工器材制造PPI,101.4,无,2024年1月,国家统计局
2024-02-01,电线电缆光缆及电工器材制造PPI,100.6,无,2024年2月,国家统计局
2024-03-01,电线电缆光缆及电工器材制造PPI,101.7,无,2024年3月,国家统计局
2024-04-01,电线电缆光缆及电工器材制造PPI,102.5,无,2024年4月,国家统计局
2024-05-01,电线电缆光缆及电工器材制造PPI,106.1,无,2024年5月,国家统计局
2024-06-01,电线电缆光缆及电工器材制造PPI,106.5,无,2024年6月,国家统计局
2024-07-01,电线电缆光缆及电工器材制造PPI,106.2,无,2024年7月,国家统计局
2024-08-01,电线电缆光缆及电工器材制造PPI,105.3,无,2024年8月,国家统计局
2024-09-01,电线电缆光缆及电工器材制造PPI,103.9,无,2024年9月,国家统计局
2024-10-01,电线电缆光缆及电工器材制造PPI,105.1,无,2024年10月,国家统计局
2024-11-01,电线电缆光缆及电工器材制造PPI,104.8,无,2024年11月,国家统计局
2024-12-01,电线电缆光缆及电工器材制造PPI,104.4,无,2024年12月,国家统计局
2025-01-01,电线电缆光缆及电工器材制造PPI,103.5,无,2025年1月,国家统计局
2025-02-01,电线电缆光缆及电工器材制造PPI,103.5,无,2025年2月,国家统计局
2025-03-01,电线电缆光缆及电工器材制造PPI,103.8,无,2025年3月,国家统计局
2025-04-01,电线电缆光缆及电工器材制造PPI,102.6,无,2025年4月,国家统计局
2025-05-01,电线电缆光缆及电工器材制造PPI,99.7,无,2025年5月,国家统计局
2025-06-01,电线电缆光缆及电工器材制造PPI,98.5,无,2025年6月,国家统计局
2025-07-01,电线电缆光缆及电工器材制造PPI,99.2,上年同月=100,2025年7月,国家统计局
2025-08-01,电线电缆光缆及电工器材制造PPI,100.0,上年同月=100,2025年8月,国家统计局
2025-09-01,电线电缆光缆及电工器材制造PPI,100.9,上年同月=100,2025年9月,国家统计局
2025-10-01,电线电缆光缆及电工器材制造PPI,101.2,上年同月=100,2025年10月,国家统计局
2025-11-01,电线电缆光缆及电工器材制造PPI,103.0,上年同月=100,2025年11月,国家统计局
2025-12-01,电线电缆光缆及电工器材制造PPI,105.2,上年同月=100,2025年12月,国家统计局
2026-01-01,电线电缆光缆及电工器材制造PPI,111.1,上年同月=100,2026年1月,国家统计局
2026-02-01,电线电缆光缆及电工器材制造PPI,113.8,上年同月=100,2026年2月,国家统计局
2026-03-01,电线电缆光缆及电工器材制造PPI,115.3,上年同月=100,2026年3月,国家统计局
2026-04-01,电线电缆光缆及电工器材制造PPI,116.6,上年同月=100,2026年4月,国家统计局
2026-05-01,电线电缆光缆及电工器材制造PPI,118.2,上年同月=100,2026年5月,国家统计局
2016-01-01,发电量当期值,,亿千瓦时,2016年1月,国家统计局
2016-02-01,发电量当期值,,亿千瓦时,2016年2月,国家统计局
2016-03-01,发电量当期值,4778.8,亿千瓦时,2016年3月,国家统计局
2016-04-01,发电量当期值,4444.5,亿千瓦时,2016年4月,国家统计局
2016-05-01,发电量当期值,4635.9,亿千瓦时,2016年5月,国家统计局
2016-06-01,发电量当期值,4907.9,亿千瓦时,2016年6月,国家统计局
2016-07-01,发电量当期值,5506.1,亿千瓦时,2016年7月,国家统计局
2016-08-01,发电量当期值,5617.2,亿千瓦时,2016年8月,国家统计局
2016-09-01,发电量当期值,4912.8,亿千瓦时,2016年9月,国家统计局
2016-10-01,发电量当期值,4875.8,亿千瓦时,2016年10月,国家统计局
2016-11-01,发电量当期值,5034.1,亿千瓦时,2016年11月,国家统计局
2016-12-01,发电量当期值,5328.9,亿千瓦时,2016年12月,国家统计局
2017-01-01,发电量当期值,,亿千瓦时,2017年1月,国家统计局
2017-02-01,发电量当期值,,亿千瓦时,2017年2月,国家统计局
2017-03-01,发电量当期值,5168.9,亿千瓦时,2017年3月,国家统计局
2017-04-01,发电量当期值,4767.2,亿千瓦时,2017年4月,国家统计局
2017-05-01,发电量当期值,4947.0,亿千瓦时,2017年5月,国家统计局
2017-06-01,发电量当期值,5203.0,亿千瓦时,2017年6月,国家统计局
2017-07-01,发电量当期值,6047.4,亿千瓦时,2017年7月,国家统计局
2017-08-01,发电量当期值,5945.5,亿千瓦时,2017年8月,国家统计局
2017-09-01,发电量当期值,5219.6,亿千瓦时,2017年9月,国家统计局
2017-10-01,发电量当期值,5038.1,亿千瓦时,2017年10月,国家统计局
2017-11-01,发电量当期值,5196.3,亿千瓦时,2017年11月,国家统计局
2017-12-01,发电量当期值,5698.6,亿千瓦时,2017年12月,国家统计局
2018-01-01,发电量当期值,,亿千瓦时,2018年1月,国家统计局
2018-02-01,发电量当期值,,亿千瓦时,2018年2月,国家统计局
2018-03-01,发电量当期值,5283.4,亿千瓦时,2018年3月,国家统计局
2018-04-01,发电量当期值,5107.8,亿千瓦时,2018年4月,国家统计局
2018-05-01,发电量当期值,5443.3,亿千瓦时,2018年5月,国家统计局
2018-06-01,发电量当期值,5550.6,亿千瓦时,2018年6月,国家统计局
2018-07-01,发电量当期值,6400.2,亿千瓦时,2018年7月,国家统计局
2018-08-01,发电量当期值,6404.9,亿千瓦时,2018年8月,国家统计局
2018-09-01,发电量当期值,5483.1,亿千瓦时,2018年9月,国家统计局
2018-10-01,发电量当期值,5330.2,亿千瓦时,2018年10月,国家统计局
2018-11-01,发电量当期值,5543.0,亿千瓦时,2018年11月,国家统计局
2018-12-01,发电量当期值,6199.9,亿千瓦时,2018年12月,国家统计局
2019-01-01,发电量当期值,,亿千瓦时,2019年1月,国家统计局
2019-02-01,发电量当期值,,亿千瓦时,2019年2月,国家统计局
2019-03-01,发电量当期值,5697.9,亿千瓦时,2019年3月,国家统计局
2019-04-01,发电量当期值,5440.2,亿千瓦时,2019年4月,国家统计局
2019-05-01,发电量当期值,5589.0,亿千瓦时,2019年5月,国家统计局
2019-06-01,发电量当期值,5833.9,亿千瓦时,2019年6月,国家统计局
2019-07-01,发电量当期值,6573.1,亿千瓦时,2019年7月,国家统计局
2019-08-01,发电量当期值,6682.4,亿千瓦时,2019年8月,国家统计局
2019-09-01,发电量当期值,5908.4,亿千瓦时,2019年9月,国家统计局
2019-10-01,发电量当期值,5714.2,亿千瓦时,2019年10月,国家统计局
2019-11-01,发电量当期值,5889.8,亿千瓦时,2019年11月,国家统计局
2019-12-01,发电量当期值,6544.2,亿千瓦时,2019年12月,国家统计局
2020-01-01,发电量当期值,,亿千瓦时,2020年1月,国家统计局
2020-02-01,发电量当期值,,亿千瓦时,2020年2月,国家统计局
2020-03-01,发电量当期值,5525.1,亿千瓦时,2020年3月,国家统计局
2020-04-01,发电量当期值,5542.7,亿千瓦时,2020年4月,国家统计局
2020-05-01,发电量当期值,5932.4,亿千瓦时,2020年5月,国家统计局
2020-06-01,发电量当期值,6304.1,亿千瓦时,2020年6月,国家统计局
2020-07-01,发电量当期值,6801.2,亿千瓦时,2020年7月,国家统计局
2020-08-01,发电量当期值,7238.3,亿千瓦时,2020年8月,国家统计局
2020-09-01,发电量当期值,6315.2,亿千瓦时,2020年9月,国家统计局
2020-10-01,发电量当期值,6094.5,亿千瓦时,2020年10月,国家统计局
2020-11-01,发电量当期值,6418.7,亿千瓦时,2020年11月,国家统计局
2020-12-01,发电量当期值,7277.2,亿千瓦时,2020年12月,国家统计局
2021-01-01,发电量当期值,,亿千瓦时,2021年1月,国家统计局
2021-02-01,发电量当期值,,亿千瓦时,2021年2月,国家统计局
2021-03-01,发电量当期值,6579.0,亿千瓦时,2021年3月,国家统计局
2021-04-01,发电量当期值,6230.1,亿千瓦时,2021年4月,国家统计局
2021-05-01,发电量当期值,6478.4,亿千瓦时,2021年5月,国家统计局
2021-06-01,发电量当期值,6860.5,亿千瓦时,2021年6月,国家统计局
2021-07-01,发电量当期值,7586.2,亿千瓦时,2021年7月,国家统计局
2021-08-01,发电量当期值,7383.5,亿千瓦时,2021年8月,国家统计局
2021-09-01,发电量当期值,6751.2,亿千瓦时,2021年9月,国家统计局
2021-10-01,发电量当期值,6393.5,亿千瓦时,2021年10月,国家统计局
2021-11-01,发电量当期值,6540.4,亿千瓦时,2021年11月,国家统计局
2021-12-01,发电量当期值,7233.7,亿千瓦时,2021年12月,国家统计局
2022-01-01,发电量当期值,,亿千瓦时,2022年1月,国家统计局
2022-02-01,发电量当期值,,亿千瓦时,2022年2月,国家统计局
2022-03-01,发电量当期值,6701.7,亿千瓦时,2022年3月,国家统计局
2022-04-01,发电量当期值,6085.7,亿千瓦时,2022年4月,国家统计局
2022-05-01,发电量当期值,6410.2,亿千瓦时,2022年5月,国家统计局
2022-06-01,发电量当期值,7090.3,亿千瓦时,2022年6月,国家统计局
2022-07-01,发电量当期值,8059.2,亿千瓦时,2022年7月,国家统计局
2022-08-01,发电量当期值,8248.0,亿千瓦时,2022年8月,国家统计局
2022-09-01,发电量当期值,6830.0,亿千瓦时,2022年9月,国家统计局
2022-10-01,发电量当期值,6610.0,亿千瓦时,2022年10月,国家统计局
2022-11-01,发电量当期值,6666.7,亿千瓦时,2022年11月,国家统计局
2022-12-01,发电量当期值,7578.5,亿千瓦时,2022年12月,国家统计局
2023-01-01,发电量当期值,,亿千瓦时,2023年1月,国家统计局
2023-02-01,发电量当期值,,亿千瓦时,2023年2月,国家统计局
2023-03-01,发电量当期值,7172.9,亿千瓦时,2023年3月,国家统计局
2023-04-01,发电量当期值,6583.5,亿千瓦时,2023年4月,国家统计局
2023-05-01,发电量当期值,6885.8,亿千瓦时,2023年5月,国家统计局
2023-06-01,发电量当期值,7399.0,亿千瓦时,2023年6月,国家统计局
2023-07-01,发电量当期值,8461.7,亿千瓦时,2023年7月,国家统计局
2023-08-01,发电量当期值,8449.9,亿千瓦时,2023年8月,国家统计局
2023-09-01,发电量当期值,7456.1,亿千瓦时,2023年9月,国家统计局
2023-10-01,发电量当期值,7043.5,亿千瓦时,2023年10月,国家统计局
2023-11-01,发电量当期值,7309.7,亿千瓦时,2023年11月,国家统计局
2023-12-01,发电量当期值,8289.8,亿千瓦时,2023年12月,国家统计局
2024-01-01,发电量当期值,,亿千瓦时,2024年1月,国家统计局
2024-02-01,发电量当期值,,亿千瓦时,2024年2月,国家统计局
2024-03-01,发电量当期值,7476.9,亿千瓦时,2024年3月,国家统计局
2024-04-01,发电量当期值,6900.8,亿千瓦时,2024年4月,国家统计局
2024-05-01,发电量当期值,7178.5,亿千瓦时,2024年5月,国家统计局
2024-06-01,发电量当期值,7685.2,亿千瓦时,2024年6月,国家统计局
2024-07-01,发电量当期值,8831.1,亿千瓦时,2024年7月,国家统计局
2024-08-01,发电量当期值,9074.2,亿千瓦时,2024年8月,国家统计局
2024-09-01,发电量当期值,8023.6,亿千瓦时,2024年9月,国家统计局
2024-10-01,发电量当期值,7310.0,亿千瓦时,2024年10月,国家统计局
2024-11-01,发电量当期值,7495.1,亿千瓦时,2024年11月,国家统计局
2024-12-01,发电量当期值,8462.4,亿千瓦时,2024年12月,国家统计局
2025-01-01,发电量当期值,,亿千瓦时,2025年1月,国家统计局
2025-02-01,发电量当期值,,亿千瓦时,2025年2月,国家统计局
2025-03-01,发电量当期值,7780.2,亿千瓦时,2025年3月,国家统计局
2025-04-01,发电量当期值,7111.1,亿千瓦时,2025年4月,国家统计局
2025-05-01,发电量当期值,7377.6,亿千瓦时,2025年5月,国家统计局
2025-06-01,发电量当期值,7962.9,亿千瓦时,2025年6月,国家统计局
2025-07-01,发电量当期值,9267.2,亿千瓦时,2025年7月,国家统计局
2025-08-01,发电量当期值,9362.7,亿千瓦时,2025年8月,国家统计局
2025-09-01,发电量当期值,8261.8,亿千瓦时,2025年9月,国家统计局
2025-10-01,发电量当期值,8002.1,亿千瓦时,2025年10月,国家统计局
2025-11-01,发电量当期值,7792.2,亿千瓦时,2025年11月,国家统计局
2025-12-01,发电量当期值,8586.2,亿千瓦时,2025年12月,国家统计局
2026-01-01,发电量当期值,,亿千瓦时,2026年1月,国家统计局
2026-02-01,发电量当期值,,亿千瓦时,2026年2月,国家统计局
2026-03-01,发电量当期值,8024.8,亿千瓦时,2026年3月,国家统计局
2026-04-01,发电量当期值,7439.8,亿千瓦时,2026年4月,国家统计局
2026-05-01,发电量当期值,7842.5,亿千瓦时,2026年5月,国家统计局
2016-01-01,发电机组产量当期值,,万千瓦,2016年1月,国家统计局
2016-02-01,发电机组产量当期值,,万千瓦,2016年2月,国家统计局
2016-03-01,发电机组产量当期值,1206.3,万千瓦,2016年3月,国家统计局
2016-04-01,发电机组产量当期值,792.4,万千瓦,2016年4月,国家统计局
2016-05-01,发电机组产量当期值,1491.9,万千瓦,2016年5月,国家统计局
2016-06-01,发电机组产量当期值,1593.3,万千瓦,2016年6月,国家统计局
2016-07-01,发电机组产量当期值,1142.2,万千瓦,2016年7月,国家统计局
2016-08-01,发电机组产量当期值,899.2,万千瓦,2016年8月,国家统计局
2016-09-01,发电机组产量当期值,1529.5,万千瓦,2016年9月,国家统计局
2016-10-01,发电机组产量当期值,1107.9,万千瓦,2016年10月,国家统计局
2016-11-01,发电机组产量当期值,1427.0,万千瓦,2016年11月,国家统计局
2016-12-01,发电机组产量当期值,1413.4,万千瓦,2016年12月,国家统计局
2017-01-01,发电机组产量当期值,,万千瓦,2017年1月,国家统计局
2017-02-01,发电机组产量当期值,,万千瓦,2017年2月,国家统计局
2017-03-01,发电机组产量当期值,1166.0,万千瓦,2017年3月,国家统计局
2017-04-01,发电机组产量当期值,1157.3,万千瓦,2017年4月,国家统计局
2017-05-01,发电机组产量当期值,1167.9,万千瓦,2017年5月,国家统计局
2017-06-01,发电机组产量当期值,1614.6,万千瓦,2017年6月,国家统计局
2017-07-01,发电机组产量当期值,895.4,万千瓦,2017年7月,国家统计局
2017-08-01,发电机组产量当期值,774.4,万千瓦,2017年8月,国家统计局
2017-09-01,发电机组产量当期值,1184.0,万千瓦,2017年9月,国家统计局
2017-10-01,发电机组产量当期值,1033.4,万千瓦,2017年10月,国家统计局
2017-11-01,发电机组产量当期值,946.2,万千瓦,2017年11月,国家统计局
2017-12-01,发电机组产量当期值,1191.0,万千瓦,2017年12月,国家统计局
2018-01-01,发电机组产量当期值,,万千瓦,2018年1月,国家统计局
2018-02-01,发电机组产量当期值,,万千瓦,2018年2月,国家统计局
2018-03-01,发电机组产量当期值,1029.9,万千瓦,2018年3月,国家统计局
2018-04-01,发电机组产量当期值,555.2,万千瓦,2018年4月,国家统计局
2018-05-01,发电机组产量当期值,1286.7,万千瓦,2018年5月,国家统计局
2018-06-01,发电机组产量当期值,1319.7,万千瓦,2018年6月,国家统计局
2018-07-01,发电机组产量当期值,679.0,万千瓦,2018年7月,国家统计局
2018-08-01,发电机组产量当期值,845.6,万千瓦,2018年8月,国家统计局
2018-09-01,发电机组产量当期值,1162.5,万千瓦,2018年9月,国家统计局
2018-10-01,发电机组产量当期值,859.5,万千瓦,2018年10月,国家统计局
2018-11-01,发电机组产量当期值,872.6,万千瓦,2018年11月,国家统计局
2018-12-01,发电机组产量当期值,808.6,万千瓦,2018年12月,国家统计局
2019-01-01,发电机组产量当期值,,万千瓦,2019年1月,国家统计局
2019-02-01,发电机组产量当期值,,万千瓦,2019年2月,国家统计局
2019-03-01,发电机组产量当期值,794.8,万千瓦,2019年3月,国家统计局
2019-04-01,发电机组产量当期值,545.4,万千瓦,2019年4月,国家统计局
2019-05-01,发电机组产量当期值,842.3,万千瓦,2019年5月,国家统计局
2019-06-01,发电机组产量当期值,1128.8,万千瓦,2019年6月,国家统计局
2019-07-01,发电机组产量当期值,703.5,万千瓦,2019年7月,国家统计局
2019-08-01,发电机组产量当期值,821.9,万千瓦,2019年8月,国家统计局
2019-09-01,发电机组产量当期值,949.5,万千瓦,2019年9月,国家统计局
2019-10-01,发电机组产量当期值,734.4,万千瓦,2019年10月,国家统计局
2019-11-01,发电机组产量当期值,1033.6,万千瓦,2019年11月,国家统计局
2019-12-01,发电机组产量当期值,1035.3,万千瓦,2019年12月,国家统计局
2020-01-01,发电机组产量当期值,,万千瓦,2020年1月,国家统计局
2020-02-01,发电机组产量当期值,,万千瓦,2020年2月,国家统计局
2020-03-01,发电机组产量当期值,1044.2,万千瓦,2020年3月,国家统计局
2020-04-01,发电机组产量当期值,887.7,万千瓦,2020年4月,国家统计局
2020-05-01,发电机组产量当期值,1023.6,万千瓦,2020年5月,国家统计局
2020-06-01,发电机组产量当期值,1612.2,万千瓦,2020年6月,国家统计局
2020-07-01,发电机组产量当期值,1064.6,万千瓦,2020年7月,国家统计局
2020-08-01,发电机组产量当期值,998.1,万千瓦,2020年8月,国家统计局
2020-09-01,发电机组产量当期值,1289.6,万千瓦,2020年9月,国家统计局
2020-10-01,发电机组产量当期值,1528.1,万千瓦,2020年10月,国家统计局
2020-11-01,发电机组产量当期值,1596.7,万千瓦,2020年11月,国家统计局
2020-12-01,发电机组产量当期值,1689.9,万千瓦,2020年12月,国家统计局
2021-01-01,发电机组产量当期值,,万千瓦,2021年1月,国家统计局
2021-02-01,发电机组产量当期值,,万千瓦,2021年2月,国家统计局
2021-03-01,发电机组产量当期值,1242.9,万千瓦,2021年3月,国家统计局
2021-04-01,发电机组产量当期值,1090.1,万千瓦,2021年4月,国家统计局
2021-05-01,发电机组产量当期值,1287.6,万千瓦,2021年5月,国家统计局
2021-06-01,发电机组产量当期值,1418.9,万千瓦,2021年6月,国家统计局
2021-07-01,发电机组产量当期值,1107.9,万千瓦,2021年7月,国家统计局
2021-08-01,发电机组产量当期值,1365.3,万千瓦,2021年8月,国家统计局
2021-09-01,发电机组产量当期值,1251.3,万千瓦,2021年9月,国家统计局
2021-10-01,发电机组产量当期值,1485.9,万千瓦,2021年10月,国家统计局
2021-11-01,发电机组产量当期值,1713.3,万千瓦,2021年11月,国家统计局
2021-12-01,发电机组产量当期值,1874.1,万千瓦,2021年12月,国家统计局
2022-01-01,发电机组产量当期值,,万千瓦,2022年1月,国家统计局
2022-02-01,发电机组产量当期值,,万千瓦,2022年2月,国家统计局
2022-03-01,发电机组产量当期值,1517.4,万千瓦,2022年3月,国家统计局
2022-04-01,发电机组产量当期值,919.2,万千瓦,2022年4月,国家统计局
2022-05-01,发电机组产量当期值,1486.3,万千瓦,2022年5月,国家统计局
2022-06-01,发电机组产量当期值,1667.9,万千瓦,2022年6月,国家统计局
2022-07-01,发电机组产量当期值,894.8,万千瓦,2022年7月,国家统计局
2022-08-01,发电机组产量当期值,1174.7,万千瓦,2022年8月,国家统计局
2022-09-01,发电机组产量当期值,2183.6,万千瓦,2022年9月,国家统计局
2022-10-01,发电机组产量当期值,1934.4,万千瓦,2022年10月,国家统计局
2022-11-01,发电机组产量当期值,1901.4,万千瓦,2022年11月,国家统计局
2022-12-01,发电机组产量当期值,2616.4,万千瓦,2022年12月,国家统计局
2023-01-01,发电机组产量当期值,,万千瓦,2023年1月,国家统计局
2023-02-01,发电机组产量当期值,,万千瓦,2023年2月,国家统计局
2023-03-01,发电机组产量当期值,1826.5,万千瓦,2023年3月,国家统计局
2023-04-01,发电机组产量当期值,1492.1,万千瓦,2023年4月,国家统计局
2023-05-01,发电机组产量当期值,2108.0,万千瓦,2023年5月,国家统计局
2023-06-01,发电机组产量当期值,2495.1,万千瓦,2023年6月,国家统计局
2023-07-01,发电机组产量当期值,1128.3,万千瓦,2023年7月,国家统计局
2023-08-01,发电机组产量当期值,1615.9,万千瓦,2023年8月,国家统计局
2023-09-01,发电机组产量当期值,2756.8,万千瓦,2023年9月,国家统计局
2023-10-01,发电机组产量当期值,2122.2,万千瓦,2023年10月,国家统计局
2023-11-01,发电机组产量当期值,3015.9,万千瓦,2023年11月,国家统计局
2023-12-01,发电机组产量当期值,3249.9,万千瓦,2023年12月,国家统计局
2024-01-01,发电机组产量当期值,,万千瓦,2024年1月,国家统计局
2024-02-01,发电机组产量当期值,,万千瓦,2024年2月,国家统计局
2024-03-01,发电机组产量当期值,1668.8,万千瓦,2024年3月,国家统计局
2024-04-01,发电机组产量当期值,1373.6,万千瓦,2024年4月,国家统计局
2024-05-01,发电机组产量当期值,2147.3,万千瓦,2024年5月,国家统计局
2024-06-01,发电机组产量当期值,3365.6,万千瓦,2024年6月,国家统计局
2024-07-01,发电机组产量当期值,2031.3,万千瓦,2024年7月,国家统计局
2024-08-01,发电机组产量当期值,2317.8,万千瓦,2024年8月,国家统计局
2024-09-01,发电机组产量当期值,3052.0,万千瓦,2024年9月,国家统计局
2024-10-01,发电机组产量当期值,2502.3,万千瓦,2024年10月,国家统计局
2024-11-01,发电机组产量当期值,3147.2,万千瓦,2024年11月,国家统计局
2024-12-01,发电机组产量当期值,4225.9,万千瓦,2024年12月,国家统计局
2025-01-01,发电机组产量当期值,,万千瓦,2025年1月,国家统计局
2025-02-01,发电机组产量当期值,,万千瓦,2025年2月,国家统计局
2025-03-01,发电机组产量当期值,3319.4,万千瓦,2025年3月,国家统计局
2025-04-01,发电机组产量当期值,3147.2,万千瓦,2025年4月,国家统计局
2025-05-01,发电机组产量当期值,3274.7,万千瓦,2025年5月,国家统计局
2025-06-01,发电机组产量当期值,4203.2,万千瓦,2025年6月,国家统计局
2025-07-01,发电机组产量当期值,2941.5,万千瓦,2025年7月,国家统计局
2025-08-01,发电机组产量当期值,3002.0,万千瓦,2025年8月,国家统计局
2025-09-01,发电机组产量当期值,3608.7,万千瓦,2025年9月,国家统计局
2025-10-01,发电机组产量当期值,2853.9,万千瓦,2025年10月,国家统计局
2025-11-01,发电机组产量当期值,3260.1,万千瓦,2025年11月,国家统计局
2025-12-01,发电机组产量当期值,4247.6,万千瓦,2025年12月,国家统计局
2026-01-01,发电机组产量当期值,,万千瓦,2026年1月,国家统计局
2026-02-01,发电机组产量当期值,,万千瓦,2026年2月,国家统计局
2026-03-01,发电机组产量当期值,3404.2,万千瓦,2026年3月,国家统计局
2026-04-01,发电机组产量当期值,2636.4,万千瓦,2026年4月,国家统计局
2026-05-01,发电机组产量当期值,3143.8,万千瓦,2026年5月,国家统计局
2016-01-01,房间空气调节器产量当期值,,万台,2016年1月,国家统计局
2016-02-01,房间空气调节器产量当期值,,万台,2016年2月,国家统计局
2016-03-01,房间空气调节器产量当期值,1639.1,万台,2016年3月,国家统计局
2016-04-01,房间空气调节器产量当期值,1582.9,万台,2016年4月,国家统计局
2016-05-01,房间空气调节器产量当期值,1432.3,万台,2016年5月,国家统计局
2016-06-01,房间空气调节器产量当期值,1656.9,万台,2016年6月,国家统计局
2016-07-01,房间空气调节器产量当期值,1326.5,万台,2016年7月,国家统计局
2016-08-01,房间空气调节器产量当期值,1206.1,万台,2016年8月,国家统计局
2016-09-01,房间空气调节器产量当期值,1235.1,万台,2016年9月,国家统计局
2016-10-01,房间空气调节器产量当期值,1161.3,万台,2016年10月,国家统计局
2016-11-01,房间空气调节器产量当期值,1195.0,万台,2016年11月,国家统计局
2016-12-01,房间空气调节器产量当期值,1462.2,万台,2016年12月,国家统计局
2017-01-01,房间空气调节器产量当期值,,万台,2017年1月,国家统计局
2017-02-01,房间空气调节器产量当期值,,万台,2017年2月,国家统计局
2017-03-01,房间空气调节器产量当期值,1887.5,万台,2017年3月,国家统计局
2017-04-01,房间空气调节器产量当期值,1950.2,万台,2017年4月,国家统计局
2017-05-01,房间空气调节器产量当期值,1870.6,万台,2017年5月,国家统计局
2017-06-01,房间空气调节器产量当期值,1917.5,万台,2017年6月,国家统计局
2017-07-01,房间空气调节器产量当期值,1665.4,万台,2017年7月,国家统计局
2017-08-01,房间空气调节器产量当期值,1462.8,万台,2017年8月,国家统计局
2017-09-01,房间空气调节器产量当期值,1525.4,万台,2017年9月,国家统计局
2017-10-01,房间空气调节器产量当期值,1347.3,万台,2017年10月,国家统计局
2017-11-01,房间空气调节器产量当期值,1460.1,万台,2017年11月,国家统计局
2017-12-01,房间空气调节器产量当期值,1574.2,万台,2017年12月,国家统计局
2018-01-01,房间空气调节器产量当期值,,万台,2018年1月,国家统计局
2018-02-01,房间空气调节器产量当期值,,万台,2018年2月,国家统计局
2018-03-01,房间空气调节器产量当期值,2019.0,万台,2018年3月,国家统计局
2018-04-01,房间空气调节器产量当期值,2143.2,万台,2018年4月,国家统计局
2018-05-01,房间空气调节器产量当期值,2134.4,万台,2018年5月,国家统计局
2018-06-01,房间空气调节器产量当期值,2079.8,万台,2018年6月,国家统计局
2018-07-01,房间空气调节器产量当期值,1718.8,万台,2018年7月,国家统计局
2018-08-01,房间空气调节器产量当期值,1475.3,万台,2018年8月,国家统计局
2018-09-01,房间空气调节器产量当期值,1608.3,万台,2018年9月,国家统计局
2018-10-01,房间空气调节器产量当期值,1356.8,万台,2018年10月,国家统计局
2018-11-01,房间空气调节器产量当期值,1519.8,万台,2018年11月,国家统计局
2018-12-01,房间空气调节器产量当期值,1832.0,万台,2018年12月,国家统计局
2019-01-01,房间空气调节器产量当期值,,万台,2019年1月,国家统计局
2019-02-01,房间空气调节器产量当期值,,万台,2019年2月,国家统计局
2019-03-01,房间空气调节器产量当期值,2406.9,万台,2019年3月,国家统计局
2019-04-01,房间空气调节器产量当期值,2363.6,万台,2019年4月,国家统计局
2019-05-01,房间空气调节器产量当期值,2191.2,万台,2019年5月,国家统计局
2019-06-01,房间空气调节器产量当期值,2133.1,万台,2019年6月,国家统计局
2019-07-01,房间空气调节器产量当期值,1686.1,万台,2019年7月,国家统计局
2019-08-01,房间空气调节器产量当期值,1433.2,万台,2019年8月,国家统计局
2019-09-01,房间空气调节器产量当期值,1783.9,万台,2019年9月,国家统计局
2019-10-01,房间空气调节器产量当期值,1332.2,万台,2019年10月,国家统计局
2019-11-01,房间空气调节器产量当期值,1545.5,万台,2019年11月,国家统计局
2019-12-01,房间空气调节器产量当期值,2034.9,万台,2019年12月,国家统计局
2020-01-01,房间空气调节器产量当期值,,万台,2020年1月,国家统计局
2020-02-01,房间空气调节器产量当期值,,万台,2020年2月,国家统计局
2020-03-01,房间空气调节器产量当期值,1940.3,万台,2020年3月,国家统计局
2020-04-01,房间空气调节器产量当期值,1915.9,万台,2020年4月,国家统计局
2020-05-01,房间空气调节器产量当期值,1942.8,万台,2020年5月,国家统计局
2020-06-01,房间空气调节器产量当期值,2490.3,万台,2020年6月,国家统计局
2020-07-01,房间空气调节器产量当期值,1851.2,万台,2020年7月,国家统计局
2020-08-01,房间空气调节器产量当期值,1533.0,万台,2020年8月,国家统计局
2020-09-01,房间空气调节器产量当期值,1714.1,万台,2020年9月,国家统计局
2020-10-01,房间空气调节器产量当期值,1448.9,万台,2020年10月,国家统计局
2020-11-01,房间空气调节器产量当期值,1771.6,万台,2020年11月,国家统计局
2020-12-01,房间空气调节器产量当期值,2152.5,万台,2020年12月,国家统计局
2021-01-01,房间空气调节器产量当期值,,万台,2021年1月,国家统计局
2021-02-01,房间空气调节器产量当期值,,万台,2021年2月,国家统计局
2021-03-01,房间空气调节器产量当期值,2591.6,万台,2021年3月,国家统计局
2021-04-01,房间空气调节器产量当期值,2421.0,万台,2021年4月,国家统计局
2021-05-01,房间空气调节器产量当期值,2205.8,万台,2021年5月,国家统计局
2021-06-01,房间空气调节器产量当期值,2167.0,万台,2021年6月,国家统计局
2021-07-01,房间空气调节器产量当期值,1801.8,万台,2021年7月,国家统计局
2021-08-01,房间空气调节器产量当期值,1491.2,万台,2021年8月,国家统计局
2021-09-01,房间空气调节器产量当期值,1508.1,万台,2021年9月,国家统计局
2021-10-01,房间空气调节器产量当期值,1454.9,万台,2021年10月,国家统计局
2021-11-01,房间空气调节器产量当期值,1662.8,万台,2021年11月,国家统计局
2021-12-01,房间空气调节器产量当期值,1963.5,万台,2021年12月,国家统计局
2022-01-01,房间空气调节器产量当期值,,万台,2022年1月,国家统计局
2022-02-01,房间空气调节器产量当期值,,万台,2022年2月,国家统计局
2022-03-01,房间空气调节器产量当期值,2552.5,万台,2022年3月,国家统计局
2022-04-01,房间空气调节器产量当期值,2279.2,万台,2022年4月,国家统计局
2022-05-01,房间空气调节器产量当期值,2182.9,万台,2022年5月,国家统计局
2022-06-01,房间空气调节器产量当期值,2221.4,万台,2022年6月,国家统计局
2022-07-01,房间空气调节器产量当期值,1829.9,万台,2022年7月,国家统计局
2022-08-01,房间空气调节器产量当期值,1607.2,万台,2022年8月,国家统计局
2022-09-01,房间空气调节器产量当期值,1858.0,万台,2022年9月,国家统计局
2022-10-01,房间空气调节器产量当期值,1443.2,万台,2022年10月,国家统计局
2022-11-01,房间空气调节器产量当期值,1513.2,万台,2022年11月,国家统计局
2022-12-01,房间空气调节器产量当期值,1770.5,万台,2022年12月,国家统计局
2023-01-01,房间空气调节器产量当期值,,万台,2023年1月,国家统计局
2023-02-01,房间空气调节器产量当期值,,万台,2023年2月,国家统计局
2023-03-01,房间空气调节器产量当期值,2930.7,万台,2023年3月,国家统计局
2023-04-01,房间空气调节器产量当期值,2586.9,万台,2023年4月,国家统计局
2023-05-01,房间空气调节器产量当期值,2606.3,万台,2023年5月,国家统计局
2023-06-01,房间空气调节器产量当期值,2637.6,万台,2023年6月,国家统计局
2023-07-01,房间空气调节器产量当期值,2305.8,万台,2023年7月,国家统计局
2023-08-01,房间空气调节器产量当期值,1643.4,万台,2023年8月,国家统计局
2023-09-01,房间空气调节器产量当期值,1611.4,万台,2023年9月,国家统计局
2023-10-01,房间空气调节器产量当期值,1373.0,万台,2023年10月,国家统计局
2023-11-01,房间空气调节器产量当期值,1595.7,万台,2023年11月,国家统计局
2023-12-01,房间空气调节器产量当期值,2152.9,万台,2023年12月,国家统计局
2024-01-01,房间空气调节器产量当期值,,万台,2024年1月,国家统计局
2024-02-01,房间空气调节器产量当期值,,万台,2024年2月,国家统计局
2024-03-01,房间空气调节器产量当期值,3083.3,万台,2024年3月,国家统计局
2024-04-01,房间空气调节器产量当期值,3033.1,万台,2024年4月,国家统计局
2024-05-01,房间空气调节器产量当期值,2905.0,万台,2024年5月,国家统计局
2024-06-01,房间空气调节器产量当期值,2805.3,万台,2024年6月,国家统计局
2024-07-01,房间空气调节器产量当期值,2020.1,万台,2024年7月,国家统计局
2024-08-01,房间空气调节器产量当期值,1498.0,万台,2024年8月,国家统计局
2024-09-01,房间空气调节器产量当期值,1884.1,万台,2024年9月,国家统计局
2024-10-01,房间空气调节器产量当期值,1620.2,万台,2024年10月,国家统计局
2024-11-01,房间空气调节器产量当期值,1967.9,万台,2024年11月,国家统计局
2024-12-01,房间空气调节器产量当期值,2369.5,万台,2024年12月,国家统计局
2025-01-01,房间空气调节器产量当期值,,万台,2025年1月,国家统计局
2025-02-01,房间空气调节器产量当期值,,万台,2025年2月,国家统计局
2025-03-01,房间空气调节器产量当期值,3371.2,万台,2025年3月,国家统计局
2025-04-01,房间空气调节器产量当期值,3083.3,万台,2025年4月,国家统计局
2025-05-01,房间空气调节器产量当期值,2948.0,万台,2025年5月,国家统计局
2025-06-01,房间空气调节器产量当期值,2838.3,万台,2025年6月,国家统计局
2025-07-01,房间空气调节器产量当期值,2059.7,万台,2025年7月,国家统计局
2025-08-01,房间空气调节器产量当期值,1681.9,万台,2025年8月,国家统计局
2025-09-01,房间空气调节器产量当期值,1809.5,万台,2025年9月,国家统计局
2025-10-01,房间空气调节器产量当期值,1420.4,万台,2025年10月,国家统计局
2025-11-01,房间空气调节器产量当期值,1502.6,万台,2025年11月,国家统计局
2025-12-01,房间空气调节器产量当期值,2162.9,万台,2025年12月,国家统计局
2026-01-01,房间空气调节器产量当期值,,万台,2026年1月,国家统计局
2026-02-01,房间空气调节器产量当期值,,万台,2026年2月,国家统计局
2026-03-01,房间空气调节器产量当期值,3455.3,万台,2026年3月,国家统计局
2026-04-01,房间空气调节器产量当期值,2819.1,万台,2026年4月,国家统计局
2026-05-01,房间空气调节器产量当期值,2704.8,万台,2026年5月,国家统计局
2016-01-01,家用电冰箱产量当期值,,万台,2016年1月,国家统计局
2016-02-01,家用电冰箱产量当期值,,万台,2016年2月,国家统计局
2016-03-01,家用电冰箱产量当期值,867.1,万台,2016年3月,国家统计局
2016-04-01,家用电冰箱产量当期值,873.3,万台,2016年4月,国家统计局
2016-05-01,家用电冰箱产量当期值,855.2,万台,2016年5月,国家统计局
2016-06-01,家用电冰箱产量当期值,901.7,万台,2016年6月,国家统计局
2016-07-01,家用电冰箱产量当期值,794.9,万台,2016年7月,国家统计局
2016-08-01,家用电冰箱产量当期值,754.3,万台,2016年8月,国家统计局
2016-09-01,家用电冰箱产量当期值,804.5,万台,2016年9月,国家统计局
2016-10-01,家用电冰箱产量当期值,742.9,万台,2016年10月,国家统计局
2016-11-01,家用电冰箱产量当期值,769.7,万台,2016年11月,国家统计局
2016-12-01,家用电冰箱产量当期值,711.5,万台,2016年12月,国家统计局
2017-01-01,家用电冰箱产量当期值,,万台,2017年1月,国家统计局
2017-02-01,家用电冰箱产量当期值,,万台,2017年2月,国家统计局
2017-03-01,家用电冰箱产量当期值,924.1,万台,2017年3月,国家统计局
2017-04-01,家用电冰箱产量当期值,834.4,万台,2017年4月,国家统计局
2017-05-01,家用电冰箱产量当期值,848.5,万台,2017年5月,国家统计局
2017-06-01,家用电冰箱产量当期值,871.3,万台,2017年6月,国家统计局
2017-07-01,家用电冰箱产量当期值,851.1,万台,2017年7月,国家统计局
2017-08-01,家用电冰箱产量当期值,858.0,万台,2017年8月,国家统计局
2017-09-01,家用电冰箱产量当期值,846.6,万台,2017年9月,国家统计局
2017-10-01,家用电冰箱产量当期值,813.2,万台,2017年10月,国家统计局
2017-11-01,家用电冰箱产量当期值,782.2,万台,2017年11月,国家统计局
2017-12-01,家用电冰箱产量当期值,660.4,万台,2017年12月,国家统计局
2018-01-01,家用电冰箱产量当期值,,万台,2018年1月,国家统计局
2018-02-01,家用电冰箱产量当期值,,万台,2018年2月,国家统计局
2018-03-01,家用电冰箱产量当期值,726.0,万台,2018年3月,国家统计局
2018-04-01,家用电冰箱产量当期值,752.6,万台,2018年4月,国家统计局
2018-05-01,家用电冰箱产量当期值,757.8,万台,2018年5月,国家统计局
2018-06-01,家用电冰箱产量当期值,713.0,万台,2018年6月,国家统计局
2018-07-01,家用电冰箱产量当期值,651.6,万台,2018年7月,国家统计局
2018-08-01,家用电冰箱产量当期值,693.5,万台,2018年8月,国家统计局
2018-09-01,家用电冰箱产量当期值,721.0,万台,2018年9月,国家统计局
2018-10-01,家用电冰箱产量当期值,685.4,万台,2018年10月,国家统计局
2018-11-01,家用电冰箱产量当期值,707.0,万台,2018年11月,国家统计局
2018-12-01,家用电冰箱产量当期值,618.8,万台,2018年12月,国家统计局
2019-01-01,家用电冰箱产量当期值,,万台,2019年1月,国家统计局
2019-02-01,家用电冰箱产量当期值,,万台,2019年2月,国家统计局
2019-03-01,家用电冰箱产量当期值,735.7,万台,2019年3月,国家统计局
2019-04-01,家用电冰箱产量当期值,771.2,万台,2019年4月,国家统计局
2019-05-01,家用电冰箱产量当期值,777.8,万台,2019年5月,国家统计局
2019-06-01,家用电冰箱产量当期值,746.1,万台,2019年6月,国家统计局
2019-07-01,家用电冰箱产量当期值,734.2,万台,2019年7月,国家统计局
2019-08-01,家用电冰箱产量当期值,701.7,万台,2019年8月,国家统计局
2019-09-01,家用电冰箱产量当期值,736.7,万台,2019年9月,国家统计局
2019-10-01,家用电冰箱产量当期值,704.6,万台,2019年10月,国家统计局
2019-11-01,家用电冰箱产量当期值,722.2,万台,2019年11月,国家统计局
2019-12-01,家用电冰箱产量当期值,690.2,万台,2019年12月,国家统计局
2020-01-01,家用电冰箱产量当期值,,万台,2020年1月,国家统计局
2020-02-01,家用电冰箱产量当期值,,万台,2020年2月,国家统计局
2020-03-01,家用电冰箱产量当期值,726.6,万台,2020年3月,国家统计局
2020-04-01,家用电冰箱产量当期值,701.5,万台,2020年4月,国家统计局
2020-05-01,家用电冰箱产量当期值,776.7,万台,2020年5月,国家统计局
2020-06-01,家用电冰箱产量当期值,887.4,万台,2020年6月,国家统计局
2020-07-01,家用电冰箱产量当期值,914.7,万台,2020年7月,国家统计局
2020-08-01,家用电冰箱产量当期值,908.5,万台,2020年8月,国家统计局
2020-09-01,家用电冰箱产量当期值,935.8,万台,2020年9月,国家统计局
2020-10-01,家用电冰箱产量当期值,879.6,万台,2020年10月,国家统计局
2020-11-01,家用电冰箱产量当期值,898.9,万台,2020年11月,国家统计局
2020-12-01,家用电冰箱产量当期值,796.4,万台,2020年12月,国家统计局
2021-01-01,家用电冰箱产量当期值,,万台,2021年1月,国家统计局
2021-02-01,家用电冰箱产量当期值,,万台,2021年2月,国家统计局
2021-03-01,家用电冰箱产量当期值,946.6,万台,2021年3月,国家统计局
2021-04-01,家用电冰箱产量当期值,772.9,万台,2021年4月,国家统计局
2021-05-01,家用电冰箱产量当期值,748.7,万台,2021年5月,国家统计局
2021-06-01,家用电冰箱产量当期值,742.5,万台,2021年6月,国家统计局
2021-07-01,家用电冰箱产量当期值,741.0,万台,2021年7月,国家统计局
2021-08-01,家用电冰箱产量当期值,736.4,万台,2021年8月,国家统计局
2021-09-01,家用电冰箱产量当期值,763.8,万台,2021年9月,国家统计局
2021-10-01,家用电冰箱产量当期值,763.6,万台,2021年10月,国家统计局
2021-11-01,家用电冰箱产量当期值,808.5,万台,2021年11月,国家统计局
2021-12-01,家用电冰箱产量当期值,757.8,万台,2021年12月,国家统计局
2022-01-01,家用电冰箱产量当期值,,万台,2022年1月,国家统计局
2022-02-01,家用电冰箱产量当期值,,万台,2022年2月,国家统计局
2022-03-01,家用电冰箱产量当期值,867.1,万台,2022年3月,国家统计局
2022-04-01,家用电冰箱产量当期值,652.4,万台,2022年4月,国家统计局
2022-05-01,家用电冰箱产量当期值,667.0,万台,2022年5月,国家统计局
2022-06-01,家用电冰箱产量当期值,734.4,万台,2022年6月,国家统计局
2022-07-01,家用电冰箱产量当期值,728.8,万台,2022年7月,国家统计局
2022-08-01,家用电冰箱产量当期值,702.3,万台,2022年8月,国家统计局
2022-09-01,家用电冰箱产量当期值,799.5,万台,2022年9月,国家统计局
2022-10-01,家用电冰箱产量当期值,690.0,万台,2022年10月,国家统计局
2022-11-01,家用电冰箱产量当期值,758.6,万台,2022年11月,国家统计局
2022-12-01,家用电冰箱产量当期值,745.1,万台,2022年12月,国家统计局
2023-01-01,家用电冰箱产量当期值,,万台,2023年1月,国家统计局
2023-02-01,家用电冰箱产量当期值,,万台,2023年2月,国家统计局
2023-03-01,家用电冰箱产量当期值,936.3,万台,2023年3月,国家统计局
2023-04-01,家用电冰箱产量当期值,840.9,万台,2023年4月,国家统计局
2023-05-01,家用电冰箱产量当期值,850.0,万台,2023年5月,国家统计局
2023-06-01,家用电冰箱产量当期值,875.0,万台,2023年6月,国家统计局
2023-07-01,家用电冰箱产量当期值,849.5,万台,2023年7月,国家统计局
2023-08-01,家用电冰箱产量当期值,838.3,万台,2023年8月,国家统计局
2023-09-01,家用电冰箱产量当期值,885.1,万台,2023年9月,国家统计局
2023-10-01,家用电冰箱产量当期值,827.2,万台,2023年10月,国家统计局
2023-11-01,家用电冰箱产量当期值,828.6,万台,2023年11月,国家统计局
2023-12-01,家用电冰箱产量当期值,817.3,万台,2023年12月,国家统计局
2024-01-01,家用电冰箱产量当期值,,万台,2024年1月,国家统计局
2024-02-01,家用电冰箱产量当期值,,万台,2024年2月,国家统计局
2024-03-01,家用电冰箱产量当期值,993.4,万台,2024年3月,国家统计局
2024-04-01,家用电冰箱产量当期值,933.6,万台,2024年4月,国家统计局
2024-05-01,家用电冰箱产量当期值,893.2,万台,2024年5月,国家统计局
2024-06-01,家用电冰箱产量当期值,871.8,万台,2024年6月,国家统计局
2024-07-01,家用电冰箱产量当期值,830.4,万台,2024年7月,国家统计局
2024-08-01,家用电冰箱产量当期值,897.7,万台,2024年8月,国家统计局
2024-09-01,家用电冰箱产量当期值,962.9,万台,2024年9月,国家统计局
2024-10-01,家用电冰箱产量当期值,897.1,万台,2024年10月,国家统计局
2024-11-01,家用电冰箱产量当期值,860.9,万台,2024年11月,国家统计局
2024-12-01,家用电冰箱产量当期值,899.1,万台,2024年12月,国家统计局
2025-01-01,家用电冰箱产量当期值,,万台,2025年1月,国家统计局
2025-02-01,家用电冰箱产量当期值,,万台,2025年2月,国家统计局
2025-03-01,家用电冰箱产量当期值,938.4,万台,2025年3月,国家统计局
2025-04-01,家用电冰箱产量当期值,817.9,万台,2025年4月,国家统计局
2025-05-01,家用电冰箱产量当期值,851.0,万台,2025年5月,国家统计局
2025-06-01,家用电冰箱产量当期值,904.7,万台,2025年6月,国家统计局
2025-07-01,家用电冰箱产量当期值,873.1,万台,2025年7月,国家统计局
2025-08-01,家用电冰箱产量当期值,945.3,万台,2025年8月,国家统计局
2025-09-01,家用电冰箱产量当期值,1012.8,万台,2025年9月,国家统计局
2025-10-01,家用电冰箱产量当期值,878.8,万台,2025年10月,国家统计局
2025-11-01,家用电冰箱产量当期值,944.2,万台,2025年11月,国家统计局
2025-12-01,家用电冰箱产量当期值,1001.1,万台,2025年12月,国家统计局
2026-01-01,家用电冰箱产量当期值,,万台,2026年1月,国家统计局
2026-02-01,家用电冰箱产量当期值,,万台,2026年2月,国家统计局
2026-03-01,家用电冰箱产量当期值,1093.9,万台,2026年3月,国家统计局
2026-04-01,家用电冰箱产量当期值,1010.5,万台,2026年4月,国家统计局
2026-05-01,家用电冰箱产量当期值,1009.1,万台,2026年5月,国家统计局
2016-01-01,汽车产量当期值,,万辆,2016年1月,国家统计局
2016-02-01,汽车产量当期值,,万辆,2016年2月,国家统计局
2016-03-01,汽车产量当期值,255.4,万辆,2016年3月,国家统计局
2016-04-01,汽车产量当期值,220.2,万辆,2016年4月,国家统计局
2016-05-01,汽车产量当期值,208.7,万辆,2016年5月,国家统计局
2016-06-01,汽车产量当期值,211.3,万辆,2016年6月,国家统计局
2016-07-01,汽车产量当期值,197.8,万辆,2016年7月,国家统计局
2016-08-01,汽车产量当期值,204.0,万辆,2016年8月,国家统计局
2016-09-01,汽车产量当期值,257.6,万辆,2016年9月,国家统计局
2016-10-01,汽车产量当期值,240.9,万辆,2016年10月,国家统计局
2016-11-01,汽车产量当期值,300.0,万辆,2016年11月,国家统计局
2016-12-01,汽车产量当期值,298.2,万辆,2016年12月,国家统计局
2017-01-01,汽车产量当期值,,万辆,2017年1月,国家统计局
2017-02-01,汽车产量当期值,,万辆,2017年2月,国家统计局
2017-03-01,汽车产量当期值,269.5,万辆,2017年3月,国家统计局
2017-04-01,汽车产量当期值,220.9,万辆,2017年4月,国家统计局
2017-05-01,汽车产量当期值,218.2,万辆,2017年5月,国家统计局
2017-06-01,汽车产量当期值,225.0,万辆,2017年6月,国家统计局
2017-07-01,汽车产量当期值,207.3,万辆,2017年7月,国家统计局
2017-08-01,汽车产量当期值,213.4,万辆,2017年8月,国家统计局
2017-09-01,汽车产量当期值,291.8,万辆,2017年9月,国家统计局
2017-10-01,汽车产量当期值,260.1,万辆,2017年10月,国家统计局
2017-11-01,汽车产量当期值,310.7,万辆,2017年11月,国家统计局
2017-12-01,汽车产量当期值,305.4,万辆,2017年12月,国家统计局
2018-01-01,汽车产量当期值,,万辆,2018年1月,国家统计局
2018-02-01,汽车产量当期值,,万辆,2018年2月,国家统计局
2018-03-01,汽车产量当期值,270.2,万辆,2018年3月,国家统计局
2018-04-01,汽车产量当期值,245.0,万辆,2018年4月,国家统计局
2018-05-01,汽车产量当期值,238.8,万辆,2018年5月,国家统计局
2018-06-01,汽车产量当期值,233.9,万辆,2018年6月,国家统计局
2018-07-01,汽车产量当期值,206.4,万辆,2018年7月,国家统计局
2018-08-01,汽车产量当期值,203.2,万辆,2018年8月,国家统计局
2018-09-01,汽车产量当期值,242.6,万辆,2018年9月,国家统计局
2018-10-01,汽车产量当期值,237.0,万辆,2018年10月,国家统计局
2018-11-01,汽车产量当期值,258.2,万辆,2018年11月,国家统计局
2018-12-01,汽车产量当期值,252.6,万辆,2018年12月,国家统计局
2019-01-01,汽车产量当期值,,万辆,2019年1月,国家统计局
2019-02-01,汽车产量当期值,,万辆,2019年2月,国家统计局
2019-03-01,汽车产量当期值,258.7,万辆,2019年3月,国家统计局
2019-04-01,汽车产量当期值,202.0,万辆,2019年4月,国家统计局
2019-05-01,汽车产量当期值,185.1,万辆,2019年5月,国家统计局
2019-06-01,汽车产量当期值,196.0,万辆,2019年6月,国家统计局
2019-07-01,汽车产量当期值,185.4,万辆,2019年7月,国家统计局
2019-08-01,汽车产量当期值,200.0,万辆,2019年8月,国家统计局
2019-09-01,汽车产量当期值,222.0,万辆,2019年9月,国家统计局
2019-10-01,汽车产量当期值,227.9,万辆,2019年10月,国家统计局
2019-11-01,汽车产量当期值,260.8,万辆,2019年11月,国家统计局
2019-12-01,汽车产量当期值,270.5,万辆,2019年12月,国家统计局
2020-01-01,汽车产量当期值,,万辆,2020年1月,国家统计局
2020-02-01,汽车产量当期值,,万辆,2020年2月,国家统计局
2020-03-01,汽车产量当期值,146.1,万辆,2020年3月,国家统计局
2020-04-01,汽车产量当期值,210.0,万辆,2020年4月,国家统计局
2020-05-01,汽车产量当期值,215.2,万辆,2020年5月,国家统计局
2020-06-01,汽车产量当期值,231.1,万辆,2020年6月,国家统计局
2020-07-01,汽车产量当期值,225.8,万辆,2020年7月,国家统计局
2020-08-01,汽车产量当期值,208.8,万辆,2020年8月,国家统计局
2020-09-01,汽车产量当期值,246.1,万辆,2020年9月,国家统计局
2020-10-01,汽车产量当期值,248.1,万辆,2020年10月,国家统计局
2020-11-01,汽车产量当期值,278.3,万辆,2020年11月,国家统计局
2020-12-01,汽车产量当期值,280.4,万辆,2020年12月,国家统计局
2021-01-01,汽车产量当期值,,万辆,2021年1月,国家统计局
2021-02-01,汽车产量当期值,,万辆,2021年2月,国家统计局
2021-03-01,汽车产量当期值,251.7,万辆,2021年3月,国家统计局
2021-04-01,汽车产量当期值,227.3,万辆,2021年4月,国家统计局
2021-05-01,汽车产量当期值,209.6,万辆,2021年5月,国家统计局
2021-06-01,汽车产量当期值,203.8,万辆,2021年6月,国家统计局
2021-07-01,汽车产量当期值,185.3,万辆,2021年7月,国家统计局
2021-08-01,汽车产量当期值,173.4,万辆,2021年8月,国家统计局
2021-09-01,汽车产量当期值,218.6,万辆,2021年9月,国家统计局
2021-10-01,汽车产量当期值,234.4,万辆,2021年10月,国家统计局
2021-11-01,汽车产量当期值,267.3,万辆,2021年11月,国家统计局
2021-12-01,汽车产量当期值,296.6,万辆,2021年12月,国家统计局
2022-01-01,汽车产量当期值,,万辆,2022年1月,国家统计局
2022-02-01,汽车产量当期值,,万辆,2022年2月,国家统计局
2022-03-01,汽车产量当期值,238.7,万辆,2022年3月,国家统计局
2022-04-01,汽车产量当期值,128.2,万辆,2022年4月,国家统计局
2022-05-01,汽车产量当期值,199.3,万辆,2022年5月,国家统计局
2022-06-01,汽车产量当期值,257.7,万辆,2022年6月,国家统计局
2022-07-01,汽车产量当期值,244.5,万辆,2022年7月,国家统计局
2022-08-01,汽车产量当期值,242.6,万辆,2022年8月,国家统计局
2022-09-01,汽车产量当期值,275.8,万辆,2022年9月,国家统计局
2022-10-01,汽车产量当期值,255.9,万辆,2022年10月,国家统计局
2022-11-01,汽车产量当期值,242.3,万辆,2022年11月,国家统计局
2022-12-01,汽车产量当期值,248.8,万辆,2022年12月,国家统计局
2023-01-01,汽车产量当期值,,万辆,2023年1月,国家统计局
2023-02-01,汽车产量当期值,,万辆,2023年2月,国家统计局
2023-03-01,汽车产量当期值,260.8,万辆,2023年3月,国家统计局
2023-04-01,汽车产量当期值,201.8,万辆,2023年4月,国家统计局
2023-05-01,汽车产量当期值,230.7,万辆,2023年5月,国家统计局
2023-06-01,汽车产量当期值,256.4,万辆,2023年6月,国家统计局
2023-07-01,汽车产量当期值,232.4,万辆,2023年7月,国家统计局
2023-08-01,汽车产量当期值,251.3,万辆,2023年8月,国家统计局
2023-09-01,汽车产量当期值,283.3,万辆,2023年9月,国家统计局
2023-10-01,汽车产量当期值,277.9,万辆,2023年10月,国家统计局
2023-11-01,汽车产量当期值,295.3,万辆,2023年11月,国家统计局
2023-12-01,汽车产量当期值,304.0,万辆,2023年12月,国家统计局
2024-01-01,汽车产量当期值,,万辆,2024年1月,国家统计局
2024-02-01,汽车产量当期值,,万辆,2024年2月,国家统计局
2024-03-01,汽车产量当期值,279.4,万辆,2024年3月,国家统计局
2024-04-01,汽车产量当期值,234.6,万辆,2024年4月,国家统计局
2024-05-01,汽车产量当期值,235.3,万辆,2024年5月,国家统计局
2024-06-01,汽车产量当期值,261.3,万辆,2024年6月,国家统计局
2024-07-01,汽车产量当期值,229.7,万辆,2024年7月,国家统计局
2024-08-01,汽车产量当期值,251.1,万辆,2024年8月,国家统计局
2024-09-01,汽车产量当期值,283.9,万辆,2024年9月,国家统计局
2024-10-01,汽车产量当期值,295.4,万辆,2024年10月,国家统计局
2024-11-01,汽车产量当期值,344.8,万辆,2024年11月,国家统计局
2024-12-01,汽车产量当期值,349.9,万辆,2024年12月,国家统计局
2025-01-01,汽车产量当期值,,万辆,2025年1月,国家统计局
2025-02-01,汽车产量当期值,,万辆,2025年2月,国家统计局
2025-03-01,汽车产量当期值,304.5,万辆,2025年3月,国家统计局
2025-04-01,汽车产量当期值,260.4,万辆,2025年4月,国家统计局
2025-05-01,汽车产量当期值,264.2,万辆,2025年5月,国家统计局
2025-06-01,汽车产量当期值,280.9,万辆,2025年6月,国家统计局
2025-07-01,汽车产量当期值,251.0,万辆,2025年7月,国家统计局
2025-08-01,汽车产量当期值,275.2,万辆,2025年8月,国家统计局
2025-09-01,汽车产量当期值,322.7,万辆,2025年9月,国家统计局
2025-10-01,汽车产量当期值,327.9,万辆,2025年10月,国家统计局
2025-11-01,汽车产量当期值,351.9,万辆,2025年11月,国家统计局
2025-12-01,汽车产量当期值,341.2,万辆,2025年12月,国家统计局
2026-01-01,汽车产量当期值,,万辆,2026年1月,国家统计局
2026-02-01,汽车产量当期值,,万辆,2026年2月,国家统计局
2026-03-01,汽车产量当期值,306.7,万辆,2026年3月,国家统计局
2026-04-01,汽车产量当期值,256.4,万辆,2026年4月,国家统计局
2026-05-01,汽车产量当期值,258.2,万辆,2026年5月,国家统计局
2016-01-01,新能源汽车产量当期值,,万辆,2016年1月,国家统计局
2016-02-01,新能源汽车产量当期值,,万辆,2016年2月,国家统计局
2016-03-01,新能源汽车产量当期值,,万辆,2016年3月,国家统计局
2016-04-01,新能源汽车产量当期值,,万辆,2016年4月,国家统计局
2016-05-01,新能源汽车产量当期值,,万辆,2016年5月,国家统计局
2016-06-01,新能源汽车产量当期值,,万辆,2016年6月,国家统计局
2016-07-01,新能源汽车产量当期值,,万辆,2016年7月,国家统计局
2016-08-01,新能源汽车产量当期值,,万辆,2016年8月,国家统计局
2016-09-01,新能源汽车产量当期值,,万辆,2016年9月,国家统计局
2016-10-01,新能源汽车产量当期值,,万辆,2016年10月,国家统计局
2016-11-01,新能源汽车产量当期值,,万辆,2016年11月,国家统计局
2016-12-01,新能源汽车产量当期值,,万辆,2016年12月,国家统计局
2017-01-01,新能源汽车产量当期值,,万辆,2017年1月,国家统计局
2017-02-01,新能源汽车产量当期值,,万辆,2017年2月,国家统计局
2017-03-01,新能源汽车产量当期值,,万辆,2017年3月,国家统计局
2017-04-01,新能源汽车产量当期值,,万辆,2017年4月,国家统计局
2017-05-01,新能源汽车产量当期值,,万辆,2017年5月,国家统计局
2017-06-01,新能源汽车产量当期值,,万辆,2017年6月,国家统计局
2017-07-01,新能源汽车产量当期值,,万辆,2017年7月,国家统计局
2017-08-01,新能源汽车产量当期值,,万辆,2017年8月,国家统计局
2017-09-01,新能源汽车产量当期值,,万辆,2017年9月,国家统计局
2017-10-01,新能源汽车产量当期值,,万辆,2017年10月,国家统计局
2017-11-01,新能源汽车产量当期值,,万辆,2017年11月,国家统计局
2017-12-01,新能源汽车产量当期值,,万辆,2017年12月,国家统计局
2018-01-01,新能源汽车产量当期值,,万辆,2018年1月,国家统计局
2018-02-01,新能源汽车产量当期值,,万辆,2018年2月,国家统计局
2018-03-01,新能源汽车产量当期值,,万辆,2018年3月,国家统计局
2018-04-01,新能源汽车产量当期值,,万辆,2018年4月,国家统计局
2018-05-01,新能源汽车产量当期值,,万辆,2018年5月,国家统计局
2018-06-01,新能源汽车产量当期值,,万辆,2018年6月,国家统计局
2018-07-01,新能源汽车产量当期值,,万辆,2018年7月,国家统计局
2018-08-01,新能源汽车产量当期值,,万辆,2018年8月,国家统计局
2018-09-01,新能源汽车产量当期值,,万辆,2018年9月,国家统计局
2018-10-01,新能源汽车产量当期值,,万辆,2018年10月,国家统计局
2018-11-01,新能源汽车产量当期值,,万辆,2018年11月,国家统计局
2018-12-01,新能源汽车产量当期值,,万辆,2018年12月,国家统计局
2019-01-01,新能源汽车产量当期值,,万辆,2019年1月,国家统计局
2019-02-01,新能源汽车产量当期值,,万辆,2019年2月,国家统计局
2019-03-01,新能源汽车产量当期值,,万辆,2019年3月,国家统计局
2019-04-01,新能源汽车产量当期值,,万辆,2019年4月,国家统计局
2019-05-01,新能源汽车产量当期值,,万辆,2019年5月,国家统计局
2019-06-01,新能源汽车产量当期值,,万辆,2019年6月,国家统计局
2019-07-01,新能源汽车产量当期值,,万辆,2019年7月,国家统计局
2019-08-01,新能源汽车产量当期值,,万辆,2019年8月,国家统计局
2019-09-01,新能源汽车产量当期值,,万辆,2019年9月,国家统计局
2019-10-01,新能源汽车产量当期值,,万辆,2019年10月,国家统计局
2019-11-01,新能源汽车产量当期值,,万辆,2019年11月,国家统计局
2019-12-01,新能源汽车产量当期值,,万辆,2019年12月,国家统计局
2020-01-01,新能源汽车产量当期值,,万辆,2020年1月,国家统计局
2020-02-01,新能源汽车产量当期值,,万辆,2020年2月,国家统计局
2020-03-01,新能源汽车产量当期值,,万辆,2020年3月,国家统计局
2020-04-01,新能源汽车产量当期值,,万辆,2020年4月,国家统计局
2020-05-01,新能源汽车产量当期值,,万辆,2020年5月,国家统计局
2020-06-01,新能源汽车产量当期值,,万辆,2020年6月,国家统计局
2020-07-01,新能源汽车产量当期值,,万辆,2020年7月,国家统计局
2020-08-01,新能源汽车产量当期值,,万辆,2020年8月,国家统计局
2020-09-01,新能源汽车产量当期值,,万辆,2020年9月,国家统计局
2020-10-01,新能源汽车产量当期值,,万辆,2020年10月,国家统计局
2020-11-01,新能源汽车产量当期值,,万辆,2020年11月,国家统计局
2020-12-01,新能源汽车产量当期值,,万辆,2020年12月,国家统计局
2021-01-01,新能源汽车产量当期值,,万辆,2021年1月,国家统计局
2021-02-01,新能源汽车产量当期值,,万辆,2021年2月,国家统计局
2021-03-01,新能源汽车产量当期值,577.7,万辆,2021年3月,国家统计局
2021-04-01,新能源汽车产量当期值,409.9,万辆,2021年4月,国家统计局
2021-05-01,新能源汽车产量当期值,499.8,万辆,2021年5月,国家统计局
2021-06-01,新能源汽车产量当期值,504.3,万辆,2021年6月,国家统计局
2021-07-01,新能源汽车产量当期值,512.7,万辆,2021年7月,国家统计局
2021-08-01,新能源汽车产量当期值,481.8,万辆,2021年8月,国家统计局
2021-09-01,新能源汽车产量当期值,525.7,万辆,2021年9月,国家统计局
2021-10-01,新能源汽车产量当期值,567.2,万辆,2021年10月,国家统计局
2021-11-01,新能源汽车产量当期值,934.7,万辆,2021年11月,国家统计局
2021-12-01,新能源汽车产量当期值,748.3,万辆,2021年12月,国家统计局
2022-01-01,新能源汽车产量当期值,,万辆,2022年1月,国家统计局
2022-02-01,新能源汽车产量当期值,,万辆,2022年2月,国家统计局
2022-03-01,新能源汽车产量当期值,426.2,万辆,2022年3月,国家统计局
2022-04-01,新能源汽车产量当期值,501.9,万辆,2022年4月,国家统计局
2022-05-01,新能源汽车产量当期值,571.9,万辆,2022年5月,国家统计局
2022-06-01,新能源汽车产量当期值,583.8,万辆,2022年6月,国家统计局
2022-07-01,新能源汽车产量当期值,487.6,万辆,2022年7月,国家统计局
2022-08-01,新能源汽车产量当期值,616.5,万辆,2022年8月,国家统计局
2022-09-01,新能源汽车产量当期值,695.6,万辆,2022年9月,国家统计局
2022-10-01,新能源汽车产量当期值,552.6,万辆,2022年10月,国家统计局
2022-11-01,新能源汽车产量当期值,585.0,万辆,2022年11月,国家统计局
2022-12-01,新能源汽车产量当期值,627.0,万辆,2022年12月,国家统计局
2023-01-01,新能源汽车产量当期值,,万辆,2023年1月,国家统计局
2023-02-01,新能源汽车产量当期值,,万辆,2023年2月,国家统计局
2023-03-01,新能源汽车产量当期值,66.8,万辆,2023年3月,国家统计局
2023-04-01,新能源汽车产量当期值,58.6,万辆,2023年4月,国家统计局
2023-05-01,新能源汽车产量当期值,67.5,万辆,2023年5月,国家统计局
2023-06-01,新能源汽车产量当期值,74.9,万辆,2023年6月,国家统计局
2023-07-01,新能源汽车产量当期值,75.2,万辆,2023年7月,国家统计局
2023-08-01,新能源汽车产量当期值,80.0,万辆,2023年8月,国家统计局
2023-09-01,新能源汽车产量当期值,84.7,万辆,2023年9月,国家统计局
2023-10-01,新能源汽车产量当期值,92.7,万辆,2023年10月,国家统计局
2023-11-01,新能源汽车产量当期值,100.6,万辆,2023年11月,国家统计局
2023-12-01,新能源汽车产量当期值,114.1,万辆,2023年12月,国家统计局
2024-01-01,新能源汽车产量当期值,,万辆,2024年1月,国家统计局
2024-02-01,新能源汽车产量当期值,,万辆,2024年2月,国家统计局
2024-03-01,新能源汽车产量当期值,88.4,万辆,2024年3月,国家统计局
2024-04-01,新能源汽车产量当期值,83.1,万辆,2024年4月,国家统计局
2024-05-01,新能源汽车产量当期值,92.2,万辆,2024年5月,国家统计局
2024-06-01,新能源汽车产量当期值,102.5,万辆,2024年6月,国家统计局
2024-07-01,新能源汽车产量当期值,98.8,万辆,2024年7月,国家统计局
2024-08-01,新能源汽车产量当期值,110.5,万辆,2024年8月,国家统计局
2024-09-01,新能源汽车产量当期值,130.8,万辆,2024年9月,国家统计局
2024-10-01,新能源汽车产量当期值,142.8,万辆,2024年10月,国家统计局
2024-11-01,新能源汽车产量当期值,157.4,万辆,2024年11月,国家统计局
2024-12-01,新能源汽车产量当期值,164.7,万辆,2024年12月,国家统计局
2025-01-01,新能源汽车产量当期值,,万辆,2025年1月,国家统计局
2025-02-01,新能源汽车产量当期值,,万辆,2025年2月,国家统计局
2025-03-01,新能源汽车产量当期值,129.8,万辆,2025年3月,国家统计局
2025-04-01,新能源汽车产量当期值,122.8,万辆,2025年4月,国家统计局
2025-05-01,新能源汽车产量当期值,124.5,万辆,2025年5月,国家统计局
2025-06-01,新能源汽车产量当期值,123.4,万辆,2025年6月,国家统计局
2025-07-01,新能源汽车产量当期值,117.6,万辆,2025年7月,国家统计局
2025-08-01,新能源汽车产量当期值,133.3,万辆,2025年8月,国家统计局
2025-09-01,新能源汽车产量当期值,158.0,万辆,2025年9月,国家统计局
2025-10-01,新能源汽车产量当期值,171.0,万辆,2025年10月,国家统计局
2025-11-01,新能源汽车产量当期值,184.1,万辆,2025年11月,国家统计局
2025-12-01,新能源汽车产量当期值,179.1,万辆,2025年12月,国家统计局
2026-01-01,新能源汽车产量当期值,,万辆,2026年1月,国家统计局
2026-02-01,新能源汽车产量当期值,,万辆,2026年2月,国家统计局
2026-03-01,新能源汽车产量当期值,133.6,万辆,2026年3月,国家统计局
2026-04-01,新能源汽车产量当期值,129.6,万辆,2026年4月,国家统计局
2026-05-01,新能源汽车产量当期值,148.9,万辆,2026年5月,国家统计局
