月份,中国经济政策不确定性指数,中国贸易政策不确定性指数,全球经济政策不确定性指数,中国经济政策不确定性指数_变化,中国经济政策不确定性指数_环比,中国贸易政策不确定性指数_变化,中国贸易政策不确定性指数_环比,全球经济政策不确定性指数_变化,全球经济政策不确定性指数_环比
1949-10-01,87.2373217864418,,,,,,,,
1949-11-01,40.5456269269636,,,-46.6916948594782,-53.52261383468435,,,,
1949-12-01,40.0747425066627,,,-0.47088442030089794,-1.1613691931539716,,,,
1950-01-01,39.4241002651234,,,-0.6506422415393018,-1.6235718580877467,,,,
1950-02-01,200.476593624438,,,161.0524933593146,408.512793637018,,,,
1950-03-01,87.4157852094806,,,-113.0608084149574,-56.39601430317567,,,,
1950-04-01,173.327102234217,,,85.91131702473639,98.27895135742482,,,,
1950-05-01,90.3371243623844,,,-82.9899778718326,-47.880554628835945,,,,
1950-06-01,668.868176104951,,,578.5310517425665,640.4134023812937,,,,
1950-07-01,266.844369345541,,,-402.02380675941,-60.105088135682074,,,,
1950-08-01,225.817263171872,,,-41.02710617366898,-15.374919198891668,,,,
1950-09-01,186.468369570251,,,-39.348893601621,-17.425104285172445,,,,
1950-10-01,251.652721215202,,,65.184351644951,34.957323751572304,,,,
1950-11-01,186.787118919943,,,-64.86560229525901,-25.775839808936098,,,,
1950-12-01,152.465881650588,,,-34.32123726935501,-18.374520399377804,,,,
1951-01-01,108.007727113552,,,-44.458154537035995,-29.159411965309378,,,,
1951-02-01,327.685314614383,,,219.677587500831,203.3906215523607,,,,
1951-03-01,213.623898505672,,,-114.061416108711,-34.80821721990728,,,,
1951-04-01,423.839556625181,,,210.215658119509,98.40456034647616,,,,
1951-05-01,97.6355602991813,,,-326.2039963259997,-76.96402830434147,,,,
1951-06-01,249.765061780406,,,152.1295014812247,155.81362058563445,,,,
1951-07-01,324.507669933317,,,74.742608152911,29.925165521599205,,,,
1951-08-01,111.468008310516,,,-213.03966162280102,-65.65011596384716,,,,
1951-09-01,399.289639259679,,,287.821630949163,258.21007777171315,,,,
1951-10-01,525.061726504422,,,125.77208724474303,31.498960874100423,,,,
1951-11-01,611.993559928603,,,86.93183342418092,16.556497843201456,,,,
1951-12-01,436.672353883866,,,-175.32120604473698,-28.647557347693407,,,,
1952-01-01,509.663382677666,,,72.99102879380001,16.715285074633357,,,,
1952-02-01,358.078359902062,,,-151.585022775604,-29.742184337279177,,,,
1952-03-01,359.516928272694,,,1.4385683706319696,0.4017468050918849,,,,
1952-04-01,232.490350145036,,,-127.02657812765798,-35.33257216508821,,,,
1952-05-01,55.0480929814444,,,-177.4422571635916,-76.3224181360201,,,,
1952-06-01,116.971059305798,,,61.922966324353595,112.4888492417468,,,,
1952-07-01,104.89964598544,,,-12.07141332035799,-10.319999999999684,,,,
1952-08-01,51.5426719661165,,,-53.3569740193235,-50.864779874213696,,,,
1952-09-01,293.737807978943,,,242.1951360128265,469.89247311827864,,,,
1952-10-01,146.018438175724,,,-147.71936980321902,-50.28953229398665,,,,
1952-11-01,133.25666410752,,,-12.761774068203977,-8.739837398374295,,,,
1952-12-01,312.20132733762,,,178.9446632301,134.28571428571553,,,,
1953-01-01,612.737178156923,,,300.53585081930305,96.26347632221892,,,,
1953-02-01,789.137530815803,,,176.4003526588799,28.788909657723337,,,,
1953-03-01,262.138843524014,,,-526.9986872917889,-66.78160228255557,,,,
1953-04-01,550.400762907658,,,288.26191938364394,109.96535862768341,,,,
1953-05-01,454.828179581361,,,-95.57258332629698,-17.364180751023305,,,,
1953-06-01,552.719997710675,,,97.891818129314,21.522812904736234,,,,
1953-07-01,466.469879995292,,,-86.250117715383,-15.60466747586926,,,,
1953-08-01,118.343463431227,,,-348.126416564065,-74.62998823580604,,,,
1953-09-01,200.583664737966,,,82.240201306739,69.49281263390714,,,,
1953-10-01,573.214632187274,,,372.630967449308,185.7733369943646,,,,
1953-11-01,264.707276351504,,,-308.50735583577,-53.820565371572386,,,,
1953-12-01,319.88588936059,,,55.17861300908601,20.845144028384954,,,,
1954-01-01,66.0248979237518,,,-253.86099143683822,-79.35985921238135,,,,
1954-02-01,210.847541032095,,,144.8226431083432,219.34550095872956,,,,
1954-03-01,434.728776233145,,,223.88123520105003,106.18157276350261,,,,
1954-04-01,234.432710577785,,,-200.29606565536002,-46.07379971275268,,,,
1954-05-01,160.429719594372,,,-74.00299098341301,-31.56683672727435,,,,
1954-06-01,174.600588317324,,,14.170868722952008,8.833069557673866,,,,
1954-07-01,154.012431507308,,,-20.588156810015988,-11.79157356136653,,,,
1954-08-01,49.9331902063216,,,-104.07924130098641,-67.57846771352854,,,,
1954-09-01,524.675454400328,,,474.74226419400645,950.7549231931581,,,,
1954-10-01,111.216757830195,,,-413.45869657013304,-78.80275189215608,,,,
1954-11-01,204.581446831737,,,93.364689001542,83.94840024386485,,,,
1954-12-01,268.917045516098,,,64.33559868436103,31.44742579578852,,,,
1955-01-01,150.833463360966,,,-118.08358215513204,-43.91078368740418,,,,
1955-02-01,73.4534994360265,,,-77.37996392493949,-51.30158931626345,,,,
1955-03-01,0.0,,,-73.4534994360265,-100.0,,,,
1955-04-01,102.201525706781,,,102.201525706781,inf,,,,
1955-05-01,147.31366262292,,,45.112136916138994,44.140375208846635,,,,
1955-06-01,263.654874602095,,,116.341211979175,78.97516761698782,,,,
1955-07-01,677.324191664716,,,413.66931706262096,156.8980348597484,,,,
1955-08-01,210.672427149683,,,-466.65176451503294,-68.89636753828387,,,,
1955-09-01,114.248519910523,,,-96.42390723915999,-45.769590517249185,,,,
1955-10-01,112.814847348773,,,-1.4336725617500008,-1.254871890570508,,,,
1955-11-01,220.983215826569,,,108.168368477796,95.88132326535693,,,,
1955-12-01,0.0,,,-220.983215826569,-100.0,,,,
1956-01-01,172.213901908114,,,172.213901908114,inf,,,,
1956-02-01,250.897640073456,,,78.68373816534199,45.68953916817022,,,,
1956-03-01,105.05898768345,,,-145.838652390006,-58.12675334343855,,,,
1956-04-01,130.233117658716,,,25.174129975266,23.961900386016843,,,,
1956-05-01,42.9072504848823,,,-87.3258671738337,-67.05350278312201,,,,
1956-06-01,265.246090934946,,,222.33884045006369,518.1847774851043,,,,
1956-07-01,43.0198679402232,,,-222.22622299472278,-83.78114912510654,,,,
1956-08-01,83.5328327036156,,,40.5129647633924,94.17268509444476,,,,
1956-09-01,268.908563516449,,,185.3757308128334,221.9196031224854,,,,
1956-10-01,0.0,,,-268.908563516449,-100.0,,,,
1956-11-01,68.2872478976946,,,68.2872478976946,inf,,,,
1956-12-01,289.463019596112,,,221.1757716984174,323.8902994447436,,,,
1957-01-01,325.970146367128,,,36.507126771015976,12.612017528855457,,,,
1957-02-01,0.0,,,-325.970146367128,-100.0,,,,
1957-03-01,118.93383898576,,,118.93383898576,inf,,,,
1957-04-01,32.4244701982691,,,-86.5093687874909,-72.73738872403564,,,,
1957-05-01,583.335131513184,,,550.9106613149149,1699.058328312559,,,,
1957-06-01,219.539473560577,,,-363.79565795260703,-62.36477768944126,,,,
1957-07-01,141.756278358703,,,-77.78319520187398,-35.43016385179199,,,,
1957-08-01,0.0,,,-141.756278358703,-100.0,,,,
1957-09-01,273.523627589274,,,273.523627589274,inf,,,,
1957-10-01,0.0,,,-273.523627589274,-100.0,,,,
1957-11-01,0.0,,,0.0,,,,,
1957-12-01,140.45391438475,,,140.45391438475,inf,,,,
1958-01-01,0.0,,,-140.45391438475,-100.0,,,,
1958-02-01,132.315396046216,,,132.315396046216,inf,,,,
1958-03-01,99.8703555570262,,,-32.44504048918979,-24.5209865659603,,,,
1958-04-01,94.8116829224877,,,-5.058672634538496,-5.065239435990576,,,,
1958-05-01,112.642254348491,,,17.83057142600329,18.80630200455411,,,,
1958-06-01,56.0121988388725,,,-56.630055509618494,-50.27425617248146,,,,
1958-07-01,24.3183526487018,,,-31.6938461901707,-56.58382789317521,,,,
1958-08-01,52.9796191845658,,,28.661266535863998,117.85858585858624,,,,
1958-09-01,0.0,,,-52.9796191845658,-100.0,,,,
1958-10-01,0.0,,,0.0,,,,,
1958-11-01,32.2331753888398,,,32.2331753888398,inf,,,,
1958-12-01,0.0,,,-32.2331753888398,-100.0,,,,
1959-01-01,69.6052922045435,,,69.6052922045435,inf,,,,
1959-02-01,171.516752755788,,,101.91146055124449,146.41337939041392,,,,
1959-03-01,101.918090045784,,,-69.59866271000399,-40.578346774732374,,,,
1959-04-01,73.6678578974157,,,-28.250232148368298,-27.718565110156234,,,,
1959-05-01,28.5549994516116,,,-45.1128584458041,-61.2381841055089,,,,
1959-06-01,0.0,,,-28.5549994516116,-100.0,,,,
1959-07-01,30.2828077325174,,,30.2828077325174,inf,,,,
1959-08-01,0.0,,,-30.2828077325174,-100.0,,,,
1959-09-01,,,,,,,,,
1959-10-01,35.210676015521,,,,,,,,
1959-11-01,32.6018293092492,,,-2.6088467062718053,-7.409249129786133,,,,
1959-12-01,116.735173810913,,,84.1333445016638,258.0632629648025,,,,
1960-01-01,0.0,,,-116.735173810913,-100.0,,,,
1960-02-01,0.0,,,0.0,,,,,
1960-03-01,,,,,,,,,
1960-04-01,272.388056291369,,,,,,,,
1960-05-01,0.0,,,-272.388056291369,-100.0,,,,
1960-06-01,105.591558200428,,,105.591558200428,inf,,,,
1960-07-01,180.095749691695,,,74.50419149126701,70.55885220468792,,,,
1960-08-01,0.0,,,-180.095749691695,-100.0,,,,
1960-09-01,33.5528550362846,,,33.5528550362846,inf,,,,
1960-10-01,31.966006212043,,,-1.5868488242415992,-4.729400292540098,,,,
1960-11-01,182.9617757545,,,150.995769542457,472.3635744197855,,,,
1960-12-01,0.0,,,-182.9617757545,-100.0,,,,
1961-01-01,0.0,,,0.0,,,,,
1961-02-01,186.989031897638,,,186.989031897638,inf,,,,
1961-03-01,32.1068945841823,,,-154.8821373134557,-82.82953055676639,,,,
1961-04-01,0.0,,,-32.1068945841823,-100.0,,,,
1961-05-01,173.355779863179,,,173.355779863179,inf,,,,
1961-06-01,124.302649729085,,,-49.053130134094005,-28.29621843171838,,,,
1961-07-01,34.7995110089704,,,-89.5031387201146,-72.00420820890368,,,,
1961-08-01,76.8838151457293,,,42.0843041367589,120.93360773348417,,,,
1961-09-01,195.562105393716,,,118.6782902479867,154.36056343332876,,,,
1961-10-01,0.0,,,-195.562105393716,-100.0,,,,
1961-11-01,75.4288425483499,,,75.4288425483499,inf,,,,
1961-12-01,75.6549030155278,,,0.22606046717788786,0.29970029970032286,,,,
1962-01-01,161.300442850997,,,85.64553983546921,113.20553780617612,,,,
1962-02-01,0.0,,,-161.300442850997,-100.0,,,,
1962-03-01,37.0617743023743,,,37.0617743023743,inf,,,,
1962-04-01,77.2760795087177,,,40.2143052063434,108.50615212927659,,,,
1962-05-01,0.0,,,-77.2760795087177,-100.0,,,,
1962-06-01,74.8325671131851,,,74.8325671131851,inf,,,,
1962-07-01,0.0,,,-74.8325671131851,-100.0,,,,
1962-08-01,223.393976160894,,,223.393976160894,inf,,,,
1962-09-01,46.4651160459959,,,-176.9288601148981,-79.20037198651653,,,,
1962-10-01,0.0,,,-46.4651160459959,-100.0,,,,
1962-11-01,0.0,,,0.0,,,,,
1962-12-01,71.7145434834691,,,71.7145434834691,inf,,,,
1963-01-01,48.3141331915256,,,-23.4004102919435,-32.629936907201426,,,,
1963-02-01,50.0857744391904,,,1.7716412476648031,3.6669213139801426,,,,
1963-03-01,123.051357175574,,,72.9655827363836,145.68125092080143,,,,
1963-04-01,79.8845547663959,,,-43.1668024091781,-35.08031394370255,,,,
1963-05-01,0.0,,,-79.8845547663959,-100.0,,,,
1963-06-01,82.5851231390876,,,82.5851231390876,inf,,,,
1963-07-01,84.2386628682351,,,1.6535397291474965,2.002224694104582,,,,
1963-08-01,178.106308918668,,,93.8676460504329,111.4305983195143,,,,
1963-09-01,0.0,,,-178.106308918668,-100.0,,,,
1963-10-01,217.664667513226,,,217.664667513226,inf,,,,
1963-11-01,50.9815542308711,,,-166.6831132823549,-76.57793760773171,,,,
1963-12-01,49.9331902063216,,,-1.0483640245494996,-2.0563594821020215,,,,
1964-01-01,85.6680519440536,,,35.734861737732004,71.56534879921999,,,,
1964-02-01,220.467417521232,,,134.79936557717838,157.35080058224096,,,,
1964-03-01,49.5932516950834,,,-170.87416582614858,-77.50540544599642,,,,
1964-04-01,0.0,,,-49.5932516950834,-100.0,,,,
1964-05-01,94.6631973981792,,,94.6631973981792,inf,,,,
1964-06-01,178.450843225949,,,83.78764582776981,88.51132027089277,,,,
1964-07-01,46.3665337630129,,,-132.0843094629361,-74.01719547813791,,,,
1964-08-01,48.5287037312363,,,2.1621699682233952,4.663212435233155,,,,
1964-09-01,94.0752272280042,,,45.5465234967679,93.85481167808554,,,,
1964-10-01,125.236491286164,,,31.1612640581598,33.12377230047632,,,,
1964-11-01,191.965926282746,,,66.72943499658201,53.28274076611264,,,,
1964-12-01,43.1330781190133,,,-148.8328481637327,-77.53086761059735,,,,
1965-01-01,203.655534597481,,,160.5224564784677,372.15627420689117,,,,
1965-02-01,0.0,,,-203.655534597481,-100.0,,,,
1965-03-01,262.414373859757,,,262.414373859757,inf,,,,
1965-04-01,72.8874694173432,,,-189.5269044424138,-72.22428468941389,,,,
1965-05-01,73.7068900965714,,,0.8194206792282017,1.1242270938730536,,,,
1965-06-01,0.0,,,-73.7068900965714,-100.0,,,,
1965-07-01,70.1200842148666,,,70.1200842148666,inf,,,,
1965-08-01,162.015109474105,,,91.89502525923841,131.05378621287392,,,,
1965-09-01,0.0,,,-162.015109474105,-100.0,,,,
1965-10-01,33.6562005856777,,,33.6562005856777,inf,,,,
1965-11-01,93.7259380179992,,,60.069737432321496,178.48044754607267,,,,
1965-12-01,0.0,,,-93.7259380179992,-100.0,,,,
1966-01-01,405.479701163257,,,405.479701163257,inf,,,,
1966-02-01,167.628890235311,,,-237.85081092794601,-58.65911665752681,,,,
1966-03-01,159.648406024919,,,-7.980484210391978,-4.760804774874594,,,,
1966-04-01,393.668551011403,,,234.02014498648398,146.58470498600315,,,,
1966-05-01,149.075901414455,,,-244.592649596948,-62.13162036148099,,,,
1966-06-01,0.0,,,-149.075901414455,-100.0,,,,
1966-07-01,227.836514575498,,,227.836514575498,inf,,,,
1966-08-01,0.0,,,-227.836514575498,-100.0,,,,
1966-09-01,0.0,,,0.0,,,,,
1966-10-01,0.0,,,0.0,,,,,
1966-11-01,0.0,,,0.0,,,,,
1966-12-01,196.270128817784,,,196.270128817784,inf,,,,
1967-01-01,0.0,,,-196.270128817784,-100.0,,,,
1967-02-01,0.0,,,0.0,,,,,
1967-03-01,0.0,,,0.0,,,,,
1967-04-01,0.0,,,0.0,,,,,
1967-05-01,0.0,,,0.0,,,,,
1967-06-01,0.0,,,0.0,,,,,
1967-07-01,334.425614648901,,,334.425614648901,inf,,,,
1967-08-01,136.304113806445,,,-198.121500842456,-59.242322407168245,,,,
1967-09-01,0.0,,,-136.304113806445,-100.0,,,,
1967-10-01,0.0,,,0.0,,,,,
1967-11-01,0.0,,,0.0,,,,,
1967-12-01,133.392225312106,,,133.392225312106,inf,,,,
1968-01-01,0.0,,,-133.392225312106,-100.0,,,,
1968-02-01,0.0,,,0.0,,,,,
1968-03-01,0.0,,,0.0,,,,,
1968-04-01,0.0,,,0.0,,,,,
1968-05-01,0.0,,,0.0,,,,,
1968-06-01,0.0,,,0.0,,,,,
1968-07-01,0.0,,,0.0,,,,,
1968-08-01,0.0,,,0.0,,,,,
1968-09-01,0.0,,,0.0,,,,,
1968-10-01,81.7484772330427,,,81.7484772330427,inf,,,,
1968-11-01,81.0411356500621,,,-0.7073415829806038,-0.8652657601977864,,,,
1968-12-01,0.0,,,-81.0411356500621,-100.0,,,,
1969-01-01,0.0,,,0.0,,,,,
1969-02-01,0.0,,,0.0,,,,,
1969-03-01,0.0,,,0.0,,,,,
1969-04-01,0.0,,,0.0,,,,,
1969-05-01,0.0,,,0.0,,,,,
1969-06-01,0.0,,,0.0,,,,,
1969-07-01,0.0,,,0.0,,,,,
1969-08-01,0.0,,,0.0,,,,,
1969-09-01,0.0,,,0.0,,,,,
1969-10-01,0.0,,,0.0,,,,,
1969-11-01,0.0,,,0.0,,,,,
1969-12-01,0.0,,,0.0,,,,,
1970-01-01,0.0,,,0.0,,,,,
1970-02-01,275.542112700356,,,275.542112700356,inf,,,,
1970-03-01,0.0,,,-275.542112700356,-100.0,,,,
1970-04-01,0.0,,,0.0,,,,,
1970-05-01,0.0,,,0.0,,,,,
1970-06-01,0.0,,,0.0,,,,,
1970-07-01,0.0,,,0.0,,,,,
1970-08-01,0.0,,,0.0,,,,,
1970-09-01,186.200158798629,,,186.200158798629,inf,,,,
1970-10-01,0.0,,,-186.200158798629,-100.0,,,,
1970-11-01,0.0,,,0.0,,,,,
1970-12-01,0.0,,,0.0,,,,,
1971-01-01,0.0,,,0.0,,,,,
1971-02-01,0.0,,,0.0,,,,,
1971-03-01,0.0,,,0.0,,,,,
1971-04-01,0.0,,,0.0,,,,,
1971-05-01,0.0,,,0.0,,,,,
1971-06-01,0.0,,,0.0,,,,,
1971-07-01,0.0,,,0.0,,,,,
1971-08-01,119.826832149593,,,119.826832149593,inf,,,,
1971-09-01,0.0,,,-119.826832149593,-100.0,,,,
1971-10-01,0.0,,,0.0,,,,,
1971-11-01,0.0,,,0.0,,,,,
1971-12-01,0.0,,,0.0,,,,,
1972-01-01,174.212972823744,,,174.212972823744,inf,,,,
1972-02-01,192.059834624184,,,17.846861800439996,10.244278317032185,,,,
1972-03-01,0.0,,,-192.059834624184,-100.0,,,,
1972-04-01,0.0,,,0.0,,,,,
1972-05-01,122.939217400232,,,122.939217400232,inf,,,,
1972-06-01,60.5376535003695,,,-62.401563899862495,-50.75806176373524,,,,
1972-07-01,0.0,,,-60.5376535003695,-100.0,,,,
1972-08-01,199.23745311059,,,199.23745311059,inf,,,,
1972-09-01,0.0,,,-199.23745311059,-100.0,,,,
1972-10-01,123.957765963789,,,123.957765963789,inf,,,,
1972-11-01,0.0,,,-123.957765963789,-100.0,,,,
1972-12-01,0.0,,,0.0,,,,,
1973-01-01,0.0,,,0.0,,,,,
1973-02-01,55.3268175028694,,,55.3268175028694,inf,,,,
1973-03-01,0.0,,,-55.3268175028694,-100.0,,,,
1973-04-01,0.0,,,0.0,,,,,
1973-05-01,0.0,,,0.0,,,,,
1973-06-01,0.0,,,0.0,,,,,
1973-07-01,0.0,,,0.0,,,,,
1973-08-01,0.0,,,0.0,,,,,
1973-09-01,0.0,,,0.0,,,,,
1973-10-01,0.0,,,0.0,,,,,
1973-11-01,0.0,,,0.0,,,,,
1973-12-01,0.0,,,0.0,,,,,
1974-01-01,0.0,,,0.0,,,,,
1974-02-01,0.0,,,0.0,,,,,
1974-03-01,0.0,,,0.0,,,,,
1974-04-01,51.5832248158145,,,51.5832248158145,inf,,,,
1974-05-01,0.0,,,-51.5832248158145,-100.0,,,,
1974-06-01,0.0,,,0.0,,,,,
1974-07-01,0.0,,,0.0,,,,,
1974-08-01,0.0,,,0.0,,,,,
1974-09-01,0.0,,,0.0,,,,,
1974-10-01,0.0,,,0.0,,,,,
1974-11-01,0.0,,,0.0,,,,,
1974-12-01,51.7460763543017,,,51.7460763543017,inf,,,,
1975-01-01,0.0,,,-51.7460763543017,-100.0,,,,
1975-02-01,313.836691187277,,,313.836691187277,inf,,,,
1975-03-01,0.0,,,-313.836691187277,-100.0,,,,
1975-04-01,52.9154792097661,,,52.9154792097661,inf,,,,
1975-05-01,0.0,,,-52.9154792097661,-100.0,,,,
1975-06-01,0.0,,,0.0,,,,,
1975-07-01,0.0,,,0.0,,,,,
1975-08-01,0.0,,,0.0,,,,,
1975-09-01,0.0,,,0.0,,,,,
1975-10-01,0.0,,,0.0,,,,,
1975-11-01,0.0,,,0.0,,,,,
1975-12-01,54.2285183961127,,,54.2285183961127,inf,,,,
1976-01-01,0.0,,,-54.2285183961127,-100.0,,,,
1976-02-01,0.0,,,0.0,,,,,
1976-03-01,0.0,,,0.0,,,,,
1976-04-01,0.0,,,0.0,,,,,
1976-05-01,0.0,,,0.0,,,,,
1976-06-01,0.0,,,0.0,,,,,
1976-07-01,0.0,,,0.0,,,,,
1976-08-01,0.0,,,0.0,,,,,
1976-09-01,63.7145565995143,,,63.7145565995143,inf,,,,
1976-10-01,0.0,,,-63.7145565995143,-100.0,,,,
1976-11-01,0.0,,,0.0,,,,,
1976-12-01,0.0,,,0.0,,,,,
1977-01-01,0.0,,,0.0,,,,,
1977-02-01,0.0,,,0.0,,,,,
1977-03-01,0.0,,,0.0,,,,,
1977-04-01,0.0,,,0.0,,,,,
1977-05-01,0.0,,,0.0,,,,,
1977-06-01,0.0,,,0.0,,,,,
1977-07-01,0.0,,,0.0,,,,,
1977-08-01,0.0,,,0.0,,,,,
1977-09-01,0.0,,,0.0,,,,,
1977-10-01,0.0,,,0.0,,,,,
1977-11-01,160.359479267796,,,160.359479267796,inf,,,,
1977-12-01,0.0,,,-160.359479267796,-100.0,,,,
1978-01-01,198.290756854392,,,198.290756854392,inf,,,,
1978-02-01,122.343389206047,,,-75.947367648345,-38.301012539941205,,,,
1978-03-01,0.0,,,-122.343389206047,-100.0,,,,
1978-04-01,0.0,,,0.0,,,,,
1978-05-01,96.3442744171936,,,96.3442744171936,inf,,,,
1978-06-01,0.0,,,-96.3442744171936,-100.0,,,,
1978-07-01,91.7596623385588,,,91.7596623385588,inf,,,,
1978-08-01,142.887845129327,,,51.12818279076819,55.71967189910132,,,,
1978-09-01,0.0,,,-142.887845129327,-100.0,,,,
1978-10-01,0.0,,,0.0,,,,,
1978-11-01,80.0027806478343,,,80.0027806478343,inf,,,,
1978-12-01,0.0,,,-80.0027806478343,-100.0,,,,
1979-01-01,0.0,,,0.0,,,,,
1979-02-01,64.5744389707666,,,64.5744389707666,inf,,,,
1979-03-01,27.1606708921765,,,-37.413768078590095,-57.93897504169975,,,,
1979-04-01,53.7578423882499,,,26.597171496073397,97.92531120332002,,,,
1979-05-01,52.9055510709955,,,-0.852291317254398,-1.5854269431034407,,,,
1979-06-01,87.1046895789821,,,34.1991385079866,64.64187181812694,,,,
1979-07-01,0.0,,,-87.1046895789821,-100.0,,,,
1979-08-01,53.6095448920064,,,53.6095448920064,inf,,,,
1979-09-01,0.0,,,-53.6095448920064,-100.0,,,,
1979-10-01,269.736736835472,,,269.736736835472,inf,,,,
1979-11-01,270.002343892745,,,0.2656070572729732,0.09846899624761374,,,,
1979-12-01,143.616774876213,,,-126.385569016532,-46.80906365269817,,,,
1980-01-01,103.002169378745,,,-40.61460549746799,-28.279847902499387,,,,
1980-02-01,17.7799268283187,,,-85.2222425504263,-82.73829868287447,,,,
1980-03-01,0.0,,,-17.7799268283187,-100.0,,,,
1980-04-01,0.0,,,0.0,,,,,
1980-05-01,109.454049267012,,,109.454049267012,inf,,,,
1980-06-01,32.8684313291371,,,-76.5856179378749,-69.97056614236818,,,,
1980-07-01,80.1979613128359,,,47.3295299836988,143.99692370393797,,,,
1980-08-01,127.098158607155,,,46.9001972943191,58.48053557293183,,,,
1980-09-01,32.3621315959239,,,-94.7360270112311,-74.5376865010678,,,,
1980-10-01,0.0,,,-32.3621315959239,-100.0,,,,
1980-11-01,236.491981246908,,,236.491981246908,inf,,,,
1980-12-01,88.2502772061724,,,-148.2417040407356,-62.68360697015125,,,,
1981-01-01,0.0,,,-88.2502772061724,-100.0,,,,
1981-02-01,0.0,,,0.0,,,,,
1981-03-01,78.2902955839576,,,78.2902955839576,inf,,,,
1981-04-01,111.724306911374,,,33.4340113274164,42.70517958584299,,,,
1981-05-01,64.1633017692194,,,-47.5610051421546,-42.5699710805838,,,,
1981-06-01,0.0,,,-64.1633017692194,-100.0,,,,
1981-07-01,16.4550889274787,,,16.4550889274787,inf,,,,
1981-08-01,40.9599492215664,,,24.5048602940877,148.91964669462538,,,,
1981-09-01,121.907555667027,,,80.9476064454606,197.62623729728585,,,,
1981-10-01,43.0018233336538,,,-78.9057323333732,-64.72587519422741,,,,
1981-11-01,42.5840157237919,,,-0.417807609861903,-0.9716044052832551,,,,
1981-12-01,90.5391256136002,,,47.955109889808305,112.61293486470217,,,,
1982-01-01,62.3936504715915,,,-28.145475142008706,-31.086532978159088,,,,
1982-02-01,45.6166734166592,,,-16.776977054932303,-26.888917266623213,,,,
1982-03-01,29.0485202142785,,,-16.568153202380696,-36.32038893114466,,,,
1982-04-01,108.333376750823,,,79.28485653654451,272.9393991559434,,,,
1982-05-01,123.637023850233,,,15.30364709941,14.126437814829519,,,,
1982-06-01,47.8853224394719,,,-75.75170141076111,-61.269431317371804,,,,
1982-07-01,27.1598465796856,,,-20.7254758597863,-43.28147917555272,,,,
1982-08-01,102.46729419373,,,75.3074476140444,277.27493744523264,,,,
1982-09-01,131.935014598867,,,29.467720405137015,28.75817170445021,,,,
1982-10-01,70.8978996059825,,,-61.03711499288451,-46.263014544289646,,,,
1982-11-01,75.6541052882105,,,4.756205682228,6.708528332518693,,,,
1982-12-01,51.1753312304963,,,-24.478774057714205,-32.35617414872638,,,,
1983-01-01,29.5790867935347,,,-21.596244436961598,-42.2004976180633,,,,
1983-02-01,28.8374998742572,,,-0.7415869192774984,-2.5071325712448744,,,,
1983-03-01,114.660029164458,,,85.82252929020079,297.6073850521739,,,,
1983-04-01,41.6877941151641,,,-72.97223504929389,-63.64226102247812,,,,
1983-05-01,41.5688984456734,,,-0.11889566949070485,-0.2852049910874399,,,,
1983-06-01,52.952207148099,,,11.383308702425602,27.384196185286225,,,,
1983-07-01,109.442618355861,,,56.490411207762,106.68188211639071,,,,
1983-08-01,37.3880957065017,,,-72.0545226493593,-65.83771818677486,,,,
1983-09-01,50.1776686265216,,,12.7895729200199,34.20760720315536,,,,
1983-10-01,13.5613817329744,,,-36.6162868935472,-72.97327256490654,,,,
1983-11-01,92.5003967126246,,,78.93901497965021,582.0868148539066,,,,
1983-12-01,54.4910486582967,,,-38.00934805432791,-41.09101085524354,,,,
1984-01-01,62.6380661510148,,,8.1470174927181,14.951111592303068,,,,
1984-02-01,44.487248245391,,,-18.150817905623796,-28.977296109148377,,,,
1984-03-01,14.9833924621066,,,-29.5038557832844,-66.3198038695079,,,,
1984-04-01,103.77938114207,,,88.79598867996339,592.6293988796651,,,,
1984-05-01,28.717643266301,,,-75.061737875769,-72.3281802702334,,,,
1984-06-01,27.2670282946804,,,-1.450614971620599,-5.051302288871451,,,,
1984-07-01,37.6403904799386,,,10.373362185258202,38.04361103509755,,,,
1984-08-01,21.4446460889882,,,-16.195744390950402,-43.02756742011572,,,,
1984-09-01,59.7034102099918,,,38.2587641210036,178.40706702382664,,,,
1984-10-01,56.8959315133886,,,-2.807478696603205,-4.702375771716561,,,,
1984-11-01,12.8954611966505,,,-44.000470316738095,-77.33500295426929,,,,
1984-12-01,33.3878579142247,,,20.492396717574202,158.9117008308082,,,,
1985-01-01,116.457790836568,,,83.0699329223433,248.8028226780965,,,,
1985-02-01,24.041283820014,,,-92.416507016554,-79.3562254209746,,,,
1985-03-01,88.7406509853327,,,64.6993671653187,269.1177711210974,,,,
1985-04-01,138.949970752588,,,50.209319767255295,56.57984160557265,,,,
1985-05-01,35.2750357059114,,,-103.67493504667661,-74.61313916451157,,,,
1985-06-01,74.8488659242124,,,39.573830218301005,112.18650648075518,,,,
1985-07-01,35.2663874366858,,,-39.58247848752661,-52.88320403893029,,,,
1985-08-01,50.3037539363631,,,15.037366499677304,42.639373047988215,,,,
1985-09-01,13.9708555164287,,,-36.3328984199344,-72.22701205539737,,,,
1985-10-01,50.6814645080185,,,36.7106089915898,262.76564773303124,,,,
1985-11-01,25.421136754496,,,-25.2603277535225,-49.841353241727994,,,,
1985-12-01,61.282352151058,,,35.861215396562,141.0684964362168,,,,
1986-01-01,98.8004948548244,,,37.518142703766394,61.221773295003445,,,,
1986-02-01,92.311876873138,,,-6.488617981686389,-6.567394213177414,,,,
1986-03-01,99.5416253311855,,,7.229748458047496,7.831872455570554,,,,
1986-04-01,181.711986293693,,,82.1703609625075,82.54874349209996,,,,
1986-05-01,50.4782908377636,,,-131.2336954559294,-72.22071484256531,,,,
1986-06-01,112.62685951426,,,62.1485686764964,123.1193997360982,,,,
1986-07-01,110.242274829706,,,-2.3845846845539995,-2.1172433421639325,,,,
1986-08-01,151.480085101862,,,41.23781027215598,37.4065306034886,,,,
1986-09-01,142.861146499268,,,-8.618938602594,-5.689816319285956,,,,
1986-10-01,26.7494288002096,,,-116.11171769905839,-81.27592459133271,,,,
1986-11-01,72.6571769153025,,,45.9077481150929,171.6214146402004,,,,
1986-12-01,206.946780753305,,,134.2896038380025,184.82634412639757,,,,
1987-01-01,110.727174533807,,,-96.219606219498,-46.49485528078762,,,,
1987-02-01,119.691528612017,,,8.964354078209993,8.095893457005898,,,,
1987-03-01,76.6892723261835,,,-43.0022562858335,-35.92756879664088,,,,
1987-04-01,62.6676224688164,,,-14.021649857367102,-18.28371743798616,,,,
1987-05-01,70.4282880722064,,,7.760665603390002,12.383851975957327,,,,
1987-06-01,109.816061057971,,,39.3877729857646,55.92606900423647,,,,
1987-07-01,51.0334939188453,,,-58.782567139125696,-53.52820577683519,,,,
1987-08-01,137.434742908664,,,86.4012489898187,169.30302504315313,,,,
1987-09-01,155.614696749727,,,18.179953841062996,13.228062610882162,,,,
1987-10-01,112.204897204699,,,-43.409799545027994,-27.895693949038368,,,,
1987-11-01,119.527625399561,,,7.322728194862009,6.526210867162874,,,,
1987-12-01,122.228364529942,,,2.7007391303809953,2.2595104030159296,,,,
1988-01-01,153.632619157028,,,31.40425462708599,25.693098936452643,,,,
1988-02-01,271.979232992748,,,118.34661383572,77.03221782267336,,,,
1988-03-01,57.8952110616354,,,-214.0840219311126,-78.7133707141607,,,,
1988-04-01,81.3411591540697,,,23.4459480924343,40.49721498980923,,,,
1988-05-01,138.348195568187,,,57.00703641411731,70.08387513403798,,,,
1988-06-01,137.472292949395,,,-0.8759026187919972,-0.6331145955281281,,,,
1988-07-01,194.68084299871,,,57.208550049314994,41.614603802654294,,,,
1988-08-01,222.422166412665,,,27.741323413955,14.249642125362506,,,,
1988-09-01,144.730198696497,,,-77.691967716168,-34.929957283135295,,,,
1988-10-01,198.696296975007,,,53.966098278509975,37.28737938906468,,,,
1988-11-01,121.08742421803,,,-77.608872756977,-39.059043343288394,,,,
1988-12-01,63.7116355147025,,,-57.375788703327494,-47.38377174496392,,,,
1989-01-01,99.4470020568635,,,35.735366542160996,56.089231195319854,,,,
1989-02-01,131.258687185049,,,31.811685128185516,31.98858132495104,,,,
1989-03-01,107.22292795425,,,-24.035759230799016,-18.31174739460354,,,,
1989-04-01,101.498660246978,,,-5.724267707271991,-5.3386601322008564,,,,
1989-05-01,95.2503139853704,,,-6.248346261607608,-6.1560874265762955,,,,
1989-06-01,44.0418357469741,,,-51.208478238396296,-53.762004654663365,,,,
1989-07-01,153.715871878126,,,109.6740361311519,249.02239943231038,,,,
1989-08-01,56.5954423686999,,,-97.12042950942609,-63.1817835873372,,,,
1989-09-01,115.757056710417,,,59.161614341717105,104.53423785664486,,,,
1989-10-01,106.074744121333,,,-9.682312589084006,-8.364338956289908,,,,
1989-11-01,56.3438068255999,,,-49.7309372957331,-46.882919876618935,,,,
1989-12-01,81.3836059129754,,,25.0397990873755,44.44108500669965,,,,
1990-01-01,89.033615077046,,,7.650009164070596,9.399938818453002,,,,
1990-02-01,263.317728285656,,,174.28411320861002,195.75091167284603,,,,
1990-03-01,72.3642645541603,,,-190.95346373149573,-72.51827097807212,,,,
1990-04-01,74.9169623105333,,,2.552697756372993,3.5275667791281773,,,,
1990-05-01,122.562420567935,,,47.645458257401714,63.59769108083921,,,,
1990-06-01,55.084966415788,,,-67.477454152147,-55.05558215925166,,,,
1990-07-01,24.6930877043867,,,-30.391878711401304,-55.172728039806216,,,,
1990-08-01,103.887001218478,,,79.1939135140913,320.7128831443084,,,,
1990-09-01,14.4648009105711,,,-89.4222003079069,-86.07640923222807,,,,
1990-10-01,163.371279467106,,,148.90647855653492,1029.4402216605122,,,,
1990-11-01,79.3497404583697,,,-84.02153900873631,-51.429810235191084,,,,
1990-12-01,95.9941105037549,,,16.6443700453852,20.97596028573976,,,,
1991-01-01,90.4785064085157,,,-5.515604095239198,-5.745773429530809,,,,
1991-02-01,102.895469108075,,,12.416962699559306,13.723660118234049,,,,
1991-03-01,0.0,,,-102.895469108075,-100.0,,,,
1991-04-01,117.596248019146,,,117.596248019146,inf,,,,
1991-05-01,67.9649671411052,,,-49.6312808780408,-42.204816662144076,,,,
1991-06-01,112.332138863308,,,44.3671717222028,65.2794720404853,,,,
1991-07-01,78.3182680266412,,,-34.0138708366668,-30.279732212752375,,,,
1991-08-01,100.966809981797,,,22.648541955155792,28.918593995785933,,,,
1991-09-01,25.3093954940367,,,-75.65741448776029,-74.93295519725774,,,,
1991-10-01,0.0,,,-25.3093954940367,-100.0,,,,
1991-11-01,88.0153460169263,,,88.0153460169263,inf,,,,
1991-12-01,62.9321891947938,,,-25.0831568221325,-28.498617522117954,,,,
1992-01-01,157.078020145886,,,94.1458309510922,149.59884942137148,,,,
1992-02-01,119.794748485479,,,-37.283271660406996,-23.73551157939233,,,,
1992-03-01,81.7548842416208,,,-38.039864243858204,-31.754200183883043,,,,
1992-04-01,109.964354539465,,,28.209470297844206,34.50493577175537,,,,
1992-05-01,125.297915539053,,,15.333560999587988,13.944119495636143,,,,
1992-06-01,74.1551545164444,,,-51.142761022608596,-40.816928839225874,,,,
1992-07-01,57.0222633295258,,,-17.1328911869186,-23.10411366362842,,,,
1992-08-01,55.2872262399782,,,-1.7350370895475962,-3.0427362721837214,,,,
1992-09-01,123.122355502424,,,67.8351292624458,122.69584472912878,,,,
1992-10-01,86.7936277908498,,,-36.3287277115742,-29.506199392732523,,,,
1992-11-01,32.8308558629918,,,-53.962771927858,-62.173656409309594,,,,
1992-12-01,139.736821771711,,,106.9059659087192,325.6264970820566,,,,
1993-01-01,73.301737536634,,,-66.435084235077,-47.54300505246387,,,,
1993-02-01,126.14722785353,,,52.845490316896004,72.09309368756153,,,,
1993-03-01,106.441716861899,,,-19.705510991631,-15.62104164073359,,,,
1993-04-01,96.2148616388729,,,-10.226855223026092,-9.607938996601073,,,,
1993-05-01,70.7883712200866,,,-25.4264904187863,-26.42678063002425,,,,
1993-06-01,126.426970469807,,,55.6385992497204,78.59850183123388,,,,
1993-07-01,112.880251818473,,,-13.546718651334004,-10.715054391475121,,,,
1993-08-01,99.5827716871418,,,-13.297480131331199,-11.780165190201187,,,,
1993-09-01,40.3882092622494,,,-59.1945624248924,-59.442573672144185,,,,
1993-10-01,48.3033079313454,,,7.915098669096004,19.597547932124336,,,,
1993-11-01,77.091577350153,,,28.7882694188076,59.59896050954736,,,,
1993-12-01,189.96019647241,,,112.86861912225699,146.40849623507276,,,,
1994-01-01,131.363480039216,,,-58.59671643319399,-30.8468392438753,,,,
1994-02-01,59.1435971255622,,,-72.2198829136538,-54.97713892178706,,,,
1994-03-01,156.86194075751,,,97.71834363194782,165.22218529334833,,,,
1994-04-01,164.194947454372,,,7.333006696861986,4.674815740166016,,,,
1994-05-01,38.9578216305092,,,-125.2371258238628,-76.27343457609427,,,,
1994-06-01,150.220555225315,,,111.2627335948058,285.5979337090864,,,,
1994-07-01,117.285298206172,,,-32.935257019142995,-21.924600777665603,,,,
1994-08-01,118.439165266996,,,1.1538670608239983,0.9838121899947261,,,,
1994-09-01,129.974206205103,,,11.535040938107002,9.739211613070475,,,,
1994-10-01,82.2094759684741,,,-47.76473023662891,-36.74939176874433,,,,
1994-11-01,134.985960616043,,,52.77648464756891,64.19756849904721,,,,
1994-12-01,117.08423847274,,,-17.901722143303004,-13.261914099513694,,,,
1995-01-01,153.323633120957,,,36.239394648217,30.951556862757744,,,,
1995-02-01,97.9674531880432,,,-55.356179932913804,-36.104140507317176,,,,
1995-03-01,166.829927515745,,,68.8624743277018,70.29117537180846,,,,
1995-04-01,79.3167005658923,,,-87.5132269498527,-52.45655156302421,,,,
1995-05-01,24.0960446662769,,,-55.22065589961541,-69.62046518026916,,,,
1995-06-01,97.7784152118356,,,73.6823705455587,305.7861635220127,,,,
1995-07-01,226.482646627575,,,128.7042314157394,131.6284694703872,,,,
1995-08-01,85.4767351180315,,,-141.00591150954352,-62.25903556373205,,,,
1995-09-01,144.163125683374,,,58.686390565342506,68.65773532915682,,,,
1995-10-01,80.8379785116787,,,-63.325147171695306,-43.92603647535817,,,,
1995-11-01,161.490169458561,,,80.65219094688231,99.77017292092536,,,,
1995-12-01,63.2844887603519,,,-98.20568069820911,-60.81217267123438,,,,
1996-01-01,65.0855485013196,,,1.8010597409676947,2.845973438748972,,,,
1996-02-01,120.675513862322,,,55.58996536100241,85.41061209597909,,,,
1996-03-01,68.0594086378275,,,-52.616105224494504,-43.60131027453002,,,,
1996-04-01,115.70675114772,,,47.647342509892496,70.00845799798803,,,,
1996-05-01,84.1426680611322,,,-31.5640830865878,-27.27937892430382,,,,
1996-06-01,65.9275111913031,,,-18.2151568698291,-21.647943058562436,,,,
1996-07-01,37.9951439802933,,,-27.932367211009797,-42.36830225542403,,,,
1996-08-01,96.0541596760067,,,58.059015695713406,152.8064105397956,,,,
1996-09-01,28.5886944244671,,,-67.4654652515396,-70.23690122229215,,,,
1996-10-01,104.662207604088,,,76.0735131796209,266.0964927258616,,,,
1996-11-01,41.7703682662905,,,-62.8918393377975,-60.090304587977194,,,,
1996-12-01,76.8183841556326,,,35.0480158893421,83.90640864334091,,,,
1997-01-01,62.2342672281337,,76.0594273088155,-14.584116927498897,-18.985190964120967,,,,
1997-02-01,46.343704348217,,76.28602272596147,-15.8905628799167,-25.533461849347837,,,0.22659541714597253,0.29791891046715424
1997-03-01,157.07197665166,,66.8105410238103,110.728272303443,238.92840216538085,,,-9.475481702151171,-12.42099320892568
1997-04-01,78.716902869484,,71.71655077060272,-78.355073782176,-49.8848206105821,,,4.906009746792421,7.343167218244773
1997-05-01,148.016544896534,,75.22973144630653,69.29964202704998,88.03654552053675,,,3.5131806757038078,4.898702793085108
1997-06-01,83.1165492890968,,79.30427370431282,-64.89999560743719,-43.84644679606821,,,4.074542258006289,5.416132929989792
1997-07-01,82.6536703015909,,66.13204952487058,-0.4628789875058885,-0.556903518571128,,,-13.172224179442239,-16.609728031247183
1997-08-01,89.8370857566276,,63.42878266378039,7.183415455036695,8.690981814631439,,,-2.703266861090192,-4.087680452234532
1997-09-01,152.099399568796,,66.87141791362802,62.2623138121684,69.30580315220776,,,3.4426352498476334,5.427560021285838
1997-10-01,169.673114443053,,82.35544771105728,17.573714874257007,11.554098782821454,,,15.484029797429258,23.154929685248526
1997-11-01,133.364730276389,,95.76485893019192,-36.30838416666401,-21.399020278401338,,,13.40941121913464,16.28236090244004
1997-12-01,64.0941363257594,,107.06244802382211,-69.2705939506296,-51.940714615529295,,,11.297589093630194,11.797217914627334
1998-01-01,165.724248325751,,97.50732901447469,101.63011199999161,158.56382163175593,,,-9.555119009347422,-8.924809011672652
1998-02-01,231.26226454975,,83.56544722145766,65.538016223999,39.54642539405344,,,-13.941881793017032,-14.298291147886333
1998-03-01,100.901273046531,,85.55114788310686,-130.360991503219,-56.36933105235388,,,1.9857006616492043,2.3762221440482234
1998-04-01,77.8314600801307,,80.03115678903917,-23.069812966400306,-22.86374816674669,,,-5.5199910940676915,-6.452270052074526
1998-05-01,342.785276167142,,86.59893100624117,264.9538160870113,340.419948198621,,,6.567774217202,8.206521660700904
1998-06-01,204.802110148727,,84.20733112167962,-137.983166018415,-40.25352767810671,,,-2.3915998845615576,-2.7616967747433274
1998-07-01,264.285071522122,,101.87812393889836,59.482961373395,29.04411547820409,,,17.67079281721874,20.984862697624784
1998-08-01,181.13382290461,,115.2810019054193,-83.15124861751198,-31.462711131813514,,,13.402877966520947,13.155795815949013
1998-09-01,287.566439352544,,144.604071510256,106.43261644793401,58.75910679806295,,,29.323069604836704,25.43616824990331
1998-10-01,125.732182633033,,119.13000585377692,-161.83425671951102,-56.277170967474824,,,-25.474065656479084,-17.616423514515176
1998-11-01,164.741132399008,,97.50081129127008,39.00894976597499,31.025429567088715,,,-21.62919456250684,-18.155958616383383
1998-12-01,171.14349740744,,92.32681946400362,6.402365008432014,3.8863184410589557,,,-5.1739918272664625,-5.306614128378772
1999-01-01,260.050423803894,,95.15511616341834,88.90692639645397,51.94876097734169,,,2.8282966994147216,3.0633533309543104
1999-02-01,212.133158330475,,78.80003657135185,-47.91726547341898,-18.426143965661733,,,-16.355079592066488,-17.18780897075304
1999-03-01,309.743378274956,,62.35678663999976,97.610219944481,46.01365515541771,,,-16.443249931352092,-20.867058756328195
1999-04-01,287.197806291863,,65.4020972716647,-22.545571983092998,-7.2787906261807205,,,3.0453106316649396,4.883687559537386
1999-05-01,298.989173215704,,69.41325096500147,11.791366923840997,4.1056605118557465,,,4.011153693336766,6.1330658505879265
1999-06-01,188.436508336358,,70.09058460659703,-110.552664879346,-36.97547429237126,,,0.6773336415955669,0.9757987591405115
1999-07-01,179.531378724069,,71.8774115732097,-8.905129612289016,-4.725798461725583,,,1.786826966612665,2.549310976134289
1999-08-01,271.313513336396,,64.99124868087718,91.78213461232701,51.123171483794884,,,-6.886162892332521,-9.580426926362973
1999-09-01,330.86958486273,,65.99034283010556,59.556071526333994,21.951015559070818,,,0.9990941492283838,1.5372748939386893
1999-10-01,140.070108726809,,65.4655290759297,-190.799476135921,-57.666066893117176,,,-0.5248137541758666,-0.7952887220589511
1999-11-01,116.403514721453,,68.00099415202901,-23.66659400535599,-16.896248757481168,,,2.535465076099314,3.8729772933761453
1999-12-01,245.872524916024,,60.744667671197206,129.46901019457098,111.22431354790527,,,-7.256326480831802,-10.670912346676753
2000-01-01,58.98450388,38.2460301268454,65.06198311460845,-186.88802103602399,-76.01012805308534,,,4.317315443411246,7.107315932289393
2000-02-01,15.91917893,14.7238105863884,59.25342264879275,-43.06532495,-73.01125230723903,-23.522219540456998,-61.502381979107525,-5.808560465815702,-8.92773350542323
2000-03-01,46.51684733,8.93967262701049,61.7269016968387,30.597668399999996,192.2063225405307,-5.78413795937791,-39.2842459188189,2.4734790480459523,4.174407042622286
2000-04-01,28.30297269,8.86188802988299,64.59023630232876,-18.213874639999997,-39.1554365470795,-0.07778459712749886,-0.8701056556867481,2.86333460549006,4.638714283041212
2000-05-01,31.42203087,0.0,85.76241873364768,3.1190581799999997,11.020249406883064,-8.86188802988299,-100.0,21.172182431318916,32.779230489601986
2000-06-01,43.22094891,17.9638146016777,89.0993547303677,11.798918039999997,37.549826390327134,17.9638146016777,inf,3.3369359967200154,3.890907049955694
2000-07-01,42.66123811,37.76371873934,67.23228444709244,-0.5597107999999977,-1.2949988700282744,19.7999041376623,110.22104478752036,-21.867070283275254,-24.542344161132633
2000-08-01,27.39628704,17.6798237322774,54.39455355850652,-15.264951069999999,-35.78178165068731,-20.0838950070626,-53.18304361307615,-12.837730888585916,-19.094592715629645
2000-09-01,31.49993892,51.1104792864122,60.64490532356346,4.103651880000001,14.978861456694691,33.4306555541348,189.08930349289452,6.250351765056934,11.490767652563028
2000-10-01,42.28805325,58.6010293345769,68.7773946627567,10.788114329999996,34.2480484085967,7.4905500481647,14.655605176756925,8.13248933919325,13.410012425286766
2000-11-01,10.11133275,0.0,104.66426511469965,-32.176720499999995,-76.08938701854288,-58.6010293345769,-100.0,35.88687045194294,52.178292923002864
2000-12-01,48.47464547,40.4390818376863,100.70875911967444,38.363312719999996,379.4090617777364,40.4390818376863,inf,-3.955505995025206,-3.779232568719071
2001-01-01,52.62861578,41.7809104174242,99.18650665092996,4.153970309999998,8.56936707782796,1.3418285797379,3.318147986454556,-1.5222524687444832,-1.5115392961356555
2001-02-01,40.72209758,21.5989598000574,99.91059395026132,-11.906518199999994,-22.62365829603431,-20.1819506173668,-48.30423850445867,0.7240872993313587,0.7300260123886293
2001-03-01,58.16461627,113.148368637661,112.25207210717883,17.44251869,42.833055580532296,91.5494088376036,423.86026774011725,12.341478156917518,12.352522058933513
2001-04-01,26.10220578,37.0960073888305,107.28232107945648,-32.062410490000005,-55.12356574513684,-76.0523612488305,-67.214721842235,-4.969751027722353,-4.427313397811671
2001-05-01,27.74165868,9.88134292451956,82.96555886443798,1.639452900000002,6.280897920344275,-27.214664464310943,-73.36278586278586,-24.3167622150185,-22.666141047609123
2001-06-01,41.25226474,46.8459910347631,74.1335244376512,13.51060606,48.701507778769916,36.964648110243544,374.0852674844376,-8.832034426786777,-10.645422688248175
2001-07-01,30.33482603,54.942107038566,97.40720096620252,-10.917438710000003,-26.465065078994265,8.096116003802898,17.282409497527752,23.27367652855132,31.394266905690248
2001-08-01,38.78087531,34.9694122380913,82.71751199958022,8.44604928,27.842748369966497,-19.9726948004747,-36.352254904339745,-14.689688966622299,-15.080701242733785
2001-09-01,43.49153501,49.0824219525734,175.33068016298623,4.710659700000001,12.146862757337807,14.113009714482097,40.358155345571255,92.613168163406,111.9631936752111
2001-10-01,51.09976936,89.2430516618096,164.15051766032843,7.608234350000004,17.493598118003064,40.160629709236204,81.82283618367893,-11.180162502657794,-6.37661502953436
2001-11-01,53.28476419,134.715032059113,123.95523138435772,2.1849948299999937,4.275938731947337,45.47198039730341,50.95296446116775,-40.195286275970716,-24.486847101600727
2001-12-01,60.70131235,160.318751763614,106.10798671700024,7.416548160000005,13.918703165419789,25.603719704500975,19.005837220352696,-17.847244667357472,-14.398137511451303
2002-01-01,62.38264445,94.1850151445568,103.72241664433484,1.6813320999999988,2.7698447280769534,-66.13373661905719,-41.25140440001039,-2.385570072665402,-2.2482474189505997
2002-02-01,40.89060422,73.5894326874224,86.26967304719619,-21.49204023,-34.45195441694682,-20.595582457134398,-21.867154159845846,-17.45274359713865,-16.826395066540222
2002-03-01,54.13427806,160.837048656914,76.76380146654759,13.24367384,32.38806100478795,87.24761596949159,118.55997903949542,-9.505871580648602,-11.018787071846392
2002-04-01,45.87688992,34.1937118467187,81.80500635569993,-8.257388139999996,-15.253529622853524,-126.6433368101953,-78.7401521401588,5.04120488915234,6.567164200888631
2002-05-01,46.98545817,112.495318354087,79.81073386493459,1.1085682499999976,2.416397998933917,78.3016065073683,228.99416962502798,-1.99427249076534,-2.4378367285908586
2002-06-01,30.36735404,55.800236245159,91.81817315048707,-16.618104130000003,-35.36861143265511,-56.695082108928005,-50.39772582399937,12.00743928555248,15.04489271565015
2002-07-01,54.34513958,130.052407999991,99.91298262003448,23.977785540000003,78.95908714475542,74.252171754832,133.06784478224108,8.094809469547414,8.816129957497942
2002-08-01,44.13366267,39.1021877030733,104.25400295956024,-10.211476910000002,-18.790046338859735,-90.9502202969177,-69.93351503105117,4.341020339525755,4.344801071582971
2002-09-01,55.47708073,95.95229176696168,119.53578555618,11.343418059999998,25.702417097846553,56.85010406388838,145.3885508800321,15.281782596619763,14.658221423447415
2002-10-01,56.66385825,129.203737723258,114.92770325277004,1.1867775199999997,2.139221286310833,33.25144595629632,34.654144621218386,-4.608082303409958,-3.854981403241986
2002-11-01,59.87563908,37.8356243216649,121.40470623249053,3.211780830000002,5.668129437691438,-91.36811340159309,-70.71630822112502,6.477002979720481,5.635719497043357
2002-12-01,91.01698588,143.064196910566,119.86164868173496,31.141346799999994,52.010044950655065,105.2285725889011,278.12035475953974,-1.543057550755563,-1.271003076108601
2003-01-01,46.17538027,46.278045506717,125.66857028404684,-44.841605609999995,-49.26729354575722,-96.786151403849,-67.65225227130244,5.806921602311874,4.844686908763296
2003-02-01,27.99059579,18.7000365115826,134.8499532759893,-18.184784479999998,-39.38199181829932,-27.5780089951344,-59.59199160891876,9.181382991942456,7.306029639065614
2003-03-01,71.17307215,80.3751535004165,168.03674846321312,43.182476359999995,154.27494535656683,61.675116988833906,329.81281587676585,33.18679518722382,24.61016439457151
2003-04-01,101.5685022,92.67018109390932,136.08248207201012,30.39543005,42.706362296600695,12.295027593492819,15.297050217675912,-31.954266391202992,-19.01623703353108
2003-05-01,68.83051993,65.1416171094597,106.29012576027844,-32.73798227,-32.23241611413662,-27.52856398444962,-29.70595682396796,-29.79235631173168,-21.892866633610197
2003-06-01,54.98127915,7.0326894402376,88.69956187668235,-13.849240779999995,-20.120784782803536,-58.108927669222105,-89.20399929829755,-17.59056388359609,-16.5495748149447
2003-07-01,85.33410614,39.0067310312497,80.37009772734292,30.352826990000004,55.205749046309705,31.9740415910121,454.64884896057424,-8.32946414933943,-9.390648581691707
2003-08-01,61.09827881,47.4709392299867,69.14334851540919,-24.235827330000006,-28.401102942636392,8.464208198736998,21.699352842349228,-11.226749211933736,-13.968813687424763
2003-09-01,49.72216012,29.3088958686161,80.01638133189756,-11.376118689999998,-18.61937670188192,-18.162043361370596,-38.25928801066969,10.873032816488376,15.725348930801687
2003-10-01,62.86618255,76.1592613849723,76.15445345186573,13.14402243,26.43493846260516,46.85036551635619,159.8503257385532,-3.8619278800318284,-4.8264215598716635
2003-11-01,38.85626513,40.9543975373132,73.5102102002439,-24.00991742,-38.19210336320954,-35.2048638476591,-46.22532205204094,-2.6442432516218304,-3.472210923676522
2003-12-01,53.13373679,49.0954627327187,69.97088863848063,14.277471660000003,36.744323244224276,8.141065195405503,19.878366390296055,-3.5393215617632734,-4.814734649951424
2004-01-01,55.86837054,44.4528821190802,72.17751999944025,2.7346337500000004,5.146699470447702,-4.642580613638501,-9.45623150333309,2.2066313609596193,3.153642041564808
2004-02-01,57.55554258,53.2676414137918,72.26565475153836,1.68717204,3.019905581087312,8.8147592947116,19.829443839206327,0.08813475209811372,0.12210831308527847
2004-03-01,47.8987523,44.5851227790582,77.76447766804841,-9.656790280000003,-16.77821083274028,-8.682518634733597,-16.29979928581099,5.498822916510051,7.609178849089426
2004-04-01,58.92070524,50.3711782446281,77.47819823501422,11.021952939999998,23.010939556352493,5.786055465569895,12.977547452863858,-0.28627943303419556,-0.3681365086205979
2004-05-01,37.12159777,37.5348796329748,89.33237500657195,-21.799107469999996,-36.99736345857764,-12.836298611653298,-25.483419405664275,11.854176771557732,15.30001605819551
2004-06-01,51.07455418,58.6420614887722,77.30681452518787,13.952956409999999,37.58716555373096,21.1071818557974,56.23351416652609,-12.025560481384076,-13.461592709809167
2004-07-01,47.37072801,13.2670647500178,74.2462244874478,-3.7038261699999993,-7.2518032305221025,-45.3749967387544,-77.37619651628728,-3.06059003774007,-3.9590171403878993
2004-08-01,44.32878307,0.0,68.46489394103746,-3.0419449400000005,-6.4215710160879125,-13.2670647500178,-100.0,-5.781330546410345,-7.786699709407774
2004-09-01,34.60433438,54.6925770102039,78.0995387670353,-9.724448690000003,-21.937098238505747,54.6925770102039,inf,9.634644825997839,14.072386987549091
2004-10-01,61.89868006,58.8022031199967,88.65505671078175,27.29434568,78.87551131679939,4.109626109792799,7.514047306686744,10.555517943746452,13.515467710036955
2004-11-01,48.65249522,41.8519340291077,83.7794164463463,-13.246184839999998,-21.39978562896677,-16.950269090888995,-28.82590819990002,-4.875640264435447,-5.49956251265078
2004-12-01,73.23189522,54.440518181869,65.45089174694222,24.5794,50.52032766018533,12.5885841527613,30.07885882646675,-18.328524699404085,-21.877121465917547
2005-01-01,48.80532803,39.5548555069187,57.84469298923861,-24.42656719,-33.3550935922371,-14.885662674950304,-27.342984916531996,-7.606198757703609,-11.62123013863896
2005-02-01,39.65326665,42.0987494129565,54.68888638602546,-9.15206138,-18.752176759009476,2.543893906037802,6.431306279434734,-3.1558066032131507,-5.455654512334007
2005-03-01,41.16379089,52.8847746426423,53.14254322388403,1.5105242400000023,3.809331153805462,10.786025229685798,25.620773491115244,-1.5463431621414259,-2.827527244249317
2005-04-01,79.47127508,35.7333534346026,70.40500819543065,38.30748419,93.06111842897857,-17.1514212080397,-32.43168061873537,17.26246497154662,32.48332489249084
2005-05-01,23.71642907,0.0,67.43088436717385,-55.754846009999994,-70.15723096662815,-35.7333534346026,-100.0,-2.9741238282568077,-4.2243071970124895
2005-06-01,46.79182074,16.1207211306746,70.80548457131384,23.07539167,97.29707453804299,16.1207211306746,inf,3.3746002041399947,5.004532026844943
2005-07-01,61.57892682,59.5730004377288,62.9195567916162,14.787106080000001,31.601903593717683,43.4522793070542,269.5430245013851,-7.885927779697639,-11.137453302441692
2005-08-01,59.42799789,18.6343044818035,61.39265753421536,-2.150928929999999,-3.4929626758311905,-40.9386959559253,-68.72021831218356,-1.5268992574008422,-2.426748272334134
2005-09-01,69.96823336,50.698005848666,93.76127784812992,10.540235469999999,17.736144316202207,32.0637013668625,172.06814130451113,32.36862031391456,52.72392760628561
2005-10-01,52.49449423,123.155281293391,66.03999710916233,-17.47373913,-24.97381781828656,72.457275444725,142.9193796320325,-27.721280738967593,-29.565809442005698
2005-11-01,35.51594974,43.1875694284946,66.22663464406017,-16.978544489999997,-32.34347666178095,-79.9677118648964,-64.93242597886689,0.18663753489784085,0.28261287563251525
2005-12-01,64.14776984,65.7681912328835,61.5829850105125,28.63182009999999,80.61679417164302,22.580621804388898,52.28500261348466,-4.643649633547668,-7.011755404008213
2006-01-01,97.78352513,59.1410119133068,70.52274860163142,33.635755290000006,52.43480073258304,-6.6271793195766975,-10.076572268971217,8.939763591118918,14.516612972873698
2006-02-01,63.49165087,44.0983653482013,58.94786492964828,-34.29187426,-35.06917368177316,-15.0426465651055,-25.435220126358516,-11.574883671983137,-16.412978650856747
2006-03-01,55.14808161,77.7720996643712,58.258757759219925,-8.343569260000002,-13.14120698654312,33.6737343161699,76.36050463612796,-0.6891071704283576,-1.1690112462101498
2006-04-01,59.35218542,30.5819586305415,71.35189610192259,4.204103809999999,7.623300189716242,-47.1901410338297,-60.67746818908164,13.093138342702666,22.47411178387264
2006-05-01,37.87595456,0.0,63.048925396226345,-21.47623086,-36.1843977741098,-30.5819586305415,-100.0,-8.302970705696247,-11.63665040356583
2006-06-01,46.96744424,8.10388055702286,72.2382294714646,9.091489680000002,24.00332819493172,8.10388055702286,inf,9.189304075238262,14.574878187833896
2006-07-01,55.85743267,56.7362460833792,69.32771057749316,8.889988430000002,18.927979952608975,48.63236552635634,600.1120720395035,-2.9105188939714424,-4.0290562424722065
2006-08-01,59.3136178,50.6034175358777,60.12461270391818,3.4561851300000015,6.187511607307106,-6.1328285475014965,-10.809366094627993,-9.203097873574983,-13.274775406419836
2006-09-01,24.8763386,8.67586117437282,58.189343527202816,-34.437279200000006,-58.059650510814066,-41.927556361504884,-82.85518726433516,-1.9352691767153658,-3.21876364716982
2006-10-01,70.7632217,23.5549094897438,61.06836574420236,45.886883100000006,184.45995545341228,14.87904831537098,171.49938220912796,2.8790222169995445,4.947679493331347
2006-11-01,59.04700638,8.85638375160356,58.2593072502782,-11.716215320000003,-16.556927509138553,-14.698525738140239,-62.40111321395747,-2.8090584939241623,-4.599858633339715
2006-12-01,64.14934971,8.13857182653067,57.41511922669258,5.1023433299999965,8.6411549760264,-0.7178119250728905,-8.105022831050224,-0.8441880235856161,-1.4490183001302115
2007-01-01,28.99723042,0.0,64.46652923998974,-35.152119289999995,-54.79731197418556,-8.13857182653067,-100.0,7.051410013297158,12.28145148572455
2007-02-01,39.75543733,26.0384322451232,54.743006166322544,10.758206909999998,37.10080843644927,26.0384322451232,inf,-9.723523073667195,-15.083056569509745
2007-03-01,60.24590986,0.0,64.72710807948097,20.490472529999998,51.54130832447819,-26.0384322451232,-100.0,9.984101913158426,18.238132343014367
2007-04-01,41.06160056,0.0,60.55719756919328,-19.184309299999995,-31.843338982813385,0.0,,-4.169910510287693,-6.442293861124304
2007-05-01,37.01333131,0.0,57.153401744199,-4.048269250000004,-9.859014735883454,0.0,,-3.403795824994276,-5.6207948214662125
2007-06-01,44.43644407,0.0,56.36856817879367,7.423112760000002,20.055240901794956,0.0,,-0.7848335654053287,-1.3732053411588674
2007-07-01,58.83501566,8.38998401887716,47.588486288361146,14.398571590000003,32.402618821880004,8.38998401887716,inf,-8.780081890432527,-15.57620172750045
2007-08-01,50.13804935,0.0,78.3478431166976,-8.69696631,-14.781956310267086,-8.38998401887716,-100.0,30.759356828336458,64.63613202981698
2007-09-01,59.03321823,36.8548824738947,99.76642525583352,8.89516888,17.74135411193456,36.8548824738947,inf,21.41858213913592,27.337806999017644
2007-10-01,55.08271211,13.4962451372154,79.31186435922832,-3.95050612,-6.692005346224539,-23.358637336679298,-63.38003479789916,-20.4545608966052,-20.50244944043356
2007-11-01,46.67106496,26.0434298448981,82.9155522032911,-8.41164715,-15.270938608109862,12.5471847076827,92.96796686868333,3.603687844062776,4.543693271085569
2007-12-01,84.05054526,17.8961755131242,96.76560774345415,37.379480300000004,80.0913378172033,-8.147254331773901,-31.283338562911855,13.850055540163055,16.70380908301219
2008-01-01,82.04292545,25.6440805442499,134.64482218286452,-2.0076198100000084,-2.3885863010045694,7.7479050311257005,43.293635701347235,37.87921443941036,39.14532789360046
2008-02-01,54.38575826,38.7311982665397,99.41459408000448,-27.657167189999996,-33.71060580580504,13.0871177222898,51.03367890187152,-35.23022810286004,-26.16530478610829
2008-03-01,135.9465055,110.838578526416,119.60275977856372,81.56074724,149.9671050830725,72.1073802598763,186.17389465631544,20.188165698559246,20.307044338291714
2008-04-01,91.60267924,29.6748758378392,91.66161896115814,-44.34382626,-32.61858485946886,-81.1637026885768,-73.22694297205659,-27.941140817405582,-23.361618803058292
2008-05-01,67.59962873,35.4082665804148,78.03404971021446,-24.003050509999994,-26.203437180163412,5.733390742575597,19.320689912591995,-13.62756925094368,-14.867257861459326
2008-06-01,62.94436205,50.3768849225652,87.02071734832482,-4.655266680000004,-6.886526993504106,14.968618342150407,42.27436072916917,8.986667638110362,11.516341483599856
2008-07-01,126.0443442,159.889204773597,96.362753792134,63.099982149999995,100.24723437482197,109.51231985103178,217.38604921555637,9.342036443809178,10.73541649445966
2008-08-01,128.4167412,91.7850100192647,90.2485006521332,2.3723969999999923,1.8821923467153834,-68.10419475433228,-42.59461722307505,-6.114253140000798,-6.345037786269547
2008-09-01,103.9330504,121.466206234938,162.48055542344937,-24.48369079999999,-19.065809154795776,29.681196215673296,32.3377381660072,72.23205477131617,80.0368474261282
2008-10-01,150.5302522,126.856981120861,208.55935525706133,46.59720180000001,44.83386335786792,5.390774885922994,4.4380861582984155,46.07879983361195,28.35957798982376
2008-11-01,126.0783957,109.573643059925,143.5350557937066,-24.451856500000005,-16.243815540488416,-17.28333806093599,-13.624270346201573,-65.02429946335474,-31.17783874197759
2008-12-01,125.1415112,56.3148141755386,144.60486321999096,-0.936884500000005,-0.7430967810133748,-53.2588288843864,-48.60551077530529,1.0698074262843704,0.7453283244073461
2009-01-01,133.947781,50.6614712470933,145.30676023297832,8.806269799999995,7.037049269707074,-5.653342928445298,-10.038820177623764,0.7018970129873594,0.48538963168862637
2009-02-01,102.8741879,83.2550393542867,147.44491738946704,-31.073593099999997,-23.198288816744196,32.59356810719339,64.33600782777,2.1381571564887167,1.471478101266932
2009-03-01,116.0514077,120.33516590503,132.28776741479626,13.177219800000003,12.80906325385438,37.0801265507433,44.53799654451078,-15.157149974670773,-10.279872811508351
2009-04-01,81.10388061,56.6164974657682,102.29239178025952,-34.947527089999994,-30.113832983690724,-63.7186684392618,-52.9509956296145,-29.995375634536742,-22.674338089389956
2009-05-01,57.25819516,12.1806641661657,103.91299609212474,-23.845685450000005,-29.401411215655028,-44.4358332996025,-78.48566281668971,1.6206043118652218,1.5842862637785782
2009-06-01,179.8466198,95.0792540873459,116.62711109185172,122.58842464000001,214.0976052378945,82.8985899211802,680.5752854712806,12.714114999726974,12.235346374244838
2009-07-01,134.7848897,39.7976690959679,106.25893991265356,-45.061730100000005,-25.05564472110251,-55.281584991378004,-58.14263639530953,-10.368171179198157,-8.890018008790879
2009-08-01,121.9350516,97.1519710777462,103.04966252756878,-12.849838100000014,-9.533589505916263,57.3543019817783,144.11472652700948,-3.209277385084775,-3.0202422381804706
2009-09-01,190.3161026,207.730873753916,105.98612316655009,68.381051,56.07989671773757,110.5789026761698,113.82054470894745,2.936460638981302,2.8495587146592616
2009-10-01,121.2544527,91.90342385976308,92.06770750862844,-69.06164989999999,-36.28786474529244,-115.82744989415292,-55.75841847724834,-13.918415657921642,-13.13230000502027
2009-11-01,123.0599435,261.77983336973,104.98010791148248,1.8054908000000012,1.4890098959640108,169.87640950996692,184.84230769158728,12.912400402854033,14.024896190278113
2009-12-01,103.5806473,46.6908852339561,102.3738053721924,-19.479296200000007,-15.829111931942341,-215.0889481357739,-82.1640633531876,-2.606302539290084,-2.482663231292992
2010-01-01,119.1620388,132.249663735423,117.67233394351534,15.58139150000001,15.04276320543907,85.55877850146692,183.24514104359707,15.298528571322947,14.94379203322891
2010-02-01,106.0494584,41.2579849238919,114.12997789513584,-13.112580399999999,-11.00399131472396,-90.99167881153112,-68.80295665141946,-3.542356048379503,-3.010355900716555
2010-03-01,143.9223773,260.806197564884,114.16618394477352,37.87291889999999,35.71250572270719,219.54821264099206,532.1350837807275,0.036206049637684146,0.03172352286877622
2010-04-01,95.04216108,122.361764092612,108.80332595303652,-48.880216219999994,-33.96290218171652,-138.44443347227195,-53.083260583878356,-5.362857991737002,-4.697413723078647
2010-05-01,106.9251537,79.7860414917732,147.35271747551585,11.882992619999996,12.502864502415623,-42.5757226008388,-34.79495650995559,38.549391522479326,35.430342946610516
2010-06-01,138.4905103,138.071622102672,138.05363589359015,31.565356600000015,29.520983143557554,58.28558061089879,73.05235291928685,-9.299081581925691,-6.310763548334853
2010-07-01,127.5013123,35.154777712233,148.44795299764223,-10.989198000000016,-7.934982675849101,-102.916844390439,-74.5387378109519,10.394317104052078,7.529187505111334
2010-08-01,95.15978271,27.6399861208272,123.34952702944828,-32.34152958999999,-25.365644483645045,-7.5147915914058,-21.376302398836778,-25.09842596819395,-16.90722267392436
2010-09-01,82.11461538,138.036259371317,133.26876057141027,-13.045167329999998,-13.708698105958506,110.39627325048978,399.40784618304974,9.919233541961987,8.041565931253135
2010-10-01,97.89968256,64.5783384902413,126.83336865932203,15.785067179999999,19.223212709396243,-73.4579208810757,-53.216394891920515,-6.435391912088235,-4.82888254118633
2010-11-01,93.28746339,118.718841426591,131.48753550780663,-4.612219170000003,-4.7111686671438395,54.140502936349705,83.83694006703364,4.654166848484593,3.6695129189431297
2010-12-01,125.7659377,85.7538214696291,134.76192624958907,32.478474309999996,34.8154758739871,-32.965019956961896,-27.76730261248851,3.2743907417824403,2.4902670273168503
2011-01-01,155.0462553,144.001761550957,114.31861704313935,29.280317600000018,23.28159606287421,58.24794008132791,67.92459984066974,-20.44330920644971,-15.169944342133546
2011-02-01,59.00743678,15.1304160831979,96.57907686329663,-96.03881852,-61.9420432529466,-128.8713454677591,-89.49289514222797,-17.73954017984272,-15.517630145183192
2011-03-01,120.7701324,68.7284080028132,130.36071276295712,61.762695619999995,104.6693416802234,53.597991919615296,354.24003956596454,33.781635899660486,34.97821370510395
2011-04-01,135.1717412,150.538505317609,118.82751569774082,14.40160880000002,11.92480997892822,81.81009731479581,119.03388961293437,-11.5331970652163,-8.847141765930521
2011-05-01,74.12288335,11.8071170678249,93.95926547927444,-61.04885785000002,-45.16392058579179,-138.73138824978412,-92.15674618071037,-24.868250218466386,-20.928023339075153
2011-06-01,102.6547133,76.0876060288508,124.5244222598764,28.531829950000002,38.49260668298058,64.2804889610259,544.4215433096202,30.565156780601967,32.53022107473163
2011-07-01,99.84159509,0.0,153.82885984326128,-2.813118209999999,-2.7403692627136267,-76.0876060288508,-100.0,29.304437583384882,23.533084556078453
2011-08-01,140.2647613,23.6338228823407,216.75711838429405,40.423166210000005,40.48730008125514,23.6338228823407,inf,62.92825854103276,40.907966557869166
2011-09-01,142.514988,140.196285222963,194.41022780761008,2.2502266999999847,1.6042708654294024,116.56246234062232,493.201895101441,-22.34689057668396,-10.309645534715317
2011-10-01,157.7215381,194.998922556005,166.33759690386063,15.206550100000015,10.670140953876395,54.802637333041986,39.08993540441239,-28.072630903749456,-14.43989404278172
2011-11-01,161.8502214,236.587868924102,191.7761114204524,4.128683300000006,2.617704182787195,41.588946368097,21.327782647697635,25.438514516591766,15.293304093658788
2011-12-01,159.6143965,97.6441633285664,178.07909760261643,-2.2358249000000114,-1.3814160281402033,-138.9437055955356,-58.728161434223445,-13.697013817835966,-7.142189773473118
2012-01-01,120.4490894,61.1316516262336,154.60602395879903,-39.16530709999999,-24.537452735348964,-36.51251170233281,-37.393440076362296,-23.4730736438174,-13.181262685976524
2012-02-01,139.152505,63.0626708669357,141.12412244454077,18.703415599999985,15.528067246642042,1.9310192407020992,3.1587879426333565,-13.481901514258254,-8.72016572772808
2012-03-01,136.7797916,119.841736516578,132.41014631139356,-2.3727133999999808,-1.705117274029655,56.7790656496423,90.0359354735355,-8.713976133147213,-6.174689331777172
2012-04-01,126.3162952,105.726738424355,129.83842375850955,-10.463496400000011,-7.6498847363355775,-14.11499809222299,-11.77803201330484,-2.5717225528840117,-1.942239793947509
2012-05-01,133.1500448,52.8098752471101,159.69718380001015,6.83374959999999,5.4100301067094625,-52.916863177244906,-50.05059643933467,29.858760041500602,22.996859617639707
2012-06-01,139.038172,174.331238612348,183.18487261203407,5.888127200000014,4.422174403954848,121.52136336523789,230.1110593361757,23.48768881202392,14.707641207648159
2012-07-01,120.4032902,79.2368260895702,152.0852124452586,-18.634881800000002,-13.402709149542048,-95.09441252277779,-54.54811959102446,-31.099660166775465,-16.97719889384164
2012-08-01,78.76684521,61.6461260154029,116.96839694186473,-41.63644499,-34.58081994340716,-17.5907000741673,-22.20015735395885,-35.11681550339388,-23.090223525863042
2012-09-01,120.4692178,187.200907839486,153.5869384600671,41.702372589999996,52.944068635499434,125.55478182408311,203.67018974186956,36.61854151820238,31.306354943380477
2012-10-01,113.1046342,74.6958542226465,151.12166580863942,-7.364583599999989,-6.11324928848338,-112.5050536168395,-60.09856197562146,-2.465272651427682,-1.605131709861285
2012-11-01,122.3191181,184.33783973060696,165.75635341180524,9.21448389999999,8.146866806276254,109.64198550796046,146.78456609003993,14.634687603165816,9.684043333466995
2012-12-01,142.077437,90.076029462475,170.16380835460885,19.758318900000006,16.153091362093463,-94.26181026813195,-51.135355825959024,4.407454942803611,2.6589960819503045
2013-01-01,130.1575789,115.410639302797,167.12465300401243,-11.919858099999999,-8.389691109081587,25.33460984032199,28.125806600829574,-3.039155350596417,-1.7860174733883682
2013-02-01,84.2713502,29.6622316342131,122.75716917827998,-45.886228700000004,-35.25436558347046,-85.7484076685839,-74.29852930942543,-44.36748382573245,-26.547539832239618
2013-03-01,90.5134379,51.4524970040595,145.56859862171575,6.242087699999999,7.407129095695919,21.790265369846402,73.46131484157452,22.81142944343577,18.582563931811414
2013-04-01,119.6711113,65.2049460290596,136.20573390160476,29.157673400000007,32.21364040134422,13.752449025000097,26.728438512741292,-9.362864720110991,-6.431926121952958
2013-05-01,71.52192778,33.535866285033,107.75691938636902,-48.14918352000001,-40.234592122484955,-31.669079744026597,-48.568523820129805,-28.44881451523574,-20.886649702858474
2013-06-01,102.7161109,121.990483628802,127.51606137664947,31.194183120000005,43.614852239375715,88.454617343769,263.76124174626176,19.759141990280455,18.336773269689388
2013-07-01,76.2399961,7.35747050571812,107.95890058768816,-26.476114800000005,-25.776009788548183,-114.63301312308387,-93.96881602002189,-19.557160788961312,-15.337017610036208
2013-08-01,100.9112249,37.9155615850841,119.31401795530486,24.671228799999994,32.35995548535973,30.55809107936598,415.3341974747526,11.3551173676167,10.518000188778931
2013-09-01,100.9327663,85.2805375261438,138.6233897021561,0.02154140000000382,0.021346881896788794,47.364975941059704,124.92225872685738,19.309371746851227,16.18365727494362
2013-10-01,153.1258459,88.5259930044236,168.48061820680076,52.193079600000004,51.710739250787775,3.245455478279794,3.8056226806554294,29.857228504644667,21.53837715900282
2013-11-01,120.5846365,83.2398527363411,103.8391664619896,-32.5412094,-21.251284659841996,-5.286140268082491,-5.971286046820556,-64.64145174481115,-38.36729258998047
2013-12-01,124.1559747,57.3732166701049,122.64177002804904,3.5713381999999996,2.9616859192505895,-25.866636066236204,-31.074821994421033,18.80260356605943,18.107429216452875
2014-01-01,103.5485547,38.9890867759841,115.25755875656073,-20.607420000000005,-16.598009116994994,-18.384129894120804,-32.0430524225777,-7.3842112714883115,-6.020959473921073
2014-02-01,70.57914407,23.9925177005981,101.1472733626594,-32.96941063,-31.839566206905257,-14.996569075385999,-38.463504317375694,-14.110285393901322,-12.24239481221715
2014-03-01,99.97414417,99.8940441892206,114.65237885062528,29.395000100000004,41.648280787942404,75.9015264886225,316.35498798331764,13.505105487965878,13.351922438426866
2014-04-01,129.5463889,67.9162592921578,110.45015023216152,29.57224473000001,29.57989285681124,-31.97778489706279,-32.01170315668676,-4.202228618463764,-3.6651909542484318
2014-05-01,77.43149688,15.7121518898972,106.8390735707878,-52.11489202000001,-40.228749301710565,-52.204107402260604,-76.86540446477231,-3.6110766613737155,-3.2694176094676064
2014-06-01,105.8055156,31.9386143119033,91.14821140825859,28.37401872000001,36.64402712499908,16.2264624220061,103.27332968592033,-15.690862162529214,-14.686445359462052
2014-07-01,94.60066506,45.0265306096041,94.17998564529094,-11.20485054000001,-10.590043889923638,13.0879162977008,40.97834730676786,3.0317742370323515,3.3262026650779264
2014-08-01,77.59931977,19.6620251235189,96.85071970344435,-17.001345290000003,-17.971697428571975,-25.3645054860852,-56.33235593033895,2.670734058153414,2.835776667255163
2014-09-01,107.9098285,66.014217533724,121.73330987420928,30.31050873000001,39.060276326955766,46.35219241020509,235.74475222677097,24.882590170764928,25.691693615654177
2014-10-01,99.81389864,47.868355726684,112.59083773760791,-8.095929859999998,-7.502495344990745,-18.145861807039992,-27.487808664504744,-9.14247213660137,-7.510246904523143
2014-11-01,120.1338512,108.439566680161,119.36406517732428,20.31995255999999,20.357838774826554,60.57121095347699,126.53706197748474,6.773227439716365,6.01578918481922
2014-12-01,58.89923617,18.7495582776885,111.29673945685164,-61.23461502999999,-50.97199034105384,-89.6900084024725,-82.70967060114717,-8.067325720472638,-6.758588280725874
2015-01-01,98.03493372,22.8472922892235,129.05862693182343,39.135697549999996,66.44516991195472,4.097734011535,21.855096268647568,17.761887474971786,15.959036681265815
2015-02-01,95.11193973,30.4349580364604,115.6155952498228,-2.922993989999995,-2.981584093633838,7.587665747236901,33.21035005454811,-13.443031682000623,-10.416220907961504
2015-03-01,116.265651,44.0916981666797,111.3781448434738,21.153711270000002,22.240857804025783,13.656740130219298,44.8718874981159,-4.237450406348998,-3.665120087988727
2015-04-01,63.93907057,12.0264134591227,100.9781420239994,-52.32658043000001,-45.00605293131675,-32.065284707557,-72.72408648526239,-10.400002819474409,-9.337561542338612
2015-05-01,68.25076576,8.01956009003472,104.46210434787857,4.311695189999995,6.743443643397318,-4.006853369087981,-33.31710973273218,3.483962323879169,3.450214327622647
2015-06-01,95.53624936,36.9904248738424,119.21169438298864,27.285483600000006,39.97828199605537,28.97086478380768,361.25254326365746,14.749590035110074,14.119560511619756
2015-07-01,133.6395202,29.9853232518057,123.09581595749547,38.10327083999999,39.88357413573891,-7.005101622036701,-18.937607896983966,3.8841215745068354,3.258171603557969
2015-08-01,60.20590772,16.021098696721,119.81714603791028,-73.43361248,-54.94902433808648,-13.964224555084698,-46.570198486166994,-3.278669919585198,-2.6635104484114325
2015-09-01,96.43061547,30.6934552725697,153.68748113179885,36.22470775000001,60.16802855704873,14.6723565758487,91.58146300447956,33.87033509388857,28.26835408278876
2015-10-01,87.33976499,56.2200084047458,115.96898203730356,-9.09085048,-9.427348810013768,25.526553132176097,83.16611116438497,-37.718499094495286,-24.542336706103452
2015-11-01,96.07801009,197.352439429378,105.33145877804628,8.7382451,10.004887351140091,141.13243102463218,251.03594792902692,-10.637523259257279,-9.172731425576819
2015-12-01,94.53806507,46.7315265120104,112.56950499373438,-1.5399450200000047,-1.6028069467274308,-150.6209129173676,-76.32077584288835,7.238046215688101,6.871685154327989
2016-01-01,127.4782714,52.0982527800464,144.52665766496807,32.940206329999995,34.843326130706885,5.366726268036004,11.484166404572104,31.957152671233686,28.388818688518192
2016-02-01,108.0552358,91.5540350657399,147.48300213264932,-19.42303559999999,-15.23634999650615,39.455782285693495,75.73340789809563,2.956344467681248,2.045535761668571
2016-03-01,155.2279389,181.27565286292096,159.28977291016236,47.17270309999999,43.65610120671264,89.72161779718107,97.99854013289193,11.806770777513037,8.00551291117182
2016-04-01,165.2380053,46.7318647050767,142.29600124441353,10.0100664,6.448624178698026,-134.54378815784426,-74.22055087540359,-16.993771665748824,-10.668463740816003
2016-05-01,117.5464314,105.05106284532,125.81350028030027,-47.691573899999995,-28.862351499228613,58.3191981402433,124.79535860230251,-16.482500964113257,-11.583249578322462
2016-06-01,131.4570154,58.6006340789938,231.05573344420367,13.910583999999986,11.834118513273717,-46.450428766326205,-44.21700029320128,105.24223316390339,83.64939607389819
2016-07-01,112.3994755,105.096735765667,204.92285871568367,-19.057539899999995,-14.497164599402579,46.49610168667321,79.34402488545831,-26.132874728519994,-11.310203966364973
2016-08-01,116.325771,140.741978209367,134.74163051003325,3.926295500000009,3.4931617630190814,35.6452424437,33.91660281740605,-70.18122820565043,-34.247632814366526
2016-09-01,147.5645526,113.830866555356,135.50843354811593,31.23878160000001,26.854566560319636,-26.91111165401101,-19.120884896173752,0.7668030380826849,0.5690914049207629
2016-10-01,106.809263,50.3976308155757,126.43607709971928,-40.75528960000001,-27.618617670650536,-63.433235739780294,-55.72586562796013,-9.072356448396647,-6.695049312318457
2016-11-01,133.0970927,86.9773570592298,228.72571947461648,26.28782969999999,24.611938105031193,36.5797262436541,72.58223383062068,102.2896423748972,80.90225884991833
2016-12-01,130.5673617,108.03811438987,184.98364258927208,-2.529730999999998,-1.9006658587967795,21.0607573306402,24.214069089611744,-43.7420768853444,-19.124249334888987
2017-01-01,306.037496,452.190015984582,247.29754147936168,175.47013429999998,134.39050312065854,344.15190159471194,318.5467494858284,62.313898890089604,33.68616706745693
2017-02-01,176.3995805,286.766643321024,186.2873276929412,-129.63791549999996,-42.360141222695134,-165.42337266355798,-36.582712314727075,-61.01021378642048,-24.670772471675427
2017-03-01,349.0531329,641.314699653358,236.0218168331868,172.65355239999997,97.87639625367474,354.54805633233406,123.63643561410713,49.734489140245586,26.69773073465487
2017-04-01,174.1927712,173.027357959416,176.40003710496936,-174.86036169999997,-50.09562877927115,-468.28734169394204,-73.01989833494534,-59.62177972821743,-25.261130741297677
2017-05-01,130.7553519,112.125895953821,144.09811272073168,-43.437419300000016,-24.936407521829473,-60.90146200559501,-35.19759113462253,-32.30192438423768,-18.31174466534605
2017-06-01,227.6597283,264.217691853079,171.71627059966727,96.90437640000002,74.11121226923945,152.091795899258,135.64377310474015,27.61815787893559,19.166217625945436
2017-07-01,228.2414925,268.379458949745,164.9591009516385,0.5817641999999807,0.2555411114403938,4.16176709666604,1.575128095124012,-6.757169648028764,-3.93507826860634
2017-08-01,164.6848328,183.08553051875,140.6259306511348,-63.55665969999998,-27.8462338305994,-85.29392843099501,-31.781094113825826,-24.333170300503696,-14.75103232263464
2017-09-01,206.3844492,389.50966496452,157.6540748050436,41.6996164,25.32086027050331,206.42413444577002,112.74737761137814,17.028144153908784,12.108822373700235
2017-10-01,142.533602,167.609419237677,144.50923773473738,-63.850847200000004,-30.937818933307504,-221.90024572684302,-56.96912443675966,-13.14483707030621,-8.337771850528586
2017-11-01,206.0377588,249.214770948098,159.9080579036383,63.504156800000004,44.55381461558798,81.60535171042099,48.68780769098737,15.398820168900926,10.655941730982722
2017-12-01,167.6842327,297.173206493192,148.16699621114816,-38.35352610000001,-18.61480455008716,47.958435545094034,19.24381743611896,-11.741061692490149,-7.342382770707778
2018-01-01,265.0796087,280.22698657809,177.71403301677506,97.395376,58.08260826421756,-16.946219915102006,-5.702472344353238,29.547036805626902,19.941712770852394
2018-02-01,149.602152,110.036362797742,125.99200449060848,-115.4774567,-43.56331189197202,-170.190623780348,-60.73313132991976,-51.72202852616658,-29.104076728304484
2018-03-01,254.1363255,543.394243133432,181.69013912297527,104.53417350000001,69.87477927456554,433.35788033569,393.831520160518,55.69813463236679,44.20767401674173
2018-04-01,241.739357,502.91551461802896,165.0225491320811,-12.396968499999986,-4.878078124254603,-40.47872851540308,-7.449237644106477,-16.667589990894157,-9.173634888139336
2018-05-01,210.7990925,208.253058174833,171.49932503519423,-30.940264500000012,-12.79901828315031,-294.662456443196,-58.59084635060346,6.476775903113122,3.9247823628813405
2018-06-01,203.0892821,444.080336776254,164.91752705189032,-7.709810400000009,-3.6574210583947386,235.827278601421,113.24072773204551,-6.581797983303915,-3.8377981848927045
2018-07-01,395.6720601,632.792318870777,227.49118600017687,192.58277800000002,94.8266575215788,188.71198209452297,42.49500967875637,62.57365894828655,37.942394642261476
2018-08-01,269.4765344,500.029802378832,172.16646480818656,-126.19552570000002,-31.893969381640453,-132.76251649194495,-20.980424782788255,-55.32472119199031,-24.319500972643084
2018-09-01,314.0877032,833.2340412615019,193.32195627597463,44.61116880000003,16.55475082434488,333.2042388826699,66.63687590169438,21.155491467788067,12.28781196811919
2018-10-01,343.3703494,663.709182103075,213.5853498685752,29.282646199999988,9.323079478012497,-169.52485915842692,-20.34540726417865,20.26339359260058,10.481682465324216
2018-11-01,438.2358972,1071.72661353643,247.1332789240581,94.8655478,27.6277634238852,408.017431433355,61.47533323864567,33.54792905548288,15.7070365903494
2018-12-01,248.4691029,363.661362540013,220.39056724138817,-189.76679430000002,-43.302430383377555,-708.065250996417,-66.0677118635674,-26.74271168266992,-10.821169774908268
2019-01-01,288.099468498562,437.152397816621,243.99054678658453,39.63036559856198,15.94981634980659,73.49103527660799,20.20864541762308,23.599979545196362,10.708253007647063
2019-02-01,239.986444362618,439.769340623521,173.7976955053763,-48.11302413594399,-16.700143317405715,2.616942806899999,0.5986339821010711,-70.19285128120822,-28.768676576066298
2019-03-01,411.150064266454,905.432579578503,240.87607356546928,171.16361990383604,71.32220336795727,465.66323895498203,105.88806356867622,67.07837806009297,38.59566599260111
2019-04-01,319.414764482013,392.079576863161,191.28384853645807,-91.735299784441,-22.311877768548783,-513.353002715342,-56.696988190365104,-49.59222502901122,-20.58827358605719
2019-05-01,365.101499996138,513.877752922892,223.547913900888,45.68673551412496,14.303263528914822,121.79817605973102,31.064657086752455,32.26406536442994,16.86711429704455
2019-06-01,649.072535816154,1425.16015372533,320.43106652011454,283.97103582001597,77.77865492829248,911.282400802438,177.3344721812032,96.88315261922654,43.33887573747637
2019-07-01,375.902337503833,597.986741163263,249.3960504666888,-273.17019831232096,-42.08623585788182,-827.173412562067,-58.04073390628122,-71.03501605342575,-22.16857960274169
2019-08-01,395.985799059666,665.861534795228,290.65585871241694,20.083461555833026,5.342733883805195,67.87479363196496,11.350551602520188,41.25980824572815,16.543889996862294
2019-09-01,347.394796595017,646.710979226442,237.37555726286607,-48.59100246464902,-12.27089521392848,-19.15055556878599,-2.8760567427393635,-53.280301449550876,-18.331060548918053
2019-10-01,234.095232475743,487.749633121624,202.25403568557496,-113.29956411927401,-32.61406481322615,-158.96134610481795,-24.57996712765852,-35.121521577291105,-14.795761611798163
2019-11-01,396.179000284422,879.764359872893,242.60260664166728,162.083767808679,69.23838904983859,392.014726751269,80.37212129558225,40.34857095609232,19.94945159898731
2019-12-01,337.921465033862,859.850899308929,232.0985303230217,-58.25753525056001,-14.704851899958394,-19.91346056396401,-2.2634993496259748,-10.504076318645588,-4.3297458605465415
2020-01-01,250.321903500956,350.253877709659,191.721791492481,-87.59956153290597,-25.923053311848033,-509.59702159927,-59.265742701303026,-40.37673883054069,-17.396378501124765
2020-02-01,195.706169373674,132.591407552874,196.49325687323852,-54.615734127282025,-21.818200230757444,-217.662470156785,-62.14419996720639,4.771465380757519,2.488744416382449
2020-03-01,219.402508980348,105.863318160456,318.4648591140121,23.696339606674,12.108120905186738,-26.728089392417985,-20.158236408916252,121.97160224077356,62.07419235737932
2020-04-01,328.805400300115,193.073250121015,328.13263909267255,109.40289131976704,49.86401104901053,87.209931960559,82.37974538864894,9.667779978660462,3.0357446675770783
2020-05-01,501.33444442373,547.3128535679912,415.7433513381408,172.529044123615,52.47147521486575,354.23960344697616,183.47420122929762,87.61071224546828,26.699785942575783
2020-06-01,421.641110933879,473.93222316211296,309.59230354743727,-79.693333489851,-15.896241396590305,-73.38063040587821,-13.407437798601297,-106.15104779070356,-25.532831120218358
2020-07-01,324.662566170534,340.790099241169,313.1465900918374,-96.97854476334504,-23.000258335471713,-133.14212392094396,-28.093072682969154,3.5542865444001563,1.1480539095040987
2020-08-01,451.631087851069,624.157416763738,289.35592920994884,126.96852168053505,39.107841466959535,283.36731752256895,83.15010270355204,-23.790660881888584,-7.597292014232515
2020-09-01,493.402039705619,629.94012392214,309.3344640447869,41.77095185454999,9.248909780170944,5.7827071584019905,0.9264821666920886,19.978534834838058,6.904484345417439
2020-10-01,396.79674987595,389.318413139614,306.5552708878756,-96.605289829669,-19.579426523511557,-240.62171078252595,-38.19755269506639,-2.779193156911276,-0.8984427795633132
2020-11-01,661.82804828749,1287.59765744266,397.37945265644953,265.03129841154,66.79270898624958,898.279244303046,230.73125081831483,90.82418176857391,29.627343058078882
2020-12-01,439.123635430217,591.80073747837,302.48026692951555,-222.70441285727298,-33.6498903957804,-695.7969199642899,-54.03838038554956,-94.89918572693398,-23.8812513059094
2021-01-01,378.35705309334,465.83861553811,271.75653651100254,-60.76658233687698,-13.838148856948429,-125.96212194026003,-21.284549674097676,-30.723730418513014,-10.157267689026572
2021-02-01,237.408613576867,171.963213544486,195.1068145269577,-140.94843951647303,-37.25275856869021,-293.875401993624,-63.085238576487704,-76.64972198404485,-28.205291018249913
2021-03-01,302.30058172503,327.36392061074093,212.04868951840004,64.89196814816299,27.3334514575869,155.40070706625494,90.36857585012132,16.941874991442347,8.68338455144093
2021-04-01,289.630033571675,226.63929863273,193.92232765436128,-12.670548153354957,-4.191374055932173,-100.72462197801093,-30.768394327052217,-18.126361864038756,-8.548207444812284
2021-05-01,216.860559066636,235.056357876466,173.12515293203327,-72.76947450503903,-25.124975337556176,8.417059243735991,3.7138569058916326,-20.79717472232801,-10.72448694994833
2021-06-01,219.762804790051,146.556149334336,170.97337846011976,2.9022457234150068,1.3383003972258667,-88.50020854213,-37.65063380614505,-2.1517744719135123,-1.2429011241123722
2021-07-01,227.924511338185,120.193354216639,189.07865457809663,8.161706548133992,3.713870759854565,-26.362795117697004,-17.988187624632534,18.10527611797687,10.589529364771844
2021-08-01,294.827804953211,315.5212,201.28162501514728,66.903293615026,29.35326842305155,195.32784578336103,162.51135269201163,12.202970437050652,6.453912243177284
2021-09-01,274.950023143039,236.324312700026,211.94786926470647,-19.877781810171996,-6.74216660580117,-79.19688729997401,-25.10033788536998,10.666244249559185,5.299164416402391
2021-10-01,248.473635337268,249.413314308698,187.23984337845152,-26.476387805770997,-9.629527396692383,13.089001608671992,5.538575976008975,-24.708025886254944,-11.65759579087654
2021-11-01,329.069390994896,520.640198349835,229.32187991367329,80.59575565762802,32.43634100182524,271.22688404113705,108.74595239347985,42.08203653522176,22.474936838184068
2021-12-01,344.003352178407,318.90369755737,258.40928353024697,14.933961183510974,4.538240745625166,-201.73650079246505,-38.74777657043526,29.08740361657368,12.684094351364749
2022-01-01,319.071530807706,415.045,221.70366663726656,-24.931821370701016,-7.247551866230328,96.14130244263004,30.14744049034881,-36.7056168929804,-14.204449774995787
2022-02-01,167.081875584505,184.29812846617097,175.82258801196468,-151.98965522320097,-47.634978538652575,-230.74687153382905,-55.59562734976426,-45.88107862530188,-20.694776645425872
2022-03-01,359.005178984309,333.617778911458,298.1883650247702,191.92330339980398,114.86781718746921,149.31965044528704,81.02070904789225,122.3657770128055,69.59616417685682
2022-04-01,337.153789726457,241.71837093676297,269.5029595473497,-21.85138925785202,-6.086650147965433,-91.89940797469504,-27.546316108976043,-28.68540547742049,-9.619894282272757
2022-05-01,386.750242902272,286.764888708868,275.87421047554955,49.59645317581504,14.71033536833566,45.046517772105034,18.635951250842187,6.371250928199856,2.3640745685690634
2022-06-01,328.094950109791,251.3389,248.01935491968652,-58.65529279248102,-15.16619417025231,-35.425988708868005,-12.353670237793125,-27.854855555863026,-10.096940742611304
2022-07-01,359.977442421623,131.232582483753,292.80632953196897,31.88249231183198,9.717459016410679,-120.106317516247,-47.7866010857241,44.78697461228245,18.057854648797612
2022-08-01,260.880966957428,96.6339235587654,235.83155122180185,-99.09647546419501,-27.528523675694217,-34.59865892498759,-26.364381672722935,-56.974778310167125,-19.458178517260006
2022-09-01,242.556936393941,255.616215963594,248.85490514799463,-18.324030563486986,-7.02390472451645,158.98229240482857,164.52016698685287,13.023353926192783,5.522311946268887
2022-10-01,259.049214802676,125.066674644907,265.08245600682665,16.49227840873499,6.799343137295244,-130.54954131868698,-51.07248021278919,16.227550858832018,6.520888486880128
2022-11-01,448.588845798041,504.942560268471,311.3488667193289,189.53963099536503,73.1674215417877,379.87588562356405,303.7386951417065,46.26641071250225,17.453592142405206
2022-12-01,310.496979941266,235.113449963813,239.85428870142027,-138.09186585677503,-30.78361558703252,-269.829110304658,-53.43758509110296,-71.49457801790862,-22.962851534114847
2023-01-01,275.41359579382,113.607047299042,217.19917934501004,-35.083384147446,-11.299106404861782,-121.506402664771,-51.679902907924834,-22.655109356410236,-9.445363465904988
2023-02-01,364.287677422576,293.370160739795,242.14083289899528,88.87408162875602,32.26931530834407,179.763113440753,158.2323612086949,24.941653553985248,11.48330929665562
2023-03-01,516.976889834461,319.616290046738,313.6530364287744,152.68921241188497,41.914459882968956,26.246129306943033,8.946420876873717,71.5122035297791,29.53331029451325
2023-04-01,392.605046550195,207.812522576232,255.3793500633219,-124.37184328426594,-24.057524761714312,-111.80376747050602,-34.98062237508507,-58.27368636545248,-18.579028288376065
2023-05-01,233.991581001473,120.911432121281,211.34613104174463,-158.61346554872202,-40.40026152043949,-86.901090454951,-41.81706154068412,-44.03321902157728,-17.242278598743066
2023-06-01,290.407627065338,244.256087246523,221.45846707536063,56.41604606386497,24.110288849883798,123.34465512524201,102.01240111151803,10.112336033616003,4.784727301972058
2023-07-01,233.748247068568,173.958764643842,191.73126185560224,-56.659379996769985,-19.51029336568435,-70.29732260268102,-28.780172234451328,-29.72720521975839,-13.423377129058899
2023-08-01,227.150058523315,269.175636894382,175.50515471617388,-6.598188545252981,-2.8227756263419,95.21687225054004,54.73531181109743,-16.226107139428365,-8.462942861998513
2023-09-01,249.484819266559,99.2202832304126,200.6384782055877,22.334760743243976,9.832601800079011,-169.95535366396942,-63.13920369050925,25.13332348941381,14.32056142741751
2023-10-01,160.979522290178,219.90034883576,190.44380861220512,-88.50529697638098,-35.47522339698696,120.68006560534741,121.62842281461765,-10.19466959338257,-5.08111389428324
2023-11-01,229.345970653544,350.382442001969,207.97210385954008,68.36644836336598,42.46903419189565,130.482093166209,59.33691958972924,17.528295247334967,9.203919715251697
2023-12-01,312.794116000289,240.850654334453,223.02369978288257,83.44814534674504,36.3852676848655,-109.53178766751603,-31.260638244795523,15.05159592334249,7.23731483406449
2024-01-01,356.97471648219,249.564017361718,239.6974681015976,44.18060048190097,14.124498582914558,8.71336302726499,3.6177452169863455,16.67376831871502,7.476231600026018
2024-02-01,170.818001770421,100.024597653399,167.97191002157467,-186.15671471176898,-52.14843128002222,-149.53941970831897,-59.920264663626014,-71.72555808002292,-29.923369090249007
2024-03-01,242.846612100357,281.98114132909893,179.48343979338063,72.02861032993599,42.166873270618325,181.95654367569995,181.91179764222403,11.511529771805954,6.853246932970758
2024-04-01,166.740435130865,105.036771122407,171.2627344483271,-76.106176969492,-31.33919650402244,-176.94437020669193,-62.75042698695263,-8.220705345053517,-4.5802026941967995
2024-05-01,206.280442270518,220.986055547571,184.1644205149855,39.540007139653,23.713508429206342,115.949284425164,110.38923149116972,12.901686066658385,7.5332710926386826
2024-06-01,124.295466936886,104.167570021531,173.4343793636483,-81.984975333632,-39.74442483796703,-116.81848552603999,-52.86237868565098,-10.73004115133719,-5.82633774826451
2024-07-01,278.561630309805,202.913537430979,229.01164085374728,154.26616337291904,124.1124613589097,98.745967409448,94.79530662857702,55.57726149009898,32.04512374883151
2024-08-01,207.982325897929,140.037651388573,191.118520250742,-70.57930441187602,-25.337051744484896,-62.875886042405995,-30.98654078897679,-37.893120603005286,-16.546373128344516
2024-09-01,223.656415028356,156.326000308643,202.1776237145468,15.674089130427006,7.536260142661999,16.28834892006998,11.631406809925338,11.059103463804803,5.7865158485402635
2024-10-01,228.078182581377,102.011087338685,204.92841907731767,4.421767553020999,1.9770358710526459,-54.31491296995799,-34.74464443708729,2.750795362770873,1.3605834870503264
2024-11-01,233.826349569436,264.5292569,282.5926597399031,5.748166988058983,2.5202616589633964,162.518169561315,159.31422142550215,77.66424066258546,37.89822856793885
2024-12-01,364.407874729867,489.806229539936,327.5750370944677,130.581525160431,55.845513305442985,225.276972639936,85.16145823714972,44.98237735456456,15.917744429726554
2025-01-01,256.9,281.9,309.1073681757701,-107.50787472986701,-29.50207231651123,-207.90622953993602,-42.446628278945674,-18.467668918697598,-5.637691163069858
2025-02-01,241.6,343.007753186791,327.7075661569745,-15.299999999999983,-5.9556247567146725,61.107753186791,21.677102939620795,18.600197981204417,6.017390685629875
2025-03-01,426.836801735043,708.122523206397,468.84279693223056,185.23680173504303,76.67086164529925,365.114770019606,106.44504872774006,141.13523077525605,43.067431255966525
2025-04-01,524.835928224473,1197.68156427917,623.3520453984211,97.99912648943001,22.959390120784985,489.5590410727731,69.13479306604134,154.5092484661905,32.955448921725505
2025-05-01,494.110627612975,734.218426895229,511.6903036177236,-30.725300611498028,-5.854267773824507,-463.4631373839411,-38.696691274769556,-111.66174178069747,-17.91311067397362
2025-06-01,342.74215775988,557.641215630624,368.5934566761253,-151.368469853095,-30.63453028410842,-176.577211264605,-24.049683962753786,-143.0968469415983,-27.965518582213335
2025-07-01,345.484294091692,390.690129718238,406.8875697805016,2.7421363318119916,0.8000580814844227,-166.95108591238596,-29.93879957807364,38.29411310437632,10.38925472245278
2025-08-01,301.270330304645,507.53587065710894,343.339059719265,-44.21396378704702,-12.79767692574545,116.84574093887096,29.907523136849925,-63.54851006123664,-15.618198927904913
2025-09-01,221.757773058414,400.576249393242,308.47823098184006,-79.51255724623098,-26.39242874193014,-106.95962126386695,-21.074297886647074,-34.860828737424924,-10.153470090449158
2025-10-01,522.430955690378,685.656946660522,404.87305248366016,300.67318263196404,135.586310452695,285.08069726727996,71.16764853110871,96.3948215018201,31.248500484137832
2025-11-01,454.235919403133,756.666737540229,371.0953517257944,-68.19503628724505,-13.053406492179853,71.009790879707,10.356460504857235,-33.77770075786577,-8.342788079043363
2025-12-01,420.053392197524,515.549604590217,,-34.182527205609006,-7.52528053055006,-241.11713295001198,-31.865697405152915,,
2026-01-01,375.822355663948,372.00163500071,,-44.231036533576,-10.52986057371893,-143.54796958950698,-27.84367756495626,,
2026-02-01,337.587588657991,323.893608668365,,-38.234767005956996,-10.173627627448989,-48.10802633234499,-12.932208303937475,,
2026-03-01,570.774152397999,515.576753358667,,233.18656374000807,69.07438886215948,191.68314469030202,59.18089754175006,,
2026-04-01,330.639710838559,223.058584555143,,-240.13444155944006,-42.07170919540783,-292.518168803524,-56.736105128469646,,
2026-05-01,267.232197457287,104.51372005667,,-63.407513381272,-19.17722260900231,-118.544864498473,-53.14517024076568,,
