月份,SHFE铜仓单库存,SHFE铝仓单库存,SHFE仓单取数日,SHFE铜仓单库存_变化率,SHFE铝仓单库存_变化率
2016-01-01,346829.0,787932.0,2016-01-29,,
2016-02-01,528661.0,854144.0,2016-02-29,52.426988515954555,8.403263225760593
2016-03-01,709704.0,902076.0,2016-03-31,34.24557514172599,5.6117001348718665
2016-04-01,599243.0,674568.0,2016-04-29,-15.564376134275692,-25.22049139983771
2016-05-01,387319.0,299944.0,2016-05-31,-35.36528586900472,-55.535394504334626
2016-06-01,267268.0,106552.0,2016-06-30,-30.995381068318363,-64.47603552663163
2016-07-01,284540.0,56956.0,2016-07-29,6.462427226604017,-46.54628725880321
2016-08-01,190368.0,28120.0,2016-08-31,-33.09622548675054,-50.628555376079774
2016-09-01,96684.0,10684.0,2016-09-30,-49.21205244578921,-62.005689900426745
2016-10-01,72600.0,9396.0,2016-10-31,-24.91001613503786,-12.05540995881692
2016-11-01,145488.0,19808.0,2016-11-30,100.39669421487605,110.81311196253725
2016-12-01,184206.0,120332.0,2016-12-30,26.612504124051473,507.49192245557356
2017-01-01,307598.0,168784.0,2017-01-26,66.98587451005939,40.26526609713128
2017-02-01,572449.0,575840.0,2017-02-28,86.10296555894381,241.16977912598352
2017-03-01,631347.0,1108136.0,2017-03-31,10.288776816799405,92.43817727146431
2017-04-01,370876.0,1306392.0,2017-04-28,-41.2563930770242,17.890944793779816
2017-05-01,246984.0,1286028.0,2017-05-31,-33.40523517294191,-1.558797053258132
2017-06-01,225068.0,1308420.0,2017-06-30,-8.873449292261848,1.7411751532625974
2017-07-01,226012.0,1485744.0,2017-07-31,0.419428794853105,13.552529004448122
2017-08-01,257804.0,1726176.0,2017-08-31,14.066509742845511,16.182599424934587
2017-09-01,86720.0,2032216.0,2017-09-29,-66.36204248188547,17.729362475205313
2017-10-01,104088.0,2404992.0,2017-10-31,20.027675276752777,18.343325709471834
2017-11-01,131880.0,2626644.0,2017-11-30,26.700484205672126,9.216330033530262
2017-12-01,169216.0,2837712.0,2017-12-29,28.31058538064908,8.035653099544504
2018-01-01,197724.0,3008196.0,2018-01-30,16.847106656580934,6.007797831492412
2018-02-01,312612.0,3085212.0,2018-02-26,58.10523760393276,2.560205518523384
2018-03-01,547804.0,3289352.0,2018-03-30,75.23447596381456,6.616725203973006
2018-04-01,580820.0,3501724.0,2018-04-27,6.026973150981019,6.4563476332116565
2018-05-01,561824.0,3219804.0,2018-05-31,-3.2705485348300645,-8.050891503727875
2018-06-01,571316.0,3058740.0,2018-06-29,1.6894970666970544,-5.002292064982838
2018-07-01,370560.0,2906236.0,2018-07-31,-35.13922242681809,-4.98584384419728
2018-08-01,175784.0,2871292.0,2018-08-31,-52.5626079447323,-1.2023799856584305
2018-09-01,146188.0,2627724.0,2018-09-28,-16.836572156737816,-8.482871125611746
2018-10-01,225664.0,2475716.0,2018-10-31,54.36561140449285,-5.784778005604851
2018-11-01,204590.0,2212920.0,2018-11-30,-9.338662790697672,-10.614949372222016
2018-12-01,144249.0,2068616.0,2018-12-28,-29.493621389119706,-6.520976808922152
2019-01-01,165456.0,1993228.0,2019-01-31,14.701661709959858,-3.644368988734492
2019-02-01,490274.0,2153676.0,2019-02-28,196.31684556619282,8.049656135675388
2019-03-01,742874.0,1998524.0,2019-03-29,51.522210029493706,-7.204054834617645
2019-04-01,479974.0,1533036.0,2019-04-30,-35.38958154411112,-23.291589192824304
2019-05-01,335542.0,991704.0,2019-05-31,-30.09162996328968,-35.311108154015955
2019-06-01,252356.0,678612.0,2019-06-28,-24.791531313516636,-31.57111396142397
2019-07-01,254080.0,585848.0,2019-07-31,0.6831618824200802,-13.669666908336431
2019-08-01,298328.0,568080.0,2019-08-30,17.41498740554157,-3.0328685939014943
2019-09-01,171192.0,405476.0,2019-09-30,-42.616180847925776,-28.623433319250815
2019-10-01,278856.0,268168.0,2019-10-31,62.890789289219114,-33.86340991821958
2019-11-01,238376.0,268132.0,2019-11-29,-14.516452936282532,-0.013424420512520019
2019-12-01,230716.0,153708.0,2019-12-31,-3.213410746048262,-42.674503602703155
2020-01-01,290540.0,306608.0,2020-01-23,25.92971445413408,99.47432794649596
2020-02-01,683216.0,837600.0,2020-02-28,135.15385144902595,173.1826958200699
2020-03-01,893477.0,1223708.0,2020-03-31,30.77518676377602,46.09694364851957
2020-04-01,347219.0,854936.0,2020-04-30,-61.13845124161003,-30.13562058922553
2020-05-01,217271.0,448660.0,2020-05-29,-37.42537130744573,-47.52121796251415
2020-06-01,147027.0,359308.0,2020-06-30,-32.33013149476921,-19.915303347746626
2020-07-01,248519.0,408664.0,2020-07-31,69.0294979833636,13.736404421833083
2020-08-01,232443.0,515372.0,2020-08-31,-6.468720701435304,26.111426501967383
2020-09-01,224607.0,424392.0,2020-09-30,-3.371149055897571,-17.653267930737403
2020-10-01,233659.0,387552.0,2020-10-30,4.030150440547264,-8.680653735225919
2020-11-01,122612.0,347908.0,2020-11-30,-47.52523977248897,-10.229336966394186
2020-12-01,133732.0,259412.0,2020-12-31,9.069259126349793,-25.43660967842073
2021-01-01,79240.0,317280.0,2021-01-29,-40.74716597373852,22.3073720568054
2021-02-01,261604.0,435760.0,2021-02-26,230.14134275618378,37.34241048915785
2021-03-01,459653.0,627676.0,2021-03-31,75.70564670264982,44.041674316137325
2021-04-01,536948.0,563477.0,2021-04-30,16.815945941830023,-10.22804759143252
2021-05-01,601324.0,514681.0,2021-05-31,11.989242906203202,-8.659803328263616
2021-06-01,398472.0,279121.0,2021-06-30,-33.73422647358163,-45.768155420542044
2021-07-01,187060.0,358722.0,2021-07-30,-53.05567266959786,28.5184561534245
2021-08-01,99912.0,298910.0,2021-08-31,-46.588260451192134,-16.67363585171804
2021-09-01,40328.0,394798.0,2021-09-30,-59.63648010249018,32.07922117025193
2021-10-01,47540.0,538082.0,2021-10-29,17.8833564768895,36.29299033936342
2021-11-01,47144.0,863209.0,2021-11-30,-0.8329827513672727,60.42331837898314
2021-12-01,27920.0,923851.0,2021-12-31,-40.777193280162905,7.025181618819998
2022-01-01,60496.0,570902.0,2022-01-28,116.67621776504298,-38.20410434150096
2022-02-01,281416.0,700124.0,2022-02-28,365.1811690029093,22.634707883314476
2022-03-01,165015.0,700268.0,2022-03-31,-41.36260909116752,0.02056778513519486
2022-04-01,71403.0,634206.0,2022-04-29,-56.729388237432964,-9.433816767294811
2022-05-01,31627.0,560176.0,2022-05-31,-55.706342870747726,-11.672863391390177
2022-06-01,60274.0,380473.0,2022-06-30,90.57767097732949,-32.079739224815064
2022-07-01,30541.0,251548.0,2022-07-29,-49.329727577396554,-33.885453107053586
2022-08-01,14561.0,380878.0,2022-08-31,-52.32310664352837,51.41364669963586
2022-09-01,14916.0,304123.0,2022-09-30,2.4380193668017247,-20.15212220185991
2022-10-01,106496.0,287143.0,2022-10-31,613.9715741485653,-5.583267296455707
2022-11-01,125732.0,127279.0,2022-11-30,18.062650240384627,-55.67400215223773
2022-12-01,119988.0,130263.0,2022-12-30,-4.5684471733528405,2.3444558803887627
2023-01-01,410608.0,573192.0,2023-01-31,242.2075540887422,340.0267151838972
2023-02-01,561422.0,806925.0,2023-02-28,36.72943537388458,40.7774358330193
2023-03-01,283192.0,819422.0,2023-03-31,-49.55808643052819,1.54871890200452
2023-04-01,248655.0,560214.0,2023-04-28,-12.195612870420069,-31.633029135170887
2023-05-01,169616.0,282783.0,2023-05-31,-31.78661197241157,-49.5223253970804
2023-06-01,74420.0,167508.0,2023-06-30,-56.12442222431846,-40.764473111891455
2023-07-01,50960.0,158822.0,2023-07-31,-31.52378392905133,-5.185423979750226
2023-08-01,29140.0,104655.0,2023-08-31,-42.81789638932496,-34.10547657125586
2023-09-01,9632.0,131288.0,2023-09-28,-66.94577899794098,25.44837800391764
2023-10-01,6924.0,158686.0,2023-10-31,-28.114617940199338,20.86862470294315
2023-11-01,6120.0,167050.0,2023-11-30,-11.611785095320625,5.270786332757771
2023-12-01,23908.0,156868.0,2023-12-29,290.65359477124184,-6.095181083507928
2024-01-01,72916.0,99516.0,2024-01-31,204.98577881880541,-36.56067521738022
2024-02-01,527456.0,227172.0,2024-02-29,623.3748422842723,128.27686000241164
2024-03-01,884908.0,404124.0,2024-03-29,67.76906509737306,77.89340235592415
2024-04-01,805424.0,502213.0,2024-04-30,-8.982176678253563,24.272005622036797
2024-05-01,974096.0,586515.0,2024-05-31,20.942013150837326,16.78610470059516
2024-06-01,998492.0,614908.0,2024-06-28,2.504475944876061,4.840967409188179
2024-07-01,826780.0,601255.0,2024-07-31,-17.197133276981692,-2.2203321472480386
2024-08-01,540160.0,781517.0,2024-08-30,-34.66702145673577,29.980956499322243
2024-09-01,208528.0,734678.0,2024-09-30,-61.39514218009479,-5.993343714852017
2024-10-01,203792.0,647560.0,2024-10-31,-2.271157830123538,-11.857984041988468
2024-11-01,84804.0,418172.0,2024-11-29,-58.38698280599828,-35.42343566619309
2024-12-01,71744.0,266078.0,2024-12-31,-15.400216970897596,-36.3711582793683
2025-01-01,101780.0,255408.0,2025-01-27,41.86552185548618,-4.010102300829077
2025-02-01,630228.0,480122.0,2025-02-28,519.2061308705049,87.98236547014973
2025-03-01,549840.0,575973.0,2025-03-31,-12.755383765875205,19.96388417943773
2025-04-01,112664.0,271032.0,2025-04-30,-79.50967554197584,-52.94362756587548
2025-05-01,136512.0,201899.0,2025-05-30,21.167364908045162,-25.507320168836156
2025-06-01,103404.0,112648.0,2025-06-30,-24.252812939521796,-44.20576624946136
2025-07-01,78488.0,194854.0,2025-07-31,-24.095779660361305,72.97599602300973
2025-08-01,85648.0,232594.0,2025-08-29,9.122413617368252,19.3683475833188
2025-09-01,107292.0,231807.0,2025-09-30,25.270876144218192,-0.33835782522334545
2025-10-01,158840.0,252695.0,2025-10-31,48.04458859933638,9.010944449477364
2025-11-01,,,,0.0,0.0
2025-12-01,,,,0.0,0.0
2026-01-01,,,,0.0,0.0
2026-02-01,,,,0.0,0.0
2026-03-01,,,,0.0,0.0
2026-04-01,,,,0.0,0.0
2026-05-01,,,,0.0,0.0
