月份,SHFE铜主连成交量,SHFE铜主连持仓量,SHFE铜主连收盘价,SHFE铜主连成交量_变化率,SHFE铜主连持仓量_变化率,SHFE铝主连成交量,SHFE铝主连持仓量,SHFE铝主连收盘价,SHFE铝主连成交量_变化率,SHFE铝主连持仓量_变化率
2016-01-01,11122290,224774,35680.0,,,4279358,213990,10755.0,,
2016-02-01,4494980,259370,35880.0,-59.58584068568613,15.39145986635464,2494352,225128,11300.0,-41.71200446422103,5.2049161175755865
2016-03-01,11732592,335806,36860.0,161.01544389518975,29.469869298685268,3930002,223770,11750.0,57.55603058429604,-0.60321239472656
2016-04-01,7796352,265734,37660.0,-33.5496197259736,-20.86681000339482,4197820,284564,12680.0,6.814703911092157,27.168074362068182
2016-05-01,7611848,321466,35750.0,-2.3665427112577797,20.972852551799924,4436924,197334,12260.0,5.6959088288683235,-30.65391265233831
2016-06-01,5826924,248882,37530.0,-23.44928590271377,-22.57905968282804,3770832,164724,12530.0,-15.012472604894745,-16.525282009182398
2016-07-01,8697484,189826,37470.0,49.2637281694424,-23.728513914224415,3734038,150804,12260.0,-0.9757528312054231,-8.45049901653675
2016-08-01,5186318,196118,36270.0,-40.369904675880974,3.3146144363785712,2726748,160826,12215.0,-26.97589044353592,6.6457123153232045
2016-09-01,3149858,174124,37710.0,-39.266007213595465,-11.214676878205976,2561388,172868,12270.0,-6.064366784169273,7.487595289318882
2016-10-01,2889046,141922,38390.0,-8.280119294266598,-18.493717121132068,3470208,204846,14100.0,35.481543600579066,18.498507531758346
2016-11-01,11061596,228600,46100.0,282.8805771870714,61.074392976423674,7530824,235782,13145.0,117.01361993286858,15.102076681995257
2016-12-01,6173898,187358,45500.0,-44.186191576694725,-18.041119860017496,5946130,200226,12795.0,-21.042770352885686,-15.080031554571594
2017-01-01,4806034,159580,48040.0,-22.155597646737924,-14.826161679778815,4638758,233714,13835.0,-21.9869394042848,16.72510063628101
2017-02-01,5322860,188590,47740.0,10.753690048801158,18.17896979571374,5014614,249886,13770.0,8.102513646971875,6.919568361330519
2017-03-01,6387160,194190,47750.0,19.994889965169094,2.9694045283419124,6562318,268522,13995.0,30.86387107761435,7.457800757145261
2017-04-01,6181436,196602,46330.0,-3.220899429480395,1.2420824965240218,6016890,281130,14015.0,-8.31151431552083,4.695332226037352
2017-05-01,4572180,174426,45230.0,-26.033691847654815,-11.279641102328563,4238638,221712,13715.0,-29.554337872223023,-21.13541777825205
2017-06-01,4441654,171202,47460.0,-2.8547869943877924,-1.8483482966988873,3634840,189936,13945.0,-14.245094768649736,-14.332106516562026
2017-07-01,4382398,183196,50710.0,-1.3340976131864357,7.005759278513102,3625242,238398,14545.0,-0.2640556393128768,25.51491028556987
2017-08-01,6519828,183476,52820.0,48.77306899099534,0.15284176510403924,11644370,416252,16560.0,221.20255696033536,74.60381379038414
2017-09-01,4788218,161508,51880.0,-26.55913622261201,-11.97322810612832,10912404,404826,16445.0,-6.286007744515166,-2.744971795931306
2017-10-01,4512078,161186,53820.0,-5.767072426526942,-0.1993709289942247,5588720,408206,16365.0,-48.7856204737288,0.8349266104449748
2017-11-01,4971730,156818,52840.0,10.18714658744817,-2.709912771580658,6784884,266654,14565.0,21.40318355544739,-34.67660935900011
2017-12-01,4016204,220460,55580.0,-19.219185273536578,40.58335140098712,6066550,308960,15225.0,-10.587270172931474,15.865503611421538
2018-01-01,4381566,190878,53220.0,9.09719725392435,-13.418307175904932,4892748,270498,14440.0,-19.34875670685975,-12.448860693940967
2018-02-01,2983786,220582,52590.0,-31.90137955242487,15.561772441035625,3150054,270558,14325.0,-35.61789816275026,0.0221813100281798
2018-03-01,5662528,268974,50180.0,89.77661266592176,21.938326790037266,5692510,315660,13770.0,80.71150526308438,16.669993125318783
2018-04-01,4045916,196638,51560.0,-28.54929812267595,-26.893305672667246,5998614,244626,14560.0,5.377311590142142,-22.503326363809162
2018-05-01,4046056,175082,51380.0,0.003460279452172088,-10.962275857158843,3611826,243288,14590.0,-39.78899125698037,-0.5469573961884633
2018-06-01,4418232,171598,51660.0,9.19848860223389,-1.989924720987879,3405132,229646,14165.0,-5.722700927453317,-5.6073460261089725
2018-07-01,6680162,172196,49830.0,51.19536502383759,0.3484889101271538,3846832,266008,14540.0,12.97159698948529,15.833935709744562
2018-08-01,5259226,159152,48580.0,-21.270981152852286,-7.575088852238143,4999776,244496,14890.0,29.971259467530675,-8.086974827824722
2018-09-01,3815558,170146,50170.0,-27.450198945624315,6.907861666834214,3938732,214542,14310.0,-21.22183073801707,-12.251325175053985
2018-10-01,3082418,163934,49060.0,-19.21448972863209,-3.6509820977278284,3004634,222356,13960.0,-23.715703429428558,3.6421772892953452
2018-11-01,4548990,171166,49650.0,47.57862171840419,4.411531469981811,3390062,238006,13555.0,12.827785347566456,7.038262965694653
2018-12-01,3762250,150454,48340.0,-17.294828082717263,-12.100533984553008,2849870,209052,13590.0,-15.934575827816722,-12.165239531776507
2019-01-01,4189708,172048,48090.0,11.361764901322346,14.352559586318737,3210034,227312,13510.0,12.637909799394365,8.734668886210128
2019-02-01,2455454,232392,50160.0,-41.393194943418486,35.07393285594718,1775686,312740,13680.0,-44.68326503706814,37.5818258604913
2019-03-01,3539140,206552,48800.0,44.13383431332862,-11.119143516127927,3518586,258548,13720.0,98.15361499724614,-17.328131994628126
2019-04-01,2372034,178342,48940.0,-32.97710743287917,-13.657577752817696,2711698,288402,14175.0,-22.932166500975104,11.54679208502869
2019-05-01,2557833,236888,46180.0,7.832897842105124,32.82793733388658,2297157,239812,14155.0,-15.287137431970665,-16.84801076275476
2019-06-01,2660768,222140,47010.0,4.024304948759361,-6.225726925804597,2169140,244078,13830.0,-5.572845042807262,1.7788934665488032
2019-07-01,3478824,229580,46720.0,30.74510817929259,3.3492392185108466,2635172,238002,13895.0,21.484643683671866,-2.489368152803617
2019-08-01,2937630,208136,46690.0,-15.556808852646753,-9.340534889798768,3465248,298120,14260.0,31.499879324765146,25.25945160124705
2019-09-01,2464606,189614,47250.0,-16.102232071431732,-8.898989122496825,2677078,189664,14015.0,-22.744981023003263,-36.379981215617875
2019-10-01,2177766,214220,47330.0,-11.6383714070322,12.976889892096576,1694980,228138,13840.0,-36.68544584804776,20.285346718407293
2019-11-01,2309536,210438,47320.0,6.050695988457888,-1.7654747455886466,2161304,201954,13885.0,27.512065039115498,-11.477263761407574
2019-12-01,3585948,239454,49150.0,55.26703199257339,13.788384227183293,2873172,238360,14110.0,32.93696768247318,18.026877407726506
2020-01-01,1146785,114727,48020.0,-68.0200326385101,-52.08808372380499,1069250,117858,14100.0,-62.78503340558797,-50.55462325893607
2020-02-01,1130676,128432,44390.0,-1.4047096883897159,11.945749474840284,836281,131339,13110.0,-21.788075754033198,11.43834105448931
2020-03-01,2198317,110825,39150.0,94.42501653877858,-13.709200199327265,1784032,121127,11590.0,113.32925177063689,-7.775299035320815
2020-04-01,1733819,112411,42940.0,-21.129709682452535,1.4310850439882783,1995276,106592,12660.0,11.840818998762348,-11.999801860856785
2020-05-01,1546735,102888,43940.0,-10.790284337638479,-8.471590858545873,1896897,151432,13215.0,-4.930596067912408,42.06694686280397
2020-06-01,2366893,124357,48790.0,53.02511419215315,20.86637897519632,1918893,165170,13830.0,1.1595779844662202,9.072058745839717
2020-07-01,3619240,118759,51820.0,52.91101034140537,-4.501556004085017,2721454,128926,14685.0,41.82416632923254,-21.94345220076285
2020-08-01,2683518,117479,51980.0,-25.854101966158638,-1.0778130499583205,2263174,118362,14540.0,-16.839527693652002,-8.193847633526207
2020-09-01,3045148,103500,50930.0,13.475966995563283,-11.899147932822041,2591424,101113,14145.0,14.503966553168258,-14.573089336104495
2020-10-01,1780134,116208,50940.0,-41.541954611073095,12.278260869565226,1498248,106264,14370.0,-42.18437430540119,5.094300436145693
2020-11-01,2874917,156167,57680.0,61.50003314357233,34.385756574418295,2916167,162297,16485.0,94.63847106754022,52.7299932244222
2020-12-01,3506137,105758,57750.0,21.95611212428046,-32.2789065551621,4310515,112085,15460.0,47.81440843408489,-30.93834143576283
2021-01-01,2737453,122149,57550.0,-21.923957905809154,15.498591123130169,3315541,164633,15005.0,-23.082485503472327,46.88227684346702
2021-02-01,3265286,140997,67950.0,19.281901826259663,15.430335082563108,3481404,216438,17465.0,5.002592337117839,31.466959844016685
2021-03-01,4421089,142081,65600.0,35.39668500707136,0.7688106839152553,7229128,201819,17155.0,107.6497872697337,-6.754359216034156
2021-04-01,3490168,162470,71890.0,-21.056373214834622,14.350264989688988,5523083,274732,18990.0,-23.59959596786777,36.127916598536316
2021-05-01,3577631,140188,73950.0,2.5059825200391517,-13.71453191358405,6878150,210172,18825.0,24.534612280858358,-23.499264737999216
2021-06-01,2725660,121002,68390.0,-23.813830995985896,-13.685907495648697,5190810,212234,18800.0,-24.531887208042857,0.9811011933083424
2021-07-01,2530876,136097,71820.0,-7.146305848858625,12.47500041321632,4928471,288737,20085.0,-5.053912587823484,36.04653354316463
2021-08-01,2513800,132113,70100.0,-0.6747070974634894,-2.927323893987377,5672924,337296,21385.0,15.105151273082473,16.8177268586984
2021-09-01,2277547,119551,67950.0,-9.398241705784072,-9.508526791458827,8129174,242075,22565.0,43.29777730144102,-28.230693515487882
2021-10-01,2763901,150947,70540.0,21.35429038346959,26.26159546971585,9871374,223012,19870.0,21.43145170714762,-7.87483218010947
2021-11-01,2774790,155294,69450.0,0.3939721429964349,2.879818744327478,9132070,203468,18905.0,-7.4893728066629865,-8.763653973777197
2021-12-01,2087674,133670,70380.0,-24.76281087938186,-13.924556003451515,6843269,207785,20380.0,-25.063331752822748,2.1217095562938715
2022-01-01,1654739,129300,70290.0,-20.73767264429216,-3.2692451559811486,5266441,203307,21950.0,-23.042028597735964,-2.1551122554563595
2022-02-01,1312205,133553,70990.0,-20.700182929150756,3.2892498066511955,4788532,219170,22855.0,-9.07461034881052,7.802485895714373
2022-03-01,1990869,155903,73320.0,51.71935787472233,16.734929204136193,7056508,199522,22730.0,47.36265728202296,-8.964730574439928
2022-04-01,1274463,149754,73600.0,-35.984587634846896,-3.944119099696608,4543007,193581,20890.0,-35.6196152544573,-2.9776165034432256
2022-05-01,1398341,140486,72120.0,9.720015410412074,-6.188816325440394,4607574,182704,20795.0,1.4212392805029728,-5.618836559373075
2022-06-01,2019260,139765,63850.0,44.40397585424443,-0.5132183989863703,5521671,181861,19060.0,19.83900855417624,-0.46140204921621963
2022-07-01,3548890,157641,60100.0,75.75200816140566,12.790040424999116,6062556,180533,18750.0,9.795675982868236,-0.7302280312986298
2022-08-01,3074607,159941,62060.0,-13.364263192153036,1.4590112978222658,5594388,165690,18410.0,-7.72228743124187,-8.221765549788685
2022-09-01,2443336,142520,61320.0,-20.531762270755248,-10.892141477169703,5021861,160841,18270.0,-10.233952310780015,-2.9265495805419706
2022-10-01,1640114,190869,62060.0,-32.87398867777498,33.92436149312377,3357840,192400,17535.0,-33.13554477115157,19.62124085276764
2022-11-01,2479134,147320,64680.0,51.15620011779669,-22.81617234857415,4917471,199944,18795.0,46.447448359659774,3.920997920997915
2022-12-01,1448656,99641,66260.0,-41.56604685345769,-32.36424110779256,3645253,136749,18700.0,-25.871387955312798,-31.606349777937826
2023-01-01,1223277,175820,69240.0,-15.557799781314541,76.45346794994028,2604111,195165,18925.0,-28.56158406563276,42.71767983678125
2023-02-01,1454762,150661,69050.0,18.923350966297914,-14.309521101126155,2966249,215358,18460.0,13.906396463130788,10.346629774805937
2023-03-01,1957313,172624,69200.0,34.54523832764398,14.577760667989725,3624694,219903,18715.0,22.197900445984132,2.110439361435379
2023-04-01,1580727,176108,67410.0,-19.23994782643348,2.018259338214845,3285711,212237,18470.0,-9.352044613972932,-3.486082500011367
2023-05-01,2448234,196697,64920.0,54.880254465192294,11.69112135734891,4576030,248400,18015.0,39.270617531487105,17.038970584770794
2023-06-01,1741287,184924,67300.0,-28.875793735402745,-5.985348022593129,4032599,229908,18010.0,-11.87559959178589,-7.444444444444443
2023-07-01,1558707,197823,69530.0,-10.485347906462295,6.975297960243121,3730658,235617,18380.0,-7.487503716585753,2.4831671799154353
2023-08-01,1844189,159215,69430.0,18.31530877836567,-19.5164364103264,4031283,288549,18980.0,8.058229942278272,22.465272030456205
2023-09-01,1417349,152183,67240.0,-23.145133172359234,-4.416669283673025,4077443,262674,19445.0,1.145044890175173,-8.967281120364301
2023-10-01,1257230,157289,67310.0,-11.297076443416543,3.3551710769271104,2943818,209137,19215.0,-27.80235063984954,-20.381537571286078
2023-11-01,1340509,162935,68220.0,6.624006744986999,3.5895707900743146,3207682,176406,18600.0,8.963325857780614,-15.650506605717784
2023-12-01,1295430,144501,68920.0,-3.3628271052264513,-11.313714057753089,2887450,210510,19505.0,-9.98328387913765,19.332675759327913
2024-01-01,1120127,153178,69350.0,-13.532417807214593,6.00480273492916,2930159,171096,19010.0,1.4791251796567817,-18.723101040330626
2024-02-01,767227,150856,68990.0,-31.505356089086323,-1.5158834819621658,1900436,200350,18925.0,-35.14222265754179,17.098003460045817
2024-03-01,2059355,178865,72530.0,168.41534513253572,18.566712626610805,2913370,260121,19710.0,53.300084822640706,29.833291739455948
2024-04-01,3092884,198340,82180.0,50.18702457808391,10.888099963659737,5106829,212955,20575.0,75.28940711272512,-18.13233072300967
2024-05-01,3189787,191999,82500.0,3.133095195293456,-3.197035393768277,4857119,225542,21535.0,-4.889727069381022,5.910638397783563
2024-06-01,2148850,195709,78370.0,-32.633432890660096,1.932301730738173,3148872,191680,20320.0,-35.16996392305809,-15.013611655478798
2024-07-01,2483488,182993,74470.0,15.572887823719661,-6.497401754645926,3471476,206742,19135.0,10.245065534578735,7.857888146911529
2024-08-01,2545078,168270,74220.0,2.4799797703874527,-8.04566294885597,3299775,183723,19850.0,-4.9460517658771135,-11.134167222915515
2024-09-01,2068209,170549,78830.0,-18.736911010193,1.3543709514470814,2846201,163427,20460.0,-13.745603866930322,-11.047065419136414
2024-10-01,1553108,158178,76540.0,-24.905655086115573,-7.253633853027575,2811125,198152,20710.0,-1.2323795824680017,21.24801899318962
2024-11-01,1803746,161189,73830.0,16.13783458716329,1.9035516949259756,3612540,170438,20390.0,28.50869313886788,-13.98623279098874
2024-12-01,1296192,153745,73770.0,-28.138884299674128,-4.618181141393018,2687049,159521,19780.0,-25.618844358816784,-6.405261737405976
2025-01-01,1103418,153002,75540.0,-14.872333728336539,-0.48326774854466903,2299746,162606,20240.0,-14.413693237451197,1.9339146570044097
2025-02-01,1314208,163990,76840.0,19.10336789865672,7.181605469209562,2218385,197846,20640.0,-3.537825481596668,21.672017022742086
2025-03-01,2287385,203722,79950.0,74.05045472254011,24.228306604061235,3348911,201164,20480.0,50.96166806032316,1.6770619572799017
2025-04-01,2667642,168554,77220.0,16.62409257733175,-17.26274040113488,3310320,183869,19910.0,-1.1523447472924775,-8.597462766697817
2025-05-01,1689891,172994,77600.0,-36.652256937025285,2.634170651541945,3011975,195664,20070.0,-9.012572802629348,6.4148932120150715
2025-06-01,1618279,212911,79870.0,-4.237669766866626,23.07421066626589,3000194,272406,20580.0,-0.3911387046705239,39.22131817810124
2025-07-01,1924919,176193,78040.0,18.948524945327726,-17.245703603853258,3119915,248613,20510.0,3.9904419514204648,-8.734389110372021
2025-08-01,1170314,173666,79410.0,-39.20190927514352,-1.434222698972154,2465960,236608,20740.0,-20.96066719766404,-4.82879012762808
2025-09-01,2069068,213859,83110.0,76.79597099581821,23.143850840118386,2770480,190531,20680.0,12.348943210757678,-19.473982282932113
2025-10-01,3016093,258319,87010.0,45.770607829225526,20.789398622456858,2561461,266936,21300.0,-7.544504923334583,40.101085912528674
2025-11-01,2031291,218257,87430.0,-32.6515793776916,-15.5087314521967,4233490,260670,21610.0,65.27637937879985,-2.347379147061468
2025-12-01,4984741,208246,98240.0,145.39768058835486,-4.586794467073219,5975058,256373,22925.0,41.13787914935432,-1.6484443932942017
2026-01-01,5865455,222932,103680.0,17.668199812186835,7.052236297455883,12289334,284899,24560.0,105.67723359338102,11.126756717751096
2026-02-01,2600699,203798,103920.0,-55.660745841541704,-8.582886261281464,4781703,258690,23835.0,-61.090625415502586,-9.199400489296206
2026-03-01,3076020,185747,95340.0,18.27666331244022,-8.857299875366786,8745464,258839,24875.0,82.89433701758557,0.057597897096917094
2026-04-01,2042613,190887,101030.0,-33.59558780502078,2.767204853914196,5090167,294026,24430.0,-41.79649015764058,13.594164712427425
2026-05-01,2017232,179433,105000.0,-1.2425750741819397,-6.000408618711594,4035750,297144,24270.0,-20.71478204939052,1.0604504363559641
